ISO-10303-21;
HEADER;
/* Generated by software containing ST-Developer
 * from STEP Tools, Inc. (www.steptools.com) 
 */
/* OPTION: using custom renumber hook */

FILE_DESCRIPTION(
/* description */ ('STEP AP242 Edition 2',
'CAx-IF Rec.Pracs.---Representation and Presentation of Product Manufa
cturing Information (PMI)---4.0---2014-10-13',
'CAx-IF Rec.Pracs.---3D Tessellated Geometry---0.4---2014-09-14','2;1',
'CAx-IF Rec.Pracs.---User Defined Attributes---1.5---2016-08-15'),
/* implementation_level */ '2;1');

FILE_NAME(
/* name */ '6a6ebf45dc9f8c4b82285718',
/* time_stamp */ '2026-08-02T03:53:42Z',
/* author */ (''),
/* organization */ (''),
/* preprocessor_version */ 'ST-DEVELOPER v20',
/* originating_system */ 'ONSHAPE BY PTC INC, 1.218',
/* authorisation */ '  ');

FILE_SCHEMA (('AP242_MANAGED_MODEL_BASED_3D_ENGINEERING_MIM_LF { 1 0 10303 442 3 1 4 }'));
ENDSEC;

DATA;
#10=TOROIDAL_SURFACE('',#2476,0.003,0.002);
#11=TOROIDAL_SURFACE('',#2483,0.003,0.002);
#12=TOROIDAL_SURFACE('',#2485,0.003,0.002);
#13=TOROIDAL_SURFACE('',#2491,0.003,0.002);
#14=(
BOUNDED_SURFACE()
B_SPLINE_SURFACE(3,2,((#3871,#3872,#3873,#3874,#3875,#3876,#3877,#3878,
#3879,#3880,#3881,#3882,#3883,#3884,#3885,#3886,#3887,#3888,#3889,#3890,
#3891,#3892,#3893,#3894,#3895,#3896,#3897,#3898,#3899,#3900,#3901,#3902,
#3903,#3904,#3905,#3906,#3907,#3908,#3909,#3910,#3911,#3912,#3913,#3914,
#3915,#3916,#3917,#3918,#3919,#3920,#3921,#3922,#3923,#3924,#3925,#3926,
#3927,#3928,#3929,#3930,#3931,#3932,#3933,#3934,#3935,#3936,#3937,#3938,
#3939,#3940,#3941,#3942,#3943,#3944,#3945,#3946,#3947,#3948,#3949,#3950,
#3951,#3952,#3953,#3954,#3955,#3956,#3957,#3958,#3959,#3960,#3961,#3962,
#3963,#3964,#3965,#3966,#3967,#3968,#3969,#3970,#3971,#3972,#3973,#3974,
#3975,#3976,#3977,#3978,#3979,#3980,#3981,#3982,#3983,#3984,#3985,#3986,
#3987,#3988,#3989,#3990,#3991,#3992,#3993,#3994,#3995,#3996,#3997,#3998,
#3999,#4000,#4001,#4002,#4003,#4004,#4005,#4006,#4007,#4008,#4009,#4010,
#4011,#4012,#4013,#4014,#4015,#4016,#4017,#4018,#4019,#4020,#4021,#4022,
#4023,#4024,#4025,#4026,#4027,#4028,#4029,#4030,#4031,#4032,#4033,#4034,
#4035,#4036,#4037,#4038,#4039,#4040,#4041,#4042,#4043,#4044,#4045,#4046,
#4047,#4048,#4049,#4050,#4051,#4052,#4053,#4054,#4055,#4056,#4057,#4058,
#4059,#4060,#4061,#4062,#4063,#4064,#4065,#4066,#4067,#4068,#4069,#4070,
#4071,#4072,#4073,#4074,#4075,#4076,#4077),(#4078,#4079,#4080,#4081,#4082,
#4083,#4084,#4085,#4086,#4087,#4088,#4089,#4090,#4091,#4092,#4093,#4094,
#4095,#4096,#4097,#4098,#4099,#4100,#4101,#4102,#4103,#4104,#4105,#4106,
#4107,#4108,#4109,#4110,#4111,#4112,#4113,#4114,#4115,#4116,#4117,#4118,
#4119,#4120,#4121,#4122,#4123,#4124,#4125,#4126,#4127,#4128,#4129,#4130,
#4131,#4132,#4133,#4134,#4135,#4136,#4137,#4138,#4139,#4140,#4141,#4142,
#4143,#4144,#4145,#4146,#4147,#4148,#4149,#4150,#4151,#4152,#4153,#4154,
#4155,#4156,#4157,#4158,#4159,#4160,#4161,#4162,#4163,#4164,#4165,#4166,
#4167,#4168,#4169,#4170,#4171,#4172,#4173,#4174,#4175,#4176,#4177,#4178,
#4179,#4180,#4181,#4182,#4183,#4184,#4185,#4186,#4187,#4188,#4189,#4190,
#4191,#4192,#4193,#4194,#4195,#4196,#4197,#4198,#4199,#4200,#4201,#4202,
#4203,#4204,#4205,#4206,#4207,#4208,#4209,#4210,#4211,#4212,#4213,#4214,
#4215,#4216,#4217,#4218,#4219,#4220,#4221,#4222,#4223,#4224,#4225,#4226,
#4227,#4228,#4229,#4230,#4231,#4232,#4233,#4234,#4235,#4236,#4237,#4238,
#4239,#4240,#4241,#4242,#4243,#4244,#4245,#4246,#4247,#4248,#4249,#4250,
#4251,#4252,#4253,#4254,#4255,#4256,#4257,#4258,#4259,#4260,#4261,#4262,
#4263,#4264,#4265,#4266,#4267,#4268,#4269,#4270,#4271,#4272,#4273,#4274,
#4275,#4276,#4277,#4278,#4279,#4280,#4281,#4282,#4283,#4284),(#4285,#4286,
#4287,#4288,#4289,#4290,#4291,#4292,#4293,#4294,#4295,#4296,#4297,#4298,
#4299,#4300,#4301,#4302,#4303,#4304,#4305,#4306,#4307,#4308,#4309,#4310,
#4311,#4312,#4313,#4314,#4315,#4316,#4317,#4318,#4319,#4320,#4321,#4322,
#4323,#4324,#4325,#4326,#4327,#4328,#4329,#4330,#4331,#4332,#4333,#4334,
#4335,#4336,#4337,#4338,#4339,#4340,#4341,#4342,#4343,#4344,#4345,#4346,
#4347,#4348,#4349,#4350,#4351,#4352,#4353,#4354,#4355,#4356,#4357,#4358,
#4359,#4360,#4361,#4362,#4363,#4364,#4365,#4366,#4367,#4368,#4369,#4370,
#4371,#4372,#4373,#4374,#4375,#4376,#4377,#4378,#4379,#4380,#4381,#4382,
#4383,#4384,#4385,#4386,#4387,#4388,#4389,#4390,#4391,#4392,#4393,#4394,
#4395,#4396,#4397,#4398,#4399,#4400,#4401,#4402,#4403,#4404,#4405,#4406,
#4407,#4408,#4409,#4410,#4411,#4412,#4413,#4414,#4415,#4416,#4417,#4418,
#4419,#4420,#4421,#4422,#4423,#4424,#4425,#4426,#4427,#4428,#4429,#4430,
#4431,#4432,#4433,#4434,#4435,#4436,#4437,#4438,#4439,#4440,#4441,#4442,
#4443,#4444,#4445,#4446,#4447,#4448,#4449,#4450,#4451,#4452,#4453,#4454,
#4455,#4456,#4457,#4458,#4459,#4460,#4461,#4462,#4463,#4464,#4465,#4466,
#4467,#4468,#4469,#4470,#4471,#4472,#4473,#4474,#4475,#4476,#4477,#4478,
#4479,#4480,#4481,#4482,#4483,#4484,#4485,#4486,#4487,#4488,#4489,#4490,
#4491),(#4492,#4493,#4494,#4495,#4496,#4497,#4498,#4499,#4500,#4501,#4502,
#4503,#4504,#4505,#4506,#4507,#4508,#4509,#4510,#4511,#4512,#4513,#4514,
#4515,#4516,#4517,#4518,#4519,#4520,#4521,#4522,#4523,#4524,#4525,#4526,
#4527,#4528,#4529,#4530,#4531,#4532,#4533,#4534,#4535,#4536,#4537,#4538,
#4539,#4540,#4541,#4542,#4543,#4544,#4545,#4546,#4547,#4548,#4549,#4550,
#4551,#4552,#4553,#4554,#4555,#4556,#4557,#4558,#4559,#4560,#4561,#4562,
#4563,#4564,#4565,#4566,#4567,#4568,#4569,#4570,#4571,#4572,#4573,#4574,
#4575,#4576,#4577,#4578,#4579,#4580,#4581,#4582,#4583,#4584,#4585,#4586,
#4587,#4588,#4589,#4590,#4591,#4592,#4593,#4594,#4595,#4596,#4597,#4598,
#4599,#4600,#4601,#4602,#4603,#4604,#4605,#4606,#4607,#4608,#4609,#4610,
#4611,#4612,#4613,#4614,#4615,#4616,#4617,#4618,#4619,#4620,#4621,#4622,
#4623,#4624,#4625,#4626,#4627,#4628,#4629,#4630,#4631,#4632,#4633,#4634,
#4635,#4636,#4637,#4638,#4639,#4640,#4641,#4642,#4643,#4644,#4645,#4646,
#4647,#4648,#4649,#4650,#4651,#4652,#4653,#4654,#4655,#4656,#4657,#4658,
#4659,#4660,#4661,#4662,#4663,#4664,#4665,#4666,#4667,#4668,#4669,#4670,
#4671,#4672,#4673,#4674,#4675,#4676,#4677,#4678,#4679,#4680,#4681,#4682,
#4683,#4684,#4685,#4686,#4687,#4688,#4689,#4690,#4691,#4692,#4693,#4694,
#4695,#4696,#4697,#4698)),.UNSPECIFIED.,.F.,.F.,.F.)
B_SPLINE_SURFACE_WITH_KNOTS((4,4),(3,2,2,2,2,2,2,2,2,2,2,2,2,2,2,2,2,2,
2,2,2,2,2,2,2,2,2,2,2,2,2,2,2,2,2,2,2,2,2,2,2,2,2,2,2,2,2,2,2,2,2,2,2,2,
2,2,2,2,2,2,2,2,2,2,2,2,2,2,2,2,2,2,2,2,2,2,2,2,2,2,2,2,2,2,2,2,2,2,2,2,
2,2,2,2,2,2,2,2,2,2,2,2,2,3),(0.,1.),(0.0667330587173629,0.075,0.0833333333333333,
0.0916666666666667,0.1,0.108333333333333,0.116666666666667,0.125,0.133333333333333,
0.141666666666667,0.15,0.158333333333333,0.166666666666667,0.175,0.183333333333334,
0.191666666666667,0.2,0.208333333333334,0.216666666666667,0.225,0.233333333333334,
0.241666666666667,0.25,0.258333333333334,0.266666666666666,0.275,0.283333333333334,
0.291666666666667,0.3,0.308333333333334,0.316666666666666,0.325,0.333333333333334,
0.341666666666667,0.35,0.358333333333334,0.366666666666666,0.375,0.383333333333334,
0.391666666666666,0.4,0.408333333333334,0.416666666666667,0.425,0.433333333333334,
0.441666666666666,0.45,0.458333333333333,0.466666666666667,0.475,0.483333333333333,
0.491666666666667,0.5,0.508333333333333,0.516666666666667,0.525,0.533333333333333,
0.541666666666667,0.55,0.558333333333333,0.566666666666667,0.575,0.583333333333333,
0.591666666666667,0.6,0.608333333333333,0.616666666666667,0.625,0.633333333333333,
0.641666666666667,0.65,0.658333333333333,0.666666666666667,0.675,0.683333333333333,
0.691666666666667,0.7,0.708333333333333,0.716666666666667,0.725,0.733333333333333,
0.741666666666667,0.75,0.758333333333333,0.766666666666667,0.775,0.783333333333333,
0.791666666666667,0.8,0.808333333333333,0.816666666666667,0.825,0.833333333333333,
0.841666666666667,0.85,0.858333333333333,0.866666666666667,0.875,0.883333333333333,
0.891666666666667,0.9,0.908333333333333,0.916666666666667,0.922883243532906),
 .PIECEWISE_BEZIER_KNOTS.)
GEOMETRIC_REPRESENTATION_ITEM()
RATIONAL_B_SPLINE_SURFACE(((0.997882244195546,0.867092785566512,1.,0.866025403784439,
1.,0.866025403784439,1.,0.866025403784439,1.,0.866025403784439,1.,0.866025403784439,
1.,0.866025403784439,1.,0.866025403784439,1.,0.866025403784439,1.,0.866025403784439,
1.,0.866025403784439,1.,0.866025403784439,1.,0.866025403784439,1.,0.866025403784439,
1.,0.866025403784439,1.,0.866025403784439,1.,0.866025403784439,1.,0.866025403784439,
1.,0.866025403784439,1.,0.866025403784439,1.,0.866025403784439,1.,0.866025403784439,
1.,0.866025403784439,1.,0.866025403784439,1.,0.866025403784439,1.,0.866025403784439,
1.,0.866025403784439,1.,0.866025403784439,1.,0.866025403784439,1.,0.866025403784439,
1.,0.866025403784439,1.,0.866025403784439,1.,0.866025403784439,1.,0.866025403784439,
1.,0.866025403784439,1.,0.866025403784439,1.,0.866025403784439,1.,0.866025403784439,
1.,0.866025403784439,1.,0.866025403784439,1.,0.866025403784439,1.,0.866025403784439,
1.,0.866025403784439,1.,0.866025403784439,1.,0.866025403784439,1.,0.866025403784439,
1.,0.866025403784439,1.,0.866025403784439,1.,0.866025403784439,1.,0.866025403784439,
1.,0.866025403784439,1.,0.866025403784439,1.,0.866025403784439,1.,0.866025403784439,
1.,0.866025403784439,1.,0.866025403784439,1.,0.866025403784439,1.,0.866025403784439,
1.,0.866025403784439,1.,0.866025403784439,1.,0.866025403784439,1.,0.866025403784439,
1.,0.866025403784439,1.,0.866025403784439,1.,0.866025403784439,1.,0.866025403784439,
1.,0.866025403784439,1.,0.866025403784439,1.,0.866025403784439,1.,0.866025403784439,
1.,0.866025403784439,1.,0.866025403784439,1.,0.866025403784439,1.,0.866025403784439,
1.,0.866025403784439,1.,0.866025403784439,1.,0.866025403784439,1.,0.866025403784439,
1.,0.866025403784439,1.,0.866025403784439,1.,0.866025403784439,1.,0.866025403784439,
1.,0.866025403784439,1.,0.866025403784439,1.,0.866025403784439,1.,0.866025403784439,
1.,0.866025403784439,1.,0.866025403784439,1.,0.866025403784439,1.,0.866025403784439,
1.,0.866025403784439,1.,0.866025403784439,1.,0.866025403784439,1.,0.866025403784439,
1.,0.866025403784439,1.,0.866025403784439,1.,0.866025403784439,1.,0.866025403784439,
1.,0.866025403784439,1.,0.866025403784439,1.,0.866025403784439,1.,0.866025403784439,
1.,0.900056394940313,0.949226494634849),(0.787801773279481,0.684546937317068,
0.789473685759963,0.683704267487461,0.789473685759963,0.683704267487461,
0.789473685759963,0.683704267487461,0.789473685759963,0.683704267487461,
0.789473685759963,0.683704267487461,0.789473685759963,0.683704267487461,
0.789473685759963,0.683704267487461,0.789473685759963,0.683704267487461,
0.789473685759963,0.683704267487461,0.789473685759963,0.683704267487461,
0.789473685759963,0.683704267487461,0.789473685759963,0.683704267487461,
0.789473685759963,0.683704267487461,0.789473685759963,0.683704267487461,
0.789473685759963,0.683704267487461,0.789473685759963,0.683704267487461,
0.789473685759963,0.683704267487461,0.789473685759963,0.683704267487461,
0.789473685759963,0.683704267487461,0.789473685759963,0.683704267487461,
0.789473685759963,0.683704267487461,0.789473685759963,0.683704267487461,
0.789473685759963,0.683704267487461,0.789473685759963,0.683704267487461,
0.789473685759963,0.683704267487461,0.789473685759963,0.683704267487461,
0.789473685759963,0.683704267487461,0.789473685759963,0.683704267487461,
0.789473685759963,0.683704267487461,0.789473685759963,0.683704267487461,
0.789473685759963,0.683704267487461,0.789473685759963,0.683704267487461,
0.789473685759963,0.683704267487461,0.789473685759963,0.683704267487461,
0.789473685759963,0.683704267487461,0.789473685759963,0.683704267487461,
0.789473685759963,0.683704267487461,0.789473685759963,0.683704267487461,
0.789473685759963,0.683704267487461,0.789473685759963,0.683704267487461,
0.789473685759963,0.683704267487461,0.789473685759963,0.683704267487461,
0.789473685759963,0.683704267487461,0.789473685759963,0.683704267487461,
0.789473685759963,0.683704267487461,0.789473685759963,0.683704267487461,
0.789473685759963,0.683704267487461,0.789473685759963,0.683704267487461,
0.789473685759963,0.683704267487461,0.789473685759963,0.683704267487461,
0.789473685759963,0.683704267487461,0.789473685759963,0.683704267487461,
0.789473685759963,0.683704267487461,0.789473685759963,0.683704267487461,
0.789473685759963,0.683704267487461,0.789473685759963,0.683704267487461,
0.789473685759963,0.683704267487461,0.789473685759963,0.683704267487461,
0.789473685759963,0.683704267487461,0.789473685759963,0.683704267487461,
0.789473685759963,0.683704267487461,0.789473685759963,0.683704267487461,
0.789473685759963,0.683704267487461,0.789473685759963,0.683704267487461,
0.789473685759963,0.683704267487461,0.789473685759963,0.683704267487461,
0.789473685759963,0.683704267487461,0.789473685759963,0.683704267487461,
0.789473685759963,0.683704267487461,0.789473685759963,0.683704267487461,
0.789473685759963,0.683704267487461,0.789473685759963,0.683704267487461,
0.789473685759963,0.683704267487461,0.789473685759963,0.683704267487461,
0.789473685759963,0.683704267487461,0.789473685759963,0.683704267487461,
0.789473685759963,0.683704267487461,0.789473685759963,0.683704267487461,
0.789473685759963,0.683704267487461,0.789473685759963,0.683704267487461,
0.789473685759963,0.683704267487461,0.789473685759963,0.683704267487461,
0.789473685759963,0.683704267487461,0.789473685759963,0.683704267487461,
0.789473685759963,0.683704267487461,0.789473685759963,0.683704267487461,
0.789473685759963,0.683704267487461,0.789473685759963,0.683704267487461,
0.789473685759963,0.683704267487461,0.789473685759963,0.683704267487461,
0.789473685759963,0.683704267487461,0.789473685759963,0.683704267487461,
0.789473685759963,0.683704267487461,0.789473685759963,0.683704267487461,
0.789473685759963,0.683704267487461,0.789473685759963,0.683704267487461,
0.789473685759963,0.683704267487461,0.789473685759963,0.683704267487461,
0.789473685759963,0.683704267487461,0.789473685759963,0.683704267487461,
0.789473685759963,0.683704267487461,0.789473685759963,0.710570839505354,
0.749389339340384),(0.787801773279481,0.684546937317068,0.789473685759963,
0.683704267487461,0.789473685759963,0.683704267487461,0.789473685759963,
0.683704267487461,0.789473685759963,0.683704267487461,0.789473685759963,
0.683704267487461,0.789473685759963,0.683704267487461,0.789473685759963,
0.683704267487461,0.789473685759963,0.683704267487461,0.789473685759963,
0.683704267487461,0.789473685759963,0.683704267487461,0.789473685759963,
0.683704267487461,0.789473685759963,0.683704267487461,0.789473685759963,
0.683704267487461,0.789473685759963,0.683704267487461,0.789473685759963,
0.683704267487461,0.789473685759963,0.683704267487461,0.789473685759963,
0.683704267487461,0.789473685759963,0.683704267487461,0.789473685759963,
0.683704267487461,0.789473685759963,0.683704267487461,0.789473685759963,
0.683704267487461,0.789473685759963,0.683704267487461,0.789473685759963,
0.683704267487461,0.789473685759963,0.683704267487461,0.789473685759963,
0.683704267487461,0.789473685759963,0.683704267487461,0.789473685759963,
0.683704267487461,0.789473685759963,0.683704267487461,0.789473685759963,
0.683704267487461,0.789473685759963,0.683704267487461,0.789473685759963,
0.683704267487461,0.789473685759963,0.683704267487461,0.789473685759963,
0.683704267487461,0.789473685759963,0.683704267487461,0.789473685759963,
0.683704267487461,0.789473685759963,0.683704267487461,0.789473685759963,
0.683704267487461,0.789473685759963,0.683704267487461,0.789473685759963,
0.683704267487461,0.789473685759963,0.683704267487461,0.789473685759963,
0.683704267487461,0.789473685759963,0.683704267487461,0.789473685759963,
0.683704267487461,0.789473685759963,0.683704267487461,0.789473685759963,
0.683704267487461,0.789473685759963,0.683704267487461,0.789473685759963,
0.683704267487461,0.789473685759963,0.683704267487461,0.789473685759963,
0.683704267487461,0.789473685759963,0.683704267487461,0.789473685759963,
0.683704267487461,0.789473685759963,0.683704267487461,0.789473685759963,
0.683704267487461,0.789473685759963,0.683704267487461,0.789473685759963,
0.683704267487461,0.789473685759963,0.683704267487461,0.789473685759963,
0.683704267487461,0.789473685759963,0.683704267487461,0.789473685759963,
0.683704267487461,0.789473685759963,0.683704267487461,0.789473685759963,
0.683704267487461,0.789473685759963,0.683704267487461,0.789473685759963,
0.683704267487461,0.789473685759963,0.683704267487461,0.789473685759963,
0.683704267487461,0.789473685759963,0.683704267487461,0.789473685759963,
0.683704267487461,0.789473685759963,0.683704267487461,0.789473685759963,
0.683704267487461,0.789473685759963,0.683704267487461,0.789473685759963,
0.683704267487461,0.789473685759963,0.683704267487461,0.789473685759963,
0.683704267487461,0.789473685759963,0.683704267487461,0.789473685759963,
0.683704267487461,0.789473685759963,0.683704267487461,0.789473685759963,
0.683704267487461,0.789473685759963,0.683704267487461,0.789473685759963,
0.683704267487461,0.789473685759963,0.683704267487461,0.789473685759963,
0.683704267487461,0.789473685759963,0.683704267487461,0.789473685759963,
0.683704267487461,0.789473685759963,0.683704267487461,0.789473685759963,
0.683704267487461,0.789473685759963,0.683704267487461,0.789473685759963,
0.683704267487461,0.789473685759963,0.683704267487461,0.789473685759963,
0.683704267487461,0.789473685759963,0.683704267487461,0.789473685759963,
0.683704267487461,0.789473685759963,0.683704267487461,0.789473685759963,
0.683704267487461,0.789473685759963,0.683704267487461,0.789473685759963,
0.683704267487461,0.789473685759963,0.683704267487461,0.789473685759963,
0.683704267487461,0.789473685759963,0.683704267487461,0.789473685759963,
0.683704267487461,0.789473685759963,0.683704267487461,0.789473685759963,
0.683704267487461,0.789473685759963,0.710570839505354,0.749389339340384),
(0.997882244195546,0.867092785566512,1.,0.866025403784439,1.,0.866025403784439,
1.,0.866025403784439,1.,0.866025403784439,1.,0.866025403784439,1.,0.866025403784439,
1.,0.866025403784439,1.,0.866025403784439,1.,0.866025403784439,1.,0.866025403784439,
1.,0.866025403784439,1.,0.866025403784439,1.,0.866025403784439,1.,0.866025403784439,
1.,0.866025403784439,1.,0.866025403784439,1.,0.866025403784439,1.,0.866025403784439,
1.,0.866025403784439,1.,0.866025403784439,1.,0.866025403784439,1.,0.866025403784439,
1.,0.866025403784439,1.,0.866025403784439,1.,0.866025403784439,1.,0.866025403784439,
1.,0.866025403784439,1.,0.866025403784439,1.,0.866025403784439,1.,0.866025403784439,
1.,0.866025403784439,1.,0.866025403784439,1.,0.866025403784439,1.,0.866025403784439,
1.,0.866025403784439,1.,0.866025403784439,1.,0.866025403784439,1.,0.866025403784439,
1.,0.866025403784439,1.,0.866025403784439,1.,0.866025403784439,1.,0.866025403784439,
1.,0.866025403784439,1.,0.866025403784439,1.,0.866025403784439,1.,0.866025403784439,
1.,0.866025403784439,1.,0.866025403784439,1.,0.866025403784439,1.,0.866025403784439,
1.,0.866025403784439,1.,0.866025403784439,1.,0.866025403784439,1.,0.866025403784439,
1.,0.866025403784439,1.,0.866025403784439,1.,0.866025403784439,1.,0.866025403784439,
1.,0.866025403784439,1.,0.866025403784439,1.,0.866025403784439,1.,0.866025403784439,
1.,0.866025403784439,1.,0.866025403784439,1.,0.866025403784439,1.,0.866025403784439,
1.,0.866025403784439,1.,0.866025403784439,1.,0.866025403784439,1.,0.866025403784439,
1.,0.866025403784439,1.,0.866025403784439,1.,0.866025403784439,1.,0.866025403784439,
1.,0.866025403784439,1.,0.866025403784439,1.,0.866025403784439,1.,0.866025403784439,
1.,0.866025403784439,1.,0.866025403784439,1.,0.866025403784439,1.,0.866025403784439,
1.,0.866025403784439,1.,0.866025403784439,1.,0.866025403784439,1.,0.866025403784439,
1.,0.866025403784439,1.,0.866025403784439,1.,0.866025403784439,1.,0.866025403784439,
1.,0.866025403784439,1.,0.866025403784439,1.,0.866025403784439,1.,0.866025403784439,
1.,0.866025403784439,1.,0.866025403784439,1.,0.866025403784439,1.,0.866025403784439,
1.,0.866025403784439,1.,0.866025403784439,1.,0.866025403784439,1.,0.900056394940313,
0.949226494634849)))
REPRESENTATION_ITEM('')
SURFACE()
);
#15=(
BOUNDED_SURFACE()
B_SPLINE_SURFACE(1,2,((#5189,#5190,#5191,#5192,#5193,#5194,#5195,#5196,
#5197,#5198,#5199,#5200,#5201,#5202,#5203,#5204,#5205,#5206,#5207,#5208,
#5209,#5210,#5211,#5212,#5213,#5214,#5215,#5216,#5217,#5218,#5219,#5220,
#5221,#5222,#5223,#5224,#5225,#5226,#5227,#5228,#5229,#5230,#5231,#5232,
#5233,#5234,#5235,#5236,#5237,#5238,#5239,#5240,#5241,#5242,#5243,#5244,
#5245,#5246,#5247,#5248,#5249,#5250,#5251,#5252,#5253,#5254,#5255,#5256,
#5257,#5258,#5259,#5260,#5261,#5262,#5263,#5264,#5265,#5266,#5267,#5268,
#5269,#5270,#5271,#5272,#5273,#5274,#5275,#5276,#5277,#5278,#5279,#5280,
#5281,#5282,#5283,#5284,#5285,#5286,#5287,#5288,#5289,#5290,#5291,#5292,
#5293,#5294,#5295,#5296,#5297,#5298,#5299,#5300,#5301,#5302,#5303,#5304,
#5305,#5306,#5307,#5308,#5309,#5310,#5311,#5312,#5313,#5314,#5315,#5316,
#5317,#5318,#5319,#5320,#5321,#5322,#5323,#5324,#5325,#5326,#5327,#5328,
#5329,#5330,#5331,#5332,#5333,#5334,#5335,#5336,#5337,#5338,#5339,#5340,
#5341,#5342,#5343,#5344,#5345,#5346,#5347,#5348,#5349,#5350,#5351,#5352,
#5353,#5354,#5355,#5356,#5357,#5358,#5359,#5360,#5361,#5362,#5363,#5364,
#5365,#5366,#5367,#5368,#5369,#5370,#5371,#5372,#5373,#5374,#5375,#5376,
#5377,#5378,#5379,#5380,#5381,#5382,#5383,#5384,#5385,#5386,#5387,#5388,
#5389,#5390,#5391,#5392,#5393,#5394,#5395,#5396,#5397),(#5398,#5399,#5400,
#5401,#5402,#5403,#5404,#5405,#5406,#5407,#5408,#5409,#5410,#5411,#5412,
#5413,#5414,#5415,#5416,#5417,#5418,#5419,#5420,#5421,#5422,#5423,#5424,
#5425,#5426,#5427,#5428,#5429,#5430,#5431,#5432,#5433,#5434,#5435,#5436,
#5437,#5438,#5439,#5440,#5441,#5442,#5443,#5444,#5445,#5446,#5447,#5448,
#5449,#5450,#5451,#5452,#5453,#5454,#5455,#5456,#5457,#5458,#5459,#5460,
#5461,#5462,#5463,#5464,#5465,#5466,#5467,#5468,#5469,#5470,#5471,#5472,
#5473,#5474,#5475,#5476,#5477,#5478,#5479,#5480,#5481,#5482,#5483,#5484,
#5485,#5486,#5487,#5488,#5489,#5490,#5491,#5492,#5493,#5494,#5495,#5496,
#5497,#5498,#5499,#5500,#5501,#5502,#5503,#5504,#5505,#5506,#5507,#5508,
#5509,#5510,#5511,#5512,#5513,#5514,#5515,#5516,#5517,#5518,#5519,#5520,
#5521,#5522,#5523,#5524,#5525,#5526,#5527,#5528,#5529,#5530,#5531,#5532,
#5533,#5534,#5535,#5536,#5537,#5538,#5539,#5540,#5541,#5542,#5543,#5544,
#5545,#5546,#5547,#5548,#5549,#5550,#5551,#5552,#5553,#5554,#5555,#5556,
#5557,#5558,#5559,#5560,#5561,#5562,#5563,#5564,#5565,#5566,#5567,#5568,
#5569,#5570,#5571,#5572,#5573,#5574,#5575,#5576,#5577,#5578,#5579,#5580,
#5581,#5582,#5583,#5584,#5585,#5586,#5587,#5588,#5589,#5590,#5591,#5592,
#5593,#5594,#5595,#5596,#5597,#5598,#5599,#5600,#5601,#5602,#5603,#5604,
#5605,#5606)),.UNSPECIFIED.,.F.,.F.,.F.)
B_SPLINE_SURFACE_WITH_KNOTS((2,2),(3,2,2,2,2,2,2,2,2,2,2,2,2,2,2,2,2,2,
2,2,2,2,2,2,2,2,2,2,2,2,2,2,2,2,2,2,2,2,2,2,2,2,2,2,2,2,2,2,2,2,2,2,2,2,
2,2,2,2,2,2,2,2,2,2,2,2,2,2,2,2,2,2,2,2,2,2,2,2,2,2,2,2,2,2,2,2,2,2,2,2,
2,2,2,2,2,2,2,2,2,2,2,2,2,2,3),(0.,1.),(0.0510477990497404,0.0583333333333333,
0.0666666666666667,0.075,0.0833333333333333,0.0916666666666667,0.1,0.108333333333333,
0.116666666666667,0.125,0.133333333333333,0.141666666666667,0.15,0.158333333333333,
0.166666666666667,0.175,0.183333333333334,0.191666666666667,0.2,0.208333333333334,
0.216666666666667,0.225,0.233333333333334,0.241666666666667,0.25,0.258333333333334,
0.266666666666666,0.275,0.283333333333334,0.291666666666667,0.3,0.308333333333334,
0.316666666666666,0.325,0.333333333333334,0.341666666666667,0.35,0.358333333333334,
0.366666666666666,0.375,0.383333333333334,0.391666666666666,0.4,0.408333333333334,
0.416666666666667,0.425,0.433333333333334,0.441666666666666,0.45,0.458333333333333,
0.466666666666667,0.475,0.483333333333333,0.491666666666667,0.5,0.508333333333333,
0.516666666666667,0.525,0.533333333333333,0.541666666666667,0.55,0.558333333333333,
0.566666666666667,0.575,0.583333333333333,0.591666666666667,0.6,0.608333333333333,
0.616666666666667,0.625,0.633333333333333,0.641666666666667,0.65,0.658333333333333,
0.666666666666667,0.675,0.683333333333333,0.691666666666667,0.7,0.708333333333333,
0.716666666666667,0.725,0.733333333333333,0.741666666666667,0.75,0.758333333333333,
0.766666666666667,0.775,0.783333333333333,0.791666666666667,0.8,0.808333333333333,
0.816666666666667,0.825,0.833333333333333,0.841666666666667,0.85,0.858333333333333,
0.866666666666667,0.875,0.883333333333333,0.891666666666667,0.9,0.908333333333333,
0.910236384761332),.PIECEWISE_BEZIER_KNOTS.)
GEOMETRIC_REPRESENTATION_ITEM()
RATIONAL_B_SPLINE_SURFACE(((0.970545317141574,0.88287081833692,1.,0.866025403784439,
1.,0.866025403784439,1.,0.866025403784439,1.,0.866025403784439,1.,0.866025403784439,
1.,0.866025403784439,1.,0.866025403784439,1.,0.866025403784439,1.,0.866025403784439,
1.,0.866025403784439,1.,0.866025403784439,1.,0.866025403784439,1.,0.866025403784439,
1.,0.866025403784439,1.,0.866025403784439,1.,0.866025403784439,1.,0.866025403784439,
1.,0.866025403784439,1.,0.866025403784439,1.,0.866025403784439,1.,0.866025403784439,
1.,0.866025403784439,1.,0.866025403784439,1.,0.866025403784439,1.,0.866025403784439,
1.,0.866025403784439,1.,0.866025403784439,1.,0.866025403784439,1.,0.866025403784439,
1.,0.866025403784439,1.,0.866025403784439,1.,0.866025403784439,1.,0.866025403784439,
1.,0.866025403784439,1.,0.866025403784439,1.,0.866025403784439,1.,0.866025403784439,
1.,0.866025403784439,1.,0.866025403784439,1.,0.866025403784439,1.,0.866025403784439,
1.,0.866025403784439,1.,0.866025403784439,1.,0.866025403784439,1.,0.866025403784439,
1.,0.866025403784439,1.,0.866025403784439,1.,0.866025403784439,1.,0.866025403784439,
1.,0.866025403784439,1.,0.866025403784439,1.,0.866025403784439,1.,0.866025403784439,
1.,0.866025403784439,1.,0.866025403784439,1.,0.866025403784439,1.,0.866025403784439,
1.,0.866025403784439,1.,0.866025403784439,1.,0.866025403784439,1.,0.866025403784439,
1.,0.866025403784439,1.,0.866025403784439,1.,0.866025403784439,1.,0.866025403784439,
1.,0.866025403784439,1.,0.866025403784439,1.,0.866025403784439,1.,0.866025403784439,
1.,0.866025403784439,1.,0.866025403784439,1.,0.866025403784439,1.,0.866025403784439,
1.,0.866025403784439,1.,0.866025403784439,1.,0.866025403784439,1.,0.866025403784439,
1.,0.866025403784439,1.,0.866025403784439,1.,0.866025403784439,1.,0.866025403784439,
1.,0.866025403784439,1.,0.866025403784439,1.,0.866025403784439,1.,0.866025403784439,
1.,0.866025403784439,1.,0.866025403784439,1.,0.866025403784439,1.,0.866025403784439,
1.,0.866025403784439,1.,0.866025403784439,1.,0.866025403784439,1.,0.866025403784439,
1.,0.866025403784439,1.,0.866025403784439,1.,0.866025403784439,1.,0.866025403784439,
1.,0.866025403784439,1.,0.866025403784439,1.,0.866025403784439,1.,0.866025403784439,
1.,0.866025403784439,1.,0.969404734402777,0.952783316137902),(0.970545317141574,
0.88287081833692,1.,0.866025403784439,1.,0.866025403784439,1.,0.866025403784439,
1.,0.866025403784439,1.,0.866025403784439,1.,0.866025403784439,1.,0.866025403784439,
1.,0.866025403784439,1.,0.866025403784439,1.,0.866025403784439,1.,0.866025403784439,
1.,0.866025403784439,1.,0.866025403784439,1.,0.866025403784439,1.,0.866025403784439,
1.,0.866025403784439,1.,0.866025403784439,1.,0.866025403784439,1.,0.866025403784439,
1.,0.866025403784439,1.,0.866025403784439,1.,0.866025403784439,1.,0.866025403784439,
1.,0.866025403784439,1.,0.866025403784439,1.,0.866025403784439,1.,0.866025403784439,
1.,0.866025403784439,1.,0.866025403784439,1.,0.866025403784439,1.,0.866025403784439,
1.,0.866025403784439,1.,0.866025403784439,1.,0.866025403784439,1.,0.866025403784439,
1.,0.866025403784439,1.,0.866025403784439,1.,0.866025403784439,1.,0.866025403784439,
1.,0.866025403784439,1.,0.866025403784439,1.,0.866025403784439,1.,0.866025403784439,
1.,0.866025403784439,1.,0.866025403784439,1.,0.866025403784439,1.,0.866025403784439,
1.,0.866025403784439,1.,0.866025403784439,1.,0.866025403784439,1.,0.866025403784439,
1.,0.866025403784439,1.,0.866025403784439,1.,0.866025403784439,1.,0.866025403784439,
1.,0.866025403784439,1.,0.866025403784439,1.,0.866025403784439,1.,0.866025403784439,
1.,0.866025403784439,1.,0.866025403784439,1.,0.866025403784439,1.,0.866025403784439,
1.,0.866025403784439,1.,0.866025403784439,1.,0.866025403784439,1.,0.866025403784439,
1.,0.866025403784439,1.,0.866025403784439,1.,0.866025403784439,1.,0.866025403784439,
1.,0.866025403784439,1.,0.866025403784439,1.,0.866025403784439,1.,0.866025403784439,
1.,0.866025403784439,1.,0.866025403784439,1.,0.866025403784439,1.,0.866025403784439,
1.,0.866025403784439,1.,0.866025403784439,1.,0.866025403784439,1.,0.866025403784439,
1.,0.866025403784439,1.,0.866025403784439,1.,0.866025403784439,1.,0.866025403784439,
1.,0.866025403784439,1.,0.866025403784439,1.,0.866025403784439,1.,0.866025403784439,
1.,0.866025403784439,1.,0.866025403784439,1.,0.866025403784439,1.,0.866025403784439,
1.,0.866025403784439,1.,0.866025403784439,1.,0.866025403784439,1.,0.866025403784439,
1.,0.866025403784439,1.,0.866025403784439,1.,0.866025403784439,1.,0.969404734402777,
0.952783316137902)))
REPRESENTATION_ITEM('')
SURFACE()
);
#16=(
BOUNDED_SURFACE()
B_SPLINE_SURFACE(1,2,((#5614,#5615,#5616,#5617,#5618,#5619,#5620,#5621,
#5622,#5623,#5624,#5625,#5626,#5627,#5628,#5629,#5630,#5631,#5632,#5633,
#5634,#5635,#5636,#5637,#5638,#5639,#5640,#5641,#5642,#5643,#5644,#5645,
#5646,#5647,#5648,#5649,#5650,#5651,#5652,#5653,#5654,#5655,#5656,#5657,
#5658,#5659,#5660,#5661,#5662,#5663,#5664,#5665,#5666,#5667,#5668,#5669,
#5670,#5671,#5672,#5673,#5674,#5675,#5676,#5677,#5678,#5679,#5680,#5681,
#5682,#5683,#5684,#5685,#5686,#5687,#5688,#5689,#5690,#5691,#5692,#5693,
#5694,#5695,#5696,#5697,#5698,#5699,#5700,#5701,#5702,#5703,#5704,#5705,
#5706,#5707,#5708,#5709,#5710,#5711,#5712,#5713,#5714,#5715,#5716,#5717,
#5718,#5719,#5720,#5721,#5722,#5723,#5724,#5725,#5726,#5727,#5728,#5729,
#5730,#5731,#5732,#5733,#5734,#5735,#5736,#5737,#5738,#5739,#5740,#5741,
#5742,#5743,#5744,#5745,#5746,#5747,#5748,#5749,#5750,#5751,#5752,#5753,
#5754,#5755,#5756,#5757,#5758,#5759,#5760,#5761,#5762,#5763,#5764,#5765,
#5766,#5767,#5768,#5769,#5770,#5771,#5772,#5773,#5774,#5775,#5776,#5777,
#5778,#5779,#5780,#5781,#5782,#5783,#5784,#5785,#5786,#5787,#5788,#5789,
#5790,#5791,#5792,#5793,#5794,#5795,#5796,#5797,#5798,#5799,#5800,#5801,
#5802,#5803,#5804,#5805,#5806,#5807,#5808,#5809,#5810,#5811,#5812,#5813,
#5814,#5815,#5816,#5817,#5818,#5819,#5820,#5821,#5822),(#5823,#5824,#5825,
#5826,#5827,#5828,#5829,#5830,#5831,#5832,#5833,#5834,#5835,#5836,#5837,
#5838,#5839,#5840,#5841,#5842,#5843,#5844,#5845,#5846,#5847,#5848,#5849,
#5850,#5851,#5852,#5853,#5854,#5855,#5856,#5857,#5858,#5859,#5860,#5861,
#5862,#5863,#5864,#5865,#5866,#5867,#5868,#5869,#5870,#5871,#5872,#5873,
#5874,#5875,#5876,#5877,#5878,#5879,#5880,#5881,#5882,#5883,#5884,#5885,
#5886,#5887,#5888,#5889,#5890,#5891,#5892,#5893,#5894,#5895,#5896,#5897,
#5898,#5899,#5900,#5901,#5902,#5903,#5904,#5905,#5906,#5907,#5908,#5909,
#5910,#5911,#5912,#5913,#5914,#5915,#5916,#5917,#5918,#5919,#5920,#5921,
#5922,#5923,#5924,#5925,#5926,#5927,#5928,#5929,#5930,#5931,#5932,#5933,
#5934,#5935,#5936,#5937,#5938,#5939,#5940,#5941,#5942,#5943,#5944,#5945,
#5946,#5947,#5948,#5949,#5950,#5951,#5952,#5953,#5954,#5955,#5956,#5957,
#5958,#5959,#5960,#5961,#5962,#5963,#5964,#5965,#5966,#5967,#5968,#5969,
#5970,#5971,#5972,#5973,#5974,#5975,#5976,#5977,#5978,#5979,#5980,#5981,
#5982,#5983,#5984,#5985,#5986,#5987,#5988,#5989,#5990,#5991,#5992,#5993,
#5994,#5995,#5996,#5997,#5998,#5999,#6000,#6001,#6002,#6003,#6004,#6005,
#6006,#6007,#6008,#6009,#6010,#6011,#6012,#6013,#6014,#6015,#6016,#6017,
#6018,#6019,#6020,#6021,#6022,#6023,#6024,#6025,#6026,#6027,#6028,#6029,
#6030,#6031)),.UNSPECIFIED.,.F.,.F.,.F.)
B_SPLINE_SURFACE_WITH_KNOTS((2,2),(3,2,2,2,2,2,2,2,2,2,2,2,2,2,2,2,2,2,
2,2,2,2,2,2,2,2,2,2,2,2,2,2,2,2,2,2,2,2,2,2,2,2,2,2,2,2,2,2,2,2,2,2,2,2,
2,2,2,2,2,2,2,2,2,2,2,2,2,2,2,2,2,2,2,2,2,2,2,2,2,2,2,2,2,2,2,2,2,2,2,2,
2,2,2,2,2,2,2,2,2,2,2,2,2,2,3),(0.,1.),(0.0793807644873045,0.0833333333333333,
0.0916666666666667,0.1,0.108333333333333,0.116666666666667,0.125,0.133333333333333,
0.141666666666667,0.15,0.158333333333333,0.166666666666667,0.175,0.183333333333334,
0.191666666666667,0.2,0.208333333333334,0.216666666666667,0.225,0.233333333333334,
0.241666666666667,0.25,0.258333333333334,0.266666666666666,0.275,0.283333333333334,
0.291666666666667,0.3,0.308333333333334,0.316666666666666,0.325,0.333333333333334,
0.341666666666667,0.35,0.358333333333334,0.366666666666666,0.375,0.383333333333334,
0.391666666666666,0.4,0.408333333333334,0.416666666666667,0.425,0.433333333333334,
0.441666666666666,0.45,0.458333333333333,0.466666666666667,0.475,0.483333333333333,
0.491666666666667,0.5,0.508333333333333,0.516666666666667,0.525,0.533333333333333,
0.541666666666667,0.55,0.558333333333333,0.566666666666667,0.575,0.583333333333333,
0.591666666666667,0.6,0.608333333333333,0.616666666666667,0.625,0.633333333333333,
0.641666666666667,0.65,0.658333333333333,0.666666666666667,0.675,0.683333333333333,
0.691666666666667,0.7,0.708333333333333,0.716666666666667,0.725,0.733333333333333,
0.741666666666667,0.75,0.758333333333333,0.766666666666667,0.775,0.783333333333333,
0.791666666666667,0.8,0.808333333333333,0.816666666666667,0.825,0.833333333333333,
0.841666666666667,0.85,0.858333333333333,0.866666666666667,0.875,0.883333333333333,
0.891666666666667,0.9,0.908333333333333,0.916666666666667,0.925,0.933333333333333,
0.938426489807564),.PIECEWISE_BEZIER_KNOTS.)
GEOMETRIC_REPRESENTATION_ITEM()
RATIONAL_B_SPLINE_SURFACE(((0.933189565890054,0.936454742180689,1.,0.866025403784439,
1.,0.866025403784439,1.,0.866025403784439,1.,0.866025403784439,1.,0.866025403784439,
1.,0.866025403784439,1.,0.866025403784439,1.,0.866025403784439,1.,0.866025403784439,
1.,0.866025403784439,1.,0.866025403784439,1.,0.866025403784439,1.,0.866025403784439,
1.,0.866025403784439,1.,0.866025403784439,1.,0.866025403784439,1.,0.866025403784439,
1.,0.866025403784439,1.,0.866025403784439,1.,0.866025403784439,1.,0.866025403784439,
1.,0.866025403784439,1.,0.866025403784439,1.,0.866025403784439,1.,0.866025403784439,
1.,0.866025403784439,1.,0.866025403784439,1.,0.866025403784439,1.,0.866025403784439,
1.,0.866025403784439,1.,0.866025403784439,1.,0.866025403784439,1.,0.866025403784439,
1.,0.866025403784439,1.,0.866025403784439,1.,0.866025403784439,1.,0.866025403784439,
1.,0.866025403784439,1.,0.866025403784439,1.,0.866025403784439,1.,0.866025403784439,
1.,0.866025403784439,1.,0.866025403784439,1.,0.866025403784439,1.,0.866025403784439,
1.,0.866025403784439,1.,0.866025403784439,1.,0.866025403784439,1.,0.866025403784439,
1.,0.866025403784439,1.,0.866025403784439,1.,0.866025403784439,1.,0.866025403784439,
1.,0.866025403784439,1.,0.866025403784439,1.,0.866025403784439,1.,0.866025403784439,
1.,0.866025403784439,1.,0.866025403784439,1.,0.866025403784439,1.,0.866025403784439,
1.,0.866025403784439,1.,0.866025403784439,1.,0.866025403784439,1.,0.866025403784439,
1.,0.866025403784439,1.,0.866025403784439,1.,0.866025403784439,1.,0.866025403784439,
1.,0.866025403784439,1.,0.866025403784439,1.,0.866025403784439,1.,0.866025403784439,
1.,0.866025403784439,1.,0.866025403784439,1.,0.866025403784439,1.,0.866025403784439,
1.,0.866025403784439,1.,0.866025403784439,1.,0.866025403784439,1.,0.866025403784439,
1.,0.866025403784439,1.,0.866025403784439,1.,0.866025403784439,1.,0.866025403784439,
1.,0.866025403784439,1.,0.866025403784439,1.,0.866025403784439,1.,0.866025403784439,
1.,0.866025403784439,1.,0.866025403784439,1.,0.866025403784439,1.,0.866025403784439,
1.,0.866025403784439,1.,0.866025403784439,1.,0.866025403784439,1.,0.866025403784439,
1.,0.866025403784439,1.,0.866025403784439,1.,0.866025403784439,1.,0.866025403784439,
1.,0.866025403784439,1.,0.918117570148271,0.936324746950562),(0.933189565890054,
0.936454742180689,1.,0.866025403784439,1.,0.866025403784439,1.,0.866025403784439,
1.,0.866025403784439,1.,0.866025403784439,1.,0.866025403784439,1.,0.866025403784439,
1.,0.866025403784439,1.,0.866025403784439,1.,0.866025403784439,1.,0.866025403784439,
1.,0.866025403784439,1.,0.866025403784439,1.,0.866025403784439,1.,0.866025403784439,
1.,0.866025403784439,1.,0.866025403784439,1.,0.866025403784439,1.,0.866025403784439,
1.,0.866025403784439,1.,0.866025403784439,1.,0.866025403784439,1.,0.866025403784439,
1.,0.866025403784439,1.,0.866025403784439,1.,0.866025403784439,1.,0.866025403784439,
1.,0.866025403784439,1.,0.866025403784439,1.,0.866025403784439,1.,0.866025403784439,
1.,0.866025403784439,1.,0.866025403784439,1.,0.866025403784439,1.,0.866025403784439,
1.,0.866025403784439,1.,0.866025403784439,1.,0.866025403784439,1.,0.866025403784439,
1.,0.866025403784439,1.,0.866025403784439,1.,0.866025403784439,1.,0.866025403784439,
1.,0.866025403784439,1.,0.866025403784439,1.,0.866025403784439,1.,0.866025403784439,
1.,0.866025403784439,1.,0.866025403784439,1.,0.866025403784439,1.,0.866025403784439,
1.,0.866025403784439,1.,0.866025403784439,1.,0.866025403784439,1.,0.866025403784439,
1.,0.866025403784439,1.,0.866025403784439,1.,0.866025403784439,1.,0.866025403784439,
1.,0.866025403784439,1.,0.866025403784439,1.,0.866025403784439,1.,0.866025403784439,
1.,0.866025403784439,1.,0.866025403784439,1.,0.866025403784439,1.,0.866025403784439,
1.,0.866025403784439,1.,0.866025403784439,1.,0.866025403784439,1.,0.866025403784439,
1.,0.866025403784439,1.,0.866025403784439,1.,0.866025403784439,1.,0.866025403784439,
1.,0.866025403784439,1.,0.866025403784439,1.,0.866025403784439,1.,0.866025403784439,
1.,0.866025403784439,1.,0.866025403784439,1.,0.866025403784439,1.,0.866025403784439,
1.,0.866025403784439,1.,0.866025403784439,1.,0.866025403784439,1.,0.866025403784439,
1.,0.866025403784439,1.,0.866025403784439,1.,0.866025403784439,1.,0.866025403784439,
1.,0.866025403784439,1.,0.866025403784439,1.,0.866025403784439,1.,0.866025403784439,
1.,0.866025403784439,1.,0.866025403784439,1.,0.866025403784439,1.,0.866025403784439,
1.,0.866025403784439,1.,0.866025403784439,1.,0.866025403784439,1.,0.918117570148271,
0.936324746950562)))
REPRESENTATION_ITEM('')
SURFACE()
);
#17=B_SPLINE_CURVE_WITH_KNOTS('',3,(#3849,#3850,#3851,#3852,#3853,#3854,
#3855),.UNSPECIFIED.,.F.,.F.,(4,1,1,1,4),(0.0070992250209861,0.00896345446928639,
0.0108276839175867,0.012691913365887,0.0145561428141873),.UNSPECIFIED.);
#18=B_SPLINE_CURVE_WITH_KNOTS('',3,(#3857,#3858,#3859,#3860,#3861,#3862),
 .UNSPECIFIED.,.F.,.F.,(4,1,1,4),(0.,0.00265375811680415,0.00398063717520622,
0.00530751623360829),.UNSPECIFIED.);
#19=B_SPLINE_CURVE_WITH_KNOTS('',3,(#3864,#3865,#3866,#3867,#3868,#3869,
#3870),.UNSPECIFIED.,.F.,.F.,(4,1,1,1,4),(3.52670818571376E-17,0.00185694140551218,
0.00371388281102433,0.00557082421653647,0.00742776562204862),
 .UNSPECIFIED.);
#20=B_SPLINE_CURVE_WITH_KNOTS('',3,(#5183,#5184,#5185,#5186,#5187,#5188),
 .UNSPECIFIED.,.F.,.F.,(4,1,1,4),(5.24467041950603E-18,0.00265375811680419,
0.00398063717520628,0.00530751623360837),.UNSPECIFIED.);
#21=B_SPLINE_CURVE_WITH_KNOTS('',3,(#5607,#5608,#5609,#5610,#5611,#5612,
#5613),.UNSPECIFIED.,.F.,.F.,(4,1,1,1,4),(0.0145347831597809,0.0164358313685047,
0.0183368795772284,0.0202379277859522,0.022138975994676),.UNSPECIFIED.);
#22=B_SPLINE_CURVE_WITH_KNOTS('',3,(#6032,#6033,#6034,#6035,#6036,#6037,
#6038),.UNSPECIFIED.,.F.,.F.,(4,1,1,1,4),(0.,0.00185694140551213,0.00371388281102426,
0.00557082421653639,0.00742776562204852),.UNSPECIFIED.);
#23=(
BOUNDED_CURVE()
B_SPLINE_CURVE(2,(#3363,#3364,#3365,#3366,#3367,#3368,#3369,#3370,#3371,
#3372,#3373,#3374,#3375,#3376,#3377,#3378,#3379,#3380,#3381,#3382,#3383,
#3384,#3385,#3386,#3387,#3388,#3389,#3390,#3391,#3392,#3393,#3394,#3395,
#3396,#3397,#3398,#3399,#3400,#3401,#3402,#3403,#3404,#3405,#3406,#3407,
#3408,#3409,#3410,#3411,#3412,#3413,#3414,#3415,#3416,#3417,#3418,#3419,
#3420,#3421,#3422,#3423,#3424,#3425,#3426,#3427,#3428,#3429,#3430,#3431,
#3432,#3433,#3434,#3435,#3436,#3437,#3438,#3439,#3440,#3441,#3442,#3443,
#3444,#3445,#3446,#3447,#3448,#3449,#3450,#3451,#3452,#3453,#3454,#3455,
#3456,#3457,#3458,#3459,#3460,#3461,#3462,#3463,#3464,#3465,#3466,#3467,
#3468,#3469,#3470,#3471,#3472,#3473,#3474,#3475,#3476,#3477,#3478,#3479,
#3480,#3481,#3482,#3483,#3484,#3485,#3486,#3487,#3488,#3489,#3490,#3491,
#3492,#3493,#3494,#3495,#3496,#3497,#3498,#3499,#3500,#3501,#3502,#3503,
#3504,#3505,#3506,#3507,#3508,#3509,#3510,#3511,#3512,#3513,#3514,#3515,
#3516,#3517,#3518,#3519,#3520,#3521,#3522,#3523,#3524,#3525,#3526,#3527,
#3528,#3529,#3530,#3531,#3532,#3533,#3534,#3535,#3536,#3537,#3538,#3539,
#3540,#3541,#3542,#3543,#3544,#3545,#3546,#3547,#3548,#3549,#3550,#3551,
#3552,#3553,#3554,#3555,#3556,#3557,#3558,#3559,#3560,#3561,#3562,#3563,
#3564,#3565,#3566,#3567,#3568,#3569,#3570,#3571,#3572,#3573,#3574,#3575,
#3576,#3577,#3578,#3579,#3580,#3581,#3582,#3583,#3584,#3585,#3586,#3587,
#3588,#3589,#3590,#3591,#3592,#3593,#3594,#3595,#3596,#3597,#3598,#3599,
#3600,#3601,#3602,#3603),.UNSPECIFIED.,.F.,.F.)
B_SPLINE_CURVE_WITH_KNOTS((3,2,2,2,2,2,2,2,2,2,2,2,2,2,2,2,2,2,2,2,2,2,
2,2,2,2,2,2,2,2,2,2,2,2,2,2,2,2,2,2,2,2,2,2,2,2,2,2,2,2,2,2,2,2,2,2,2,2,
2,2,2,2,2,2,2,2,2,2,2,2,2,2,2,2,2,2,2,2,2,2,2,2,2,2,2,2,2,2,2,2,2,2,2,2,
2,2,2,2,2,2,2,2,2,2,2,2,2,2,2,2,2,2,2,2,2,2,2,2,2,2,3),(0.,0.00833333333333333,
0.0166666666666666,0.025,0.0333333333333333,0.0416666666666667,0.05,0.0583333333333333,
0.0666666666666667,0.075,0.0833333333333333,0.0916666666666667,0.1,0.108333333333333,
0.116666666666667,0.125,0.133333333333333,0.141666666666667,0.15,0.158333333333333,
0.166666666666667,0.175,0.183333333333334,0.191666666666667,0.2,0.208333333333334,
0.216666666666667,0.225,0.233333333333334,0.241666666666667,0.25,0.258333333333334,
0.266666666666666,0.275,0.283333333333334,0.291666666666667,0.3,0.308333333333334,
0.316666666666666,0.325,0.333333333333334,0.341666666666667,0.35,0.358333333333334,
0.366666666666666,0.375,0.383333333333334,0.391666666666666,0.4,0.408333333333334,
0.416666666666667,0.425,0.433333333333334,0.441666666666666,0.45,0.458333333333333,
0.466666666666667,0.475,0.483333333333333,0.491666666666667,0.5,0.508333333333333,
0.516666666666667,0.525,0.533333333333333,0.541666666666667,0.55,0.558333333333333,
0.566666666666667,0.575,0.583333333333333,0.591666666666667,0.6,0.608333333333333,
0.616666666666667,0.625,0.633333333333333,0.641666666666667,0.65,0.658333333333333,
0.666666666666667,0.675,0.683333333333333,0.691666666666667,0.7,0.708333333333333,
0.716666666666667,0.725,0.733333333333333,0.741666666666667,0.75,0.758333333333333,
0.766666666666667,0.775,0.783333333333333,0.791666666666667,0.8,0.808333333333333,
0.816666666666667,0.825,0.833333333333333,0.841666666666667,0.85,0.858333333333333,
0.866666666666667,0.875,0.883333333333333,0.891666666666667,0.9,0.908333333333333,
0.916666666666667,0.925,0.933333333333333,0.941666666666667,0.95,0.958333333333333,
0.966666666666667,0.975,0.983333333333333,0.991666666666667,1.),
 .UNSPECIFIED.)
CURVE()
GEOMETRIC_REPRESENTATION_ITEM()
RATIONAL_B_SPLINE_CURVE((1.,0.866025403784439,1.,0.866025403784439,1.,0.866025403784439,
1.,0.866025403784439,1.,0.866025403784439,1.,0.866025403784439,1.,0.866025403784439,
1.,0.866025403784439,1.,0.866025403784439,1.,0.866025403784439,1.,0.866025403784439,
1.,0.866025403784439,1.,0.866025403784439,1.,0.866025403784439,1.,0.866025403784439,
1.,0.866025403784439,1.,0.866025403784439,1.,0.866025403784439,1.,0.866025403784439,
1.,0.866025403784439,1.,0.866025403784439,1.,0.866025403784439,1.,0.866025403784439,
1.,0.866025403784439,1.,0.866025403784439,1.,0.866025403784439,1.,0.866025403784439,
1.,0.866025403784439,1.,0.866025403784439,1.,0.866025403784439,1.,0.866025403784439,
1.,0.866025403784439,1.,0.866025403784439,1.,0.866025403784439,1.,0.866025403784439,
1.,0.866025403784439,1.,0.866025403784439,1.,0.866025403784439,1.,0.866025403784439,
1.,0.866025403784439,1.,0.866025403784439,1.,0.866025403784439,1.,0.866025403784439,
1.,0.866025403784439,1.,0.866025403784439,1.,0.866025403784439,1.,0.866025403784439,
1.,0.866025403784439,1.,0.866025403784439,1.,0.866025403784439,1.,0.866025403784439,
1.,0.866025403784439,1.,0.866025403784439,1.,0.866025403784439,1.,0.866025403784439,
1.,0.866025403784439,1.,0.866025403784439,1.,0.866025403784439,1.,0.866025403784439,
1.,0.866025403784439,1.,0.866025403784439,1.,0.866025403784439,1.,0.866025403784439,
1.,0.866025403784439,1.,0.866025403784439,1.,0.866025403784439,1.,0.866025403784439,
1.,0.866025403784439,1.,0.866025403784439,1.,0.866025403784439,1.,0.866025403784439,
1.,0.866025403784439,1.,0.866025403784439,1.,0.866025403784439,1.,0.866025403784439,
1.,0.866025403784439,1.,0.866025403784439,1.,0.866025403784439,1.,0.866025403784439,
1.,0.866025403784439,1.,0.866025403784439,1.,0.866025403784439,1.,0.866025403784439,
1.,0.866025403784439,1.,0.866025403784439,1.,0.866025403784439,1.,0.866025403784439,
1.,0.866025403784439,1.,0.866025403784439,1.,0.866025403784439,1.,0.866025403784439,
1.,0.866025403784439,1.,0.866025403784439,1.,0.866025403784439,1.,0.866025403784439,
1.,0.866025403784439,1.,0.866025403784439,1.,0.866025403784439,1.,0.866025403784439,
1.,0.866025403784439,1.,0.866025403784439,1.,0.866025403784439,1.,0.866025403784439,
1.,0.866025403784439,1.,0.866025403784439,1.,0.866025403784439,1.,0.866025403784439,
1.,0.866025403784439,1.,0.866025403784439,1.,0.866025403784439,1.,0.866025403784439,
1.,0.866025403784439,1.,0.866025403784439,1.,0.866025403784439,1.,0.866025403784439,
1.,0.866025403784439,1.,0.866025403784439,1.,0.866025403784439,1.,0.866025403784439,
1.,0.866025403784439,1.))
REPRESENTATION_ITEM('')
);
#24=(
BOUNDED_CURVE()
B_SPLINE_CURVE(2,(#3607,#3608,#3609,#3610,#3611,#3612,#3613,#3614,#3615,
#3616,#3617,#3618,#3619,#3620,#3621,#3622,#3623,#3624,#3625,#3626,#3627,
#3628,#3629,#3630,#3631,#3632,#3633,#3634,#3635,#3636,#3637,#3638,#3639,
#3640,#3641,#3642,#3643,#3644,#3645,#3646,#3647,#3648,#3649,#3650,#3651,
#3652,#3653,#3654,#3655,#3656,#3657,#3658,#3659,#3660,#3661,#3662,#3663,
#3664,#3665,#3666,#3667,#3668,#3669,#3670,#3671,#3672,#3673,#3674,#3675,
#3676,#3677,#3678,#3679,#3680,#3681,#3682,#3683,#3684,#3685,#3686,#3687,
#3688,#3689,#3690,#3691,#3692,#3693,#3694,#3695,#3696,#3697,#3698,#3699,
#3700,#3701,#3702,#3703,#3704,#3705,#3706,#3707,#3708,#3709,#3710,#3711,
#3712,#3713,#3714,#3715,#3716,#3717,#3718,#3719,#3720,#3721,#3722,#3723,
#3724,#3725,#3726,#3727,#3728,#3729,#3730,#3731,#3732,#3733,#3734,#3735,
#3736,#3737,#3738,#3739,#3740,#3741,#3742,#3743,#3744,#3745,#3746,#3747,
#3748,#3749,#3750,#3751,#3752,#3753,#3754,#3755,#3756,#3757,#3758,#3759,
#3760,#3761,#3762,#3763,#3764,#3765,#3766,#3767,#3768,#3769,#3770,#3771,
#3772,#3773,#3774,#3775,#3776,#3777,#3778,#3779,#3780,#3781,#3782,#3783,
#3784,#3785,#3786,#3787,#3788,#3789,#3790,#3791,#3792,#3793,#3794,#3795,
#3796,#3797,#3798,#3799,#3800,#3801,#3802,#3803,#3804,#3805,#3806,#3807,
#3808,#3809,#3810,#3811,#3812,#3813,#3814,#3815,#3816,#3817,#3818,#3819,
#3820,#3821,#3822,#3823,#3824,#3825,#3826,#3827,#3828,#3829,#3830,#3831,
#3832,#3833,#3834,#3835,#3836,#3837,#3838,#3839,#3840,#3841,#3842,#3843,
#3844,#3845,#3846,#3847),.UNSPECIFIED.,.F.,.F.)
B_SPLINE_CURVE_WITH_KNOTS((3,2,2,2,2,2,2,2,2,2,2,2,2,2,2,2,2,2,2,2,2,2,
2,2,2,2,2,2,2,2,2,2,2,2,2,2,2,2,2,2,2,2,2,2,2,2,2,2,2,2,2,2,2,2,2,2,2,2,
2,2,2,2,2,2,2,2,2,2,2,2,2,2,2,2,2,2,2,2,2,2,2,2,2,2,2,2,2,2,2,2,2,2,2,2,
2,2,2,2,2,2,2,2,2,2,2,2,2,2,2,2,2,2,2,2,2,2,2,2,2,2,3),(0.,0.00833333333333333,
0.0166666666666666,0.025,0.0333333333333333,0.0416666666666667,0.05,0.0583333333333333,
0.0666666666666667,0.075,0.0833333333333333,0.0916666666666667,0.1,0.108333333333333,
0.116666666666667,0.125,0.133333333333333,0.141666666666667,0.15,0.158333333333333,
0.166666666666667,0.175,0.183333333333334,0.191666666666667,0.2,0.208333333333334,
0.216666666666667,0.225,0.233333333333334,0.241666666666667,0.25,0.258333333333334,
0.266666666666666,0.275,0.283333333333334,0.291666666666667,0.3,0.308333333333334,
0.316666666666666,0.325,0.333333333333334,0.341666666666667,0.35,0.358333333333334,
0.366666666666666,0.375,0.383333333333334,0.391666666666666,0.4,0.408333333333334,
0.416666666666667,0.425,0.433333333333334,0.441666666666666,0.45,0.458333333333333,
0.466666666666667,0.475,0.483333333333333,0.491666666666667,0.5,0.508333333333333,
0.516666666666667,0.525,0.533333333333333,0.541666666666667,0.55,0.558333333333333,
0.566666666666667,0.575,0.583333333333333,0.591666666666667,0.6,0.608333333333333,
0.616666666666667,0.625,0.633333333333333,0.641666666666667,0.65,0.658333333333333,
0.666666666666667,0.675,0.683333333333333,0.691666666666667,0.7,0.708333333333333,
0.716666666666667,0.725,0.733333333333333,0.741666666666667,0.75,0.758333333333333,
0.766666666666667,0.775,0.783333333333333,0.791666666666667,0.8,0.808333333333333,
0.816666666666667,0.825,0.833333333333333,0.841666666666667,0.85,0.858333333333333,
0.866666666666667,0.875,0.883333333333333,0.891666666666667,0.9,0.908333333333333,
0.916666666666667,0.925,0.933333333333333,0.941666666666667,0.95,0.958333333333333,
0.966666666666667,0.975,0.983333333333333,0.991666666666667,1.),
 .UNSPECIFIED.)
CURVE()
GEOMETRIC_REPRESENTATION_ITEM()
RATIONAL_B_SPLINE_CURVE((1.,0.866025403784439,1.,0.866025403784439,1.,0.866025403784439,
1.,0.866025403784439,1.,0.866025403784439,1.,0.866025403784439,1.,0.866025403784439,
1.,0.866025403784439,1.,0.866025403784439,1.,0.866025403784439,1.,0.866025403784439,
1.,0.866025403784439,1.,0.866025403784439,1.,0.866025403784439,1.,0.866025403784439,
1.,0.866025403784439,1.,0.866025403784439,1.,0.866025403784439,1.,0.866025403784439,
1.,0.866025403784439,1.,0.866025403784439,1.,0.866025403784439,1.,0.866025403784439,
1.,0.866025403784439,1.,0.866025403784439,1.,0.866025403784439,1.,0.866025403784439,
1.,0.866025403784439,1.,0.866025403784439,1.,0.866025403784439,1.,0.866025403784439,
1.,0.866025403784439,1.,0.866025403784439,1.,0.866025403784439,1.,0.866025403784439,
1.,0.866025403784439,1.,0.866025403784439,1.,0.866025403784439,1.,0.866025403784439,
1.,0.866025403784439,1.,0.866025403784439,1.,0.866025403784439,1.,0.866025403784439,
1.,0.866025403784439,1.,0.866025403784439,1.,0.866025403784439,1.,0.866025403784439,
1.,0.866025403784439,1.,0.866025403784439,1.,0.866025403784439,1.,0.866025403784439,
1.,0.866025403784439,1.,0.866025403784439,1.,0.866025403784439,1.,0.866025403784439,
1.,0.866025403784439,1.,0.866025403784439,1.,0.866025403784439,1.,0.866025403784439,
1.,0.866025403784439,1.,0.866025403784439,1.,0.866025403784439,1.,0.866025403784439,
1.,0.866025403784439,1.,0.866025403784439,1.,0.866025403784439,1.,0.866025403784439,
1.,0.866025403784439,1.,0.866025403784439,1.,0.866025403784439,1.,0.866025403784439,
1.,0.866025403784439,1.,0.866025403784439,1.,0.866025403784439,1.,0.866025403784439,
1.,0.866025403784439,1.,0.866025403784439,1.,0.866025403784439,1.,0.866025403784439,
1.,0.866025403784439,1.,0.866025403784439,1.,0.866025403784439,1.,0.866025403784439,
1.,0.866025403784439,1.,0.866025403784439,1.,0.866025403784439,1.,0.866025403784439,
1.,0.866025403784439,1.,0.866025403784439,1.,0.866025403784439,1.,0.866025403784439,
1.,0.866025403784439,1.,0.866025403784439,1.,0.866025403784439,1.,0.866025403784439,
1.,0.866025403784439,1.,0.866025403784439,1.,0.866025403784439,1.,0.866025403784439,
1.,0.866025403784439,1.,0.866025403784439,1.,0.866025403784439,1.,0.866025403784439,
1.,0.866025403784439,1.,0.866025403784439,1.,0.866025403784439,1.,0.866025403784439,
1.,0.866025403784439,1.,0.866025403784439,1.,0.866025403784439,1.,0.866025403784439,
1.,0.866025403784439,1.,0.866025403784439,1.,0.866025403784439,1.,0.866025403784439,
1.,0.866025403784439,1.,0.866025403784439,1.,0.866025403784439,1.,0.866025403784439,
1.,0.866025403784439,1.))
REPRESENTATION_ITEM('')
);
#25=(
BOUNDED_CURVE()
B_SPLINE_CURVE(2,(#4699,#4700,#4701,#4702,#4703,#4704,#4705,#4706,#4707,
#4708,#4709,#4710,#4711,#4712,#4713,#4714,#4715,#4716,#4717,#4718,#4719,
#4720,#4721,#4722,#4723,#4724,#4725,#4726,#4727,#4728,#4729,#4730,#4731,
#4732,#4733,#4734,#4735,#4736,#4737,#4738,#4739,#4740,#4741,#4742,#4743,
#4744,#4745,#4746,#4747,#4748,#4749,#4750,#4751,#4752,#4753,#4754,#4755,
#4756,#4757,#4758,#4759,#4760,#4761,#4762,#4763,#4764,#4765,#4766,#4767,
#4768,#4769,#4770,#4771,#4772,#4773,#4774,#4775,#4776,#4777,#4778,#4779,
#4780,#4781,#4782,#4783,#4784,#4785,#4786,#4787,#4788,#4789,#4790,#4791,
#4792,#4793,#4794,#4795,#4796,#4797,#4798,#4799,#4800,#4801,#4802,#4803,
#4804,#4805,#4806,#4807,#4808,#4809,#4810,#4811,#4812,#4813,#4814,#4815,
#4816,#4817,#4818,#4819,#4820,#4821,#4822,#4823,#4824,#4825,#4826,#4827,
#4828,#4829,#4830,#4831,#4832,#4833,#4834,#4835,#4836,#4837,#4838,#4839,
#4840,#4841,#4842,#4843,#4844,#4845,#4846,#4847,#4848,#4849,#4850,#4851,
#4852,#4853,#4854,#4855,#4856,#4857,#4858,#4859,#4860,#4861,#4862,#4863,
#4864,#4865,#4866,#4867,#4868,#4869,#4870,#4871,#4872,#4873,#4874,#4875,
#4876,#4877,#4878,#4879,#4880,#4881,#4882,#4883,#4884,#4885,#4886,#4887,
#4888,#4889,#4890,#4891,#4892,#4893,#4894,#4895,#4896,#4897,#4898,#4899,
#4900,#4901,#4902,#4903,#4904,#4905,#4906,#4907,#4908,#4909,#4910,#4911,
#4912,#4913,#4914,#4915,#4916,#4917,#4918,#4919,#4920,#4921,#4922,#4923,
#4924,#4925,#4926,#4927,#4928,#4929,#4930,#4931,#4932,#4933,#4934,#4935,
#4936,#4937,#4938,#4939),.UNSPECIFIED.,.F.,.F.)
B_SPLINE_CURVE_WITH_KNOTS((3,2,2,2,2,2,2,2,2,2,2,2,2,2,2,2,2,2,2,2,2,2,
2,2,2,2,2,2,2,2,2,2,2,2,2,2,2,2,2,2,2,2,2,2,2,2,2,2,2,2,2,2,2,2,2,2,2,2,
2,2,2,2,2,2,2,2,2,2,2,2,2,2,2,2,2,2,2,2,2,2,2,2,2,2,2,2,2,2,2,2,2,2,2,2,
2,2,2,2,2,2,2,2,2,2,2,2,2,2,2,2,2,2,2,2,2,2,2,2,2,2,3),(0.,0.00833333333333333,
0.0166666666666666,0.025,0.0333333333333333,0.0416666666666667,0.05,0.0583333333333333,
0.0666666666666667,0.075,0.0833333333333333,0.0916666666666667,0.1,0.108333333333333,
0.116666666666667,0.125,0.133333333333333,0.141666666666667,0.15,0.158333333333333,
0.166666666666667,0.175,0.183333333333334,0.191666666666667,0.2,0.208333333333334,
0.216666666666667,0.225,0.233333333333334,0.241666666666667,0.25,0.258333333333334,
0.266666666666666,0.275,0.283333333333334,0.291666666666667,0.3,0.308333333333334,
0.316666666666666,0.325,0.333333333333334,0.341666666666667,0.35,0.358333333333334,
0.366666666666666,0.375,0.383333333333334,0.391666666666666,0.4,0.408333333333334,
0.416666666666667,0.425,0.433333333333334,0.441666666666666,0.45,0.458333333333333,
0.466666666666667,0.475,0.483333333333333,0.491666666666667,0.5,0.508333333333333,
0.516666666666667,0.525,0.533333333333333,0.541666666666667,0.55,0.558333333333333,
0.566666666666667,0.575,0.583333333333333,0.591666666666667,0.6,0.608333333333333,
0.616666666666667,0.625,0.633333333333333,0.641666666666667,0.65,0.658333333333333,
0.666666666666667,0.675,0.683333333333333,0.691666666666667,0.7,0.708333333333333,
0.716666666666667,0.725,0.733333333333333,0.741666666666667,0.75,0.758333333333333,
0.766666666666667,0.775,0.783333333333333,0.791666666666667,0.8,0.808333333333333,
0.816666666666667,0.825,0.833333333333333,0.841666666666667,0.85,0.858333333333333,
0.866666666666667,0.875,0.883333333333333,0.891666666666667,0.9,0.908333333333333,
0.916666666666667,0.925,0.933333333333333,0.941666666666667,0.95,0.958333333333333,
0.966666666666667,0.975,0.983333333333333,0.991666666666667,1.),
 .UNSPECIFIED.)
CURVE()
GEOMETRIC_REPRESENTATION_ITEM()
RATIONAL_B_SPLINE_CURVE((1.,0.866025403784439,1.,0.866025403784439,1.,0.866025403784439,
1.,0.866025403784439,1.,0.866025403784439,1.,0.866025403784439,1.,0.866025403784439,
1.,0.866025403784439,1.,0.866025403784439,1.,0.866025403784439,1.,0.866025403784439,
1.,0.866025403784439,1.,0.866025403784439,1.,0.866025403784439,1.,0.866025403784439,
1.,0.866025403784439,1.,0.866025403784439,1.,0.866025403784439,1.,0.866025403784439,
1.,0.866025403784439,1.,0.866025403784439,1.,0.866025403784439,1.,0.866025403784439,
1.,0.866025403784439,1.,0.866025403784439,1.,0.866025403784439,1.,0.866025403784439,
1.,0.866025403784439,1.,0.866025403784439,1.,0.866025403784439,1.,0.866025403784439,
1.,0.866025403784439,1.,0.866025403784439,1.,0.866025403784439,1.,0.866025403784439,
1.,0.866025403784439,1.,0.866025403784439,1.,0.866025403784439,1.,0.866025403784439,
1.,0.866025403784439,1.,0.866025403784439,1.,0.866025403784439,1.,0.866025403784439,
1.,0.866025403784439,1.,0.866025403784439,1.,0.866025403784439,1.,0.866025403784439,
1.,0.866025403784439,1.,0.866025403784439,1.,0.866025403784439,1.,0.866025403784439,
1.,0.866025403784439,1.,0.866025403784439,1.,0.866025403784439,1.,0.866025403784439,
1.,0.866025403784439,1.,0.866025403784439,1.,0.866025403784439,1.,0.866025403784439,
1.,0.866025403784439,1.,0.866025403784439,1.,0.866025403784439,1.,0.866025403784439,
1.,0.866025403784439,1.,0.866025403784439,1.,0.866025403784439,1.,0.866025403784439,
1.,0.866025403784439,1.,0.866025403784439,1.,0.866025403784439,1.,0.866025403784439,
1.,0.866025403784439,1.,0.866025403784439,1.,0.866025403784439,1.,0.866025403784439,
1.,0.866025403784439,1.,0.866025403784439,1.,0.866025403784439,1.,0.866025403784439,
1.,0.866025403784439,1.,0.866025403784439,1.,0.866025403784439,1.,0.866025403784439,
1.,0.866025403784439,1.,0.866025403784439,1.,0.866025403784439,1.,0.866025403784439,
1.,0.866025403784439,1.,0.866025403784439,1.,0.866025403784439,1.,0.866025403784439,
1.,0.866025403784439,1.,0.866025403784439,1.,0.866025403784439,1.,0.866025403784439,
1.,0.866025403784439,1.,0.866025403784439,1.,0.866025403784439,1.,0.866025403784439,
1.,0.866025403784439,1.,0.866025403784439,1.,0.866025403784439,1.,0.866025403784439,
1.,0.866025403784439,1.,0.866025403784439,1.,0.866025403784439,1.,0.866025403784439,
1.,0.866025403784439,1.,0.866025403784439,1.,0.866025403784439,1.,0.866025403784439,
1.,0.866025403784439,1.,0.866025403784439,1.,0.866025403784439,1.,0.866025403784439,
1.,0.866025403784439,1.,0.866025403784439,1.,0.866025403784439,1.,0.866025403784439,
1.,0.866025403784439,1.))
REPRESENTATION_ITEM('')
);
#26=(
BOUNDED_CURVE()
B_SPLINE_CURVE(2,(#4941,#4942,#4943,#4944,#4945,#4946,#4947,#4948,#4949,
#4950,#4951,#4952,#4953,#4954,#4955,#4956,#4957,#4958,#4959,#4960,#4961,
#4962,#4963,#4964,#4965,#4966,#4967,#4968,#4969,#4970,#4971,#4972,#4973,
#4974,#4975,#4976,#4977,#4978,#4979,#4980,#4981,#4982,#4983,#4984,#4985,
#4986,#4987,#4988,#4989,#4990,#4991,#4992,#4993,#4994,#4995,#4996,#4997,
#4998,#4999,#5000,#5001,#5002,#5003,#5004,#5005,#5006,#5007,#5008,#5009,
#5010,#5011,#5012,#5013,#5014,#5015,#5016,#5017,#5018,#5019,#5020,#5021,
#5022,#5023,#5024,#5025,#5026,#5027,#5028,#5029,#5030,#5031,#5032,#5033,
#5034,#5035,#5036,#5037,#5038,#5039,#5040,#5041,#5042,#5043,#5044,#5045,
#5046,#5047,#5048,#5049,#5050,#5051,#5052,#5053,#5054,#5055,#5056,#5057,
#5058,#5059,#5060,#5061,#5062,#5063,#5064,#5065,#5066,#5067,#5068,#5069,
#5070,#5071,#5072,#5073,#5074,#5075,#5076,#5077,#5078,#5079,#5080,#5081,
#5082,#5083,#5084,#5085,#5086,#5087,#5088,#5089,#5090,#5091,#5092,#5093,
#5094,#5095,#5096,#5097,#5098,#5099,#5100,#5101,#5102,#5103,#5104,#5105,
#5106,#5107,#5108,#5109,#5110,#5111,#5112,#5113,#5114,#5115,#5116,#5117,
#5118,#5119,#5120,#5121,#5122,#5123,#5124,#5125,#5126,#5127,#5128,#5129,
#5130,#5131,#5132,#5133,#5134,#5135,#5136,#5137,#5138,#5139,#5140,#5141,
#5142,#5143,#5144,#5145,#5146,#5147,#5148,#5149,#5150,#5151,#5152,#5153,
#5154,#5155,#5156,#5157,#5158,#5159,#5160,#5161,#5162,#5163,#5164,#5165,
#5166,#5167,#5168,#5169,#5170,#5171,#5172,#5173,#5174,#5175,#5176,#5177,
#5178,#5179,#5180,#5181),.UNSPECIFIED.,.F.,.F.)
B_SPLINE_CURVE_WITH_KNOTS((3,2,2,2,2,2,2,2,2,2,2,2,2,2,2,2,2,2,2,2,2,2,
2,2,2,2,2,2,2,2,2,2,2,2,2,2,2,2,2,2,2,2,2,2,2,2,2,2,2,2,2,2,2,2,2,2,2,2,
2,2,2,2,2,2,2,2,2,2,2,2,2,2,2,2,2,2,2,2,2,2,2,2,2,2,2,2,2,2,2,2,2,2,2,2,
2,2,2,2,2,2,2,2,2,2,2,2,2,2,2,2,2,2,2,2,2,2,2,2,2,2,3),(0.,0.00833333333333333,
0.0166666666666666,0.025,0.0333333333333333,0.0416666666666667,0.05,0.0583333333333333,
0.0666666666666667,0.075,0.0833333333333333,0.0916666666666667,0.1,0.108333333333333,
0.116666666666667,0.125,0.133333333333333,0.141666666666667,0.15,0.158333333333333,
0.166666666666667,0.175,0.183333333333334,0.191666666666667,0.2,0.208333333333334,
0.216666666666667,0.225,0.233333333333334,0.241666666666667,0.25,0.258333333333334,
0.266666666666666,0.275,0.283333333333334,0.291666666666667,0.3,0.308333333333334,
0.316666666666666,0.325,0.333333333333334,0.341666666666667,0.35,0.358333333333334,
0.366666666666666,0.375,0.383333333333334,0.391666666666666,0.4,0.408333333333334,
0.416666666666667,0.425,0.433333333333334,0.441666666666666,0.45,0.458333333333333,
0.466666666666667,0.475,0.483333333333333,0.491666666666667,0.5,0.508333333333333,
0.516666666666667,0.525,0.533333333333333,0.541666666666667,0.55,0.558333333333333,
0.566666666666667,0.575,0.583333333333333,0.591666666666667,0.6,0.608333333333333,
0.616666666666667,0.625,0.633333333333333,0.641666666666667,0.65,0.658333333333333,
0.666666666666667,0.675,0.683333333333333,0.691666666666667,0.7,0.708333333333333,
0.716666666666667,0.725,0.733333333333333,0.741666666666667,0.75,0.758333333333333,
0.766666666666667,0.775,0.783333333333333,0.791666666666667,0.8,0.808333333333333,
0.816666666666667,0.825,0.833333333333333,0.841666666666667,0.85,0.858333333333333,
0.866666666666667,0.875,0.883333333333333,0.891666666666667,0.9,0.908333333333333,
0.916666666666667,0.925,0.933333333333333,0.941666666666667,0.95,0.958333333333333,
0.966666666666667,0.975,0.983333333333333,0.991666666666667,1.),
 .UNSPECIFIED.)
CURVE()
GEOMETRIC_REPRESENTATION_ITEM()
RATIONAL_B_SPLINE_CURVE((1.,0.866025403784439,1.,0.866025403784439,1.,0.866025403784439,
1.,0.866025403784439,1.,0.866025403784439,1.,0.866025403784439,1.,0.866025403784439,
1.,0.866025403784439,1.,0.866025403784439,1.,0.866025403784439,1.,0.866025403784439,
1.,0.866025403784439,1.,0.866025403784439,1.,0.866025403784439,1.,0.866025403784439,
1.,0.866025403784439,1.,0.866025403784439,1.,0.866025403784439,1.,0.866025403784439,
1.,0.866025403784439,1.,0.866025403784439,1.,0.866025403784439,1.,0.866025403784439,
1.,0.866025403784439,1.,0.866025403784439,1.,0.866025403784439,1.,0.866025403784439,
1.,0.866025403784439,1.,0.866025403784439,1.,0.866025403784439,1.,0.866025403784439,
1.,0.866025403784439,1.,0.866025403784439,1.,0.866025403784439,1.,0.866025403784439,
1.,0.866025403784439,1.,0.866025403784439,1.,0.866025403784439,1.,0.866025403784439,
1.,0.866025403784439,1.,0.866025403784439,1.,0.866025403784439,1.,0.866025403784439,
1.,0.866025403784439,1.,0.866025403784439,1.,0.866025403784439,1.,0.866025403784439,
1.,0.866025403784439,1.,0.866025403784439,1.,0.866025403784439,1.,0.866025403784439,
1.,0.866025403784439,1.,0.866025403784439,1.,0.866025403784439,1.,0.866025403784439,
1.,0.866025403784439,1.,0.866025403784439,1.,0.866025403784439,1.,0.866025403784439,
1.,0.866025403784439,1.,0.866025403784439,1.,0.866025403784439,1.,0.866025403784439,
1.,0.866025403784439,1.,0.866025403784439,1.,0.866025403784439,1.,0.866025403784439,
1.,0.866025403784439,1.,0.866025403784439,1.,0.866025403784439,1.,0.866025403784439,
1.,0.866025403784439,1.,0.866025403784439,1.,0.866025403784439,1.,0.866025403784439,
1.,0.866025403784439,1.,0.866025403784439,1.,0.866025403784439,1.,0.866025403784439,
1.,0.866025403784439,1.,0.866025403784439,1.,0.866025403784439,1.,0.866025403784439,
1.,0.866025403784439,1.,0.866025403784439,1.,0.866025403784439,1.,0.866025403784439,
1.,0.866025403784439,1.,0.866025403784439,1.,0.866025403784439,1.,0.866025403784439,
1.,0.866025403784439,1.,0.866025403784439,1.,0.866025403784439,1.,0.866025403784439,
1.,0.866025403784439,1.,0.866025403784439,1.,0.866025403784439,1.,0.866025403784439,
1.,0.866025403784439,1.,0.866025403784439,1.,0.866025403784439,1.,0.866025403784439,
1.,0.866025403784439,1.,0.866025403784439,1.,0.866025403784439,1.,0.866025403784439,
1.,0.866025403784439,1.,0.866025403784439,1.,0.866025403784439,1.,0.866025403784439,
1.,0.866025403784439,1.,0.866025403784439,1.,0.866025403784439,1.,0.866025403784439,
1.,0.866025403784439,1.,0.866025403784439,1.,0.866025403784439,1.,0.866025403784439,
1.,0.866025403784439,1.))
REPRESENTATION_ITEM('')
);
#27=LINE('',#3343,#211);
#28=LINE('',#3346,#212);
#29=LINE('',#3348,#213);
#30=LINE('',#3350,#214);
#31=LINE('',#3352,#215);
#32=LINE('',#3354,#216);
#33=LINE('',#3356,#217);
#34=LINE('',#3358,#218);
#35=LINE('',#6044,#219);
#36=LINE('',#6046,#220);
#37=LINE('',#6048,#221);
#38=LINE('',#6050,#222);
#39=LINE('',#6052,#223);
#40=LINE('',#6054,#224);
#41=LINE('',#6056,#225);
#42=LINE('',#6058,#226);
#43=LINE('',#6060,#227);
#44=LINE('',#6062,#228);
#45=LINE('',#6064,#229);
#46=LINE('',#6066,#230);
#47=LINE('',#6068,#231);
#48=LINE('',#6070,#232);
#49=LINE('',#6072,#233);
#50=LINE('',#6074,#234);
#51=LINE('',#6079,#235);
#52=LINE('',#6082,#236);
#53=LINE('',#6084,#237);
#54=LINE('',#6086,#238);
#55=LINE('',#6088,#239);
#56=LINE('',#6090,#240);
#57=LINE('',#6092,#241);
#58=LINE('',#6094,#242);
#59=LINE('',#6096,#243);
#60=LINE('',#6098,#244);
#61=LINE('',#6100,#245);
#62=LINE('',#6101,#246);
#63=LINE('',#6107,#247);
#64=LINE('',#6111,#248);
#65=LINE('',#6113,#249);
#66=LINE('',#6115,#250);
#67=LINE('',#6117,#251);
#68=LINE('',#6121,#252);
#69=LINE('',#6125,#253);
#70=LINE('',#6127,#254);
#71=LINE('',#6129,#255);
#72=LINE('',#6133,#256);
#73=LINE('',#6139,#257);
#74=LINE('',#6143,#258);
#75=LINE('',#6145,#259);
#76=LINE('',#6147,#260);
#77=LINE('',#6151,#261);
#78=LINE('',#6155,#262);
#79=LINE('',#6157,#263);
#80=LINE('',#6159,#264);
#81=LINE('',#6175,#265);
#82=LINE('',#6178,#266);
#83=LINE('',#6180,#267);
#84=LINE('',#6182,#268);
#85=LINE('',#6184,#269);
#86=LINE('',#6187,#270);
#87=LINE('',#6189,#271);
#88=LINE('',#6191,#272);
#89=LINE('',#6193,#273);
#90=LINE('',#6196,#274);
#91=LINE('',#6198,#275);
#92=LINE('',#6200,#276);
#93=LINE('',#6202,#277);
#94=LINE('',#6205,#278);
#95=LINE('',#6207,#279);
#96=LINE('',#6209,#280);
#97=LINE('',#6219,#281);
#98=LINE('',#6224,#282);
#99=LINE('',#6228,#283);
#100=LINE('',#6232,#284);
#101=LINE('',#6279,#285);
#102=LINE('',#6284,#286);
#103=LINE('',#6288,#287);
#104=LINE('',#6290,#288);
#105=LINE('',#6292,#289);
#106=LINE('',#6294,#290);
#107=LINE('',#6302,#291);
#108=LINE('',#6306,#292);
#109=LINE('',#6308,#293);
#110=LINE('',#6310,#294);
#111=LINE('',#6312,#295);
#112=LINE('',#6318,#296);
#113=LINE('',#6324,#297);
#114=LINE('',#6329,#298);
#115=LINE('',#6333,#299);
#116=LINE('',#6334,#300);
#117=LINE('',#6336,#301);
#118=LINE('',#6337,#302);
#119=LINE('',#6376,#303);
#120=LINE('',#6379,#304);
#121=LINE('',#6381,#305);
#122=LINE('',#6383,#306);
#123=LINE('',#6385,#307);
#124=LINE('',#6388,#308);
#125=LINE('',#6390,#309);
#126=LINE('',#6392,#310);
#127=LINE('',#6394,#311);
#128=LINE('',#6395,#312);
#129=LINE('',#6397,#313);
#130=LINE('',#6399,#314);
#131=LINE('',#6414,#315);
#132=LINE('',#6419,#316);
#133=LINE('',#6423,#317);
#134=LINE('',#6427,#318);
#135=LINE('',#6430,#319);
#136=LINE('',#6435,#320);
#137=LINE('',#6439,#321);
#138=LINE('',#6443,#322);
#139=LINE('',#6447,#323);
#140=LINE('',#6449,#324);
#141=LINE('',#6451,#325);
#142=LINE('',#6453,#326);
#143=LINE('',#6456,#327);
#144=LINE('',#6457,#328);
#145=LINE('',#6459,#329);
#146=LINE('',#6462,#330);
#147=LINE('',#6463,#331);
#148=LINE('',#6465,#332);
#149=LINE('',#6468,#333);
#150=LINE('',#6469,#334);
#151=LINE('',#6476,#335);
#152=LINE('',#6478,#336);
#153=LINE('',#6480,#337);
#154=LINE('',#6482,#338);
#155=LINE('',#6484,#339);
#156=LINE('',#6486,#340);
#157=LINE('',#6488,#341);
#158=LINE('',#6490,#342);
#159=LINE('',#6492,#343);
#160=LINE('',#6494,#344);
#161=LINE('',#6496,#345);
#162=LINE('',#6498,#346);
#163=LINE('',#6500,#347);
#164=LINE('',#6503,#348);
#165=LINE('',#6505,#349);
#166=LINE('',#6507,#350);
#167=LINE('',#6508,#351);
#168=LINE('',#6511,#352);
#169=LINE('',#6513,#353);
#170=LINE('',#6515,#354);
#171=LINE('',#6516,#355);
#172=LINE('',#6519,#356);
#173=LINE('',#6521,#357);
#174=LINE('',#6523,#358);
#175=LINE('',#6524,#359);
#176=LINE('',#6527,#360);
#177=LINE('',#6529,#361);
#178=LINE('',#6531,#362);
#179=LINE('',#6561,#363);
#180=LINE('',#6563,#364);
#181=LINE('',#6565,#365);
#182=LINE('',#6567,#366);
#183=LINE('',#6569,#367);
#184=LINE('',#6571,#368);
#185=LINE('',#6573,#369);
#186=LINE('',#6575,#370);
#187=LINE('',#6578,#371);
#188=LINE('',#6580,#372);
#189=LINE('',#6582,#373);
#190=LINE('',#6584,#374);
#191=LINE('',#6586,#375);
#192=LINE('',#6588,#376);
#193=LINE('',#6590,#377);
#194=LINE('',#6592,#378);
#195=LINE('',#6595,#379);
#196=LINE('',#6597,#380);
#197=LINE('',#6599,#381);
#198=LINE('',#6601,#382);
#199=LINE('',#6603,#383);
#200=LINE('',#6605,#384);
#201=LINE('',#6607,#385);
#202=LINE('',#6609,#386);
#203=LINE('',#6612,#387);
#204=LINE('',#6614,#388);
#205=LINE('',#6616,#389);
#206=LINE('',#6618,#390);
#207=LINE('',#6620,#391);
#208=LINE('',#6622,#392);
#209=LINE('',#6624,#393);
#210=LINE('',#6626,#394);
#211=VECTOR('',#2661,1.);
#212=VECTOR('',#2662,1.);
#213=VECTOR('',#2663,1.);
#214=VECTOR('',#2664,1.);
#215=VECTOR('',#2665,1.);
#216=VECTOR('',#2666,1.);
#217=VECTOR('',#2667,1.);
#218=VECTOR('',#2668,1.);
#219=VECTOR('',#2685,1.);
#220=VECTOR('',#2686,1.);
#221=VECTOR('',#2687,1.);
#222=VECTOR('',#2690,1.);
#223=VECTOR('',#2691,1.);
#224=VECTOR('',#2694,1.);
#225=VECTOR('',#2695,1.);
#226=VECTOR('',#2698,1.);
#227=VECTOR('',#2699,1.);
#228=VECTOR('',#2702,1.);
#229=VECTOR('',#2703,1.);
#230=VECTOR('',#2706,1.);
#231=VECTOR('',#2707,1.);
#232=VECTOR('',#2710,1.);
#233=VECTOR('',#2711,1.);
#234=VECTOR('',#2714,1.);
#235=VECTOR('',#2723,1.);
#236=VECTOR('',#2724,1.);
#237=VECTOR('',#2725,1.);
#238=VECTOR('',#2726,1.);
#239=VECTOR('',#2729,1.);
#240=VECTOR('',#2730,1.);
#241=VECTOR('',#2731,1.);
#242=VECTOR('',#2734,1.);
#243=VECTOR('',#2735,1.);
#244=VECTOR('',#2736,1.);
#245=VECTOR('',#2739,1.);
#246=VECTOR('',#2740,1.);
#247=VECTOR('',#2747,1.);
#248=VECTOR('',#2750,1.);
#249=VECTOR('',#2753,1.);
#250=VECTOR('',#2754,1.);
#251=VECTOR('',#2755,1.);
#252=VECTOR('',#2760,1.);
#253=VECTOR('',#2765,1.);
#254=VECTOR('',#2766,1.);
#255=VECTOR('',#2767,1.);
#256=VECTOR('',#2772,1.);
#257=VECTOR('',#2779,1.);
#258=VECTOR('',#2784,1.);
#259=VECTOR('',#2785,1.);
#260=VECTOR('',#2786,1.);
#261=VECTOR('',#2791,1.);
#262=VECTOR('',#2796,1.);
#263=VECTOR('',#2797,1.);
#264=VECTOR('',#2798,1.);
#265=VECTOR('',#2829,1.);
#266=VECTOR('',#2830,1.);
#267=VECTOR('',#2831,1.);
#268=VECTOR('',#2832,1.);
#269=VECTOR('',#2835,1.);
#270=VECTOR('',#2836,1.);
#271=VECTOR('',#2837,1.);
#272=VECTOR('',#2838,1.);
#273=VECTOR('',#2841,1.);
#274=VECTOR('',#2842,1.);
#275=VECTOR('',#2843,1.);
#276=VECTOR('',#2844,1.);
#277=VECTOR('',#2847,1.);
#278=VECTOR('',#2848,1.);
#279=VECTOR('',#2849,1.);
#280=VECTOR('',#2850,1.);
#281=VECTOR('',#2861,1.);
#282=VECTOR('',#2864,1.);
#283=VECTOR('',#2867,1.);
#284=VECTOR('',#2870,1.);
#285=VECTOR('',#2953,1.);
#286=VECTOR('',#2956,1.);
#287=VECTOR('',#2961,1.);
#288=VECTOR('',#2962,1.);
#289=VECTOR('',#2963,1.);
#290=VECTOR('',#2966,1.);
#291=VECTOR('',#2975,1.);
#292=VECTOR('',#2980,1.);
#293=VECTOR('',#2981,1.);
#294=VECTOR('',#2982,1.);
#295=VECTOR('',#2985,1.);
#296=VECTOR('',#2992,1.);
#297=VECTOR('',#2999,1.);
#298=VECTOR('',#3002,1.);
#299=VECTOR('',#3007,1.);
#300=VECTOR('',#3008,1.);
#301=VECTOR('',#3011,1.);
#302=VECTOR('',#3012,1.);
#303=VECTOR('',#3065,1.);
#304=VECTOR('',#3066,1.);
#305=VECTOR('',#3067,1.);
#306=VECTOR('',#3068,1.);
#307=VECTOR('',#3071,1.);
#308=VECTOR('',#3072,1.);
#309=VECTOR('',#3073,1.);
#310=VECTOR('',#3074,1.);
#311=VECTOR('',#3077,1.);
#312=VECTOR('',#3078,1.);
#313=VECTOR('',#3081,1.);
#314=VECTOR('',#3084,1.);
#315=VECTOR('',#3105,1.);
#316=VECTOR('',#3108,1.);
#317=VECTOR('',#3111,1.);
#318=VECTOR('',#3114,1.);
#319=VECTOR('',#3117,1.);
#320=VECTOR('',#3120,1.);
#321=VECTOR('',#3123,1.);
#322=VECTOR('',#3126,1.);
#323=VECTOR('',#3131,1.);
#324=VECTOR('',#3132,1.);
#325=VECTOR('',#3133,1.);
#326=VECTOR('',#3136,1.);
#327=VECTOR('',#3137,1.);
#328=VECTOR('',#3138,1.);
#329=VECTOR('',#3141,1.);
#330=VECTOR('',#3142,1.);
#331=VECTOR('',#3143,1.);
#332=VECTOR('',#3146,1.);
#333=VECTOR('',#3147,1.);
#334=VECTOR('',#3148,1.);
#335=VECTOR('',#3161,1.);
#336=VECTOR('',#3162,1.);
#337=VECTOR('',#3163,1.);
#338=VECTOR('',#3166,1.);
#339=VECTOR('',#3167,1.);
#340=VECTOR('',#3168,1.);
#341=VECTOR('',#3171,1.);
#342=VECTOR('',#3172,1.);
#343=VECTOR('',#3173,1.);
#344=VECTOR('',#3176,1.);
#345=VECTOR('',#3177,1.);
#346=VECTOR('',#3178,1.);
#347=VECTOR('',#3181,1.);
#348=VECTOR('',#3182,1.);
#349=VECTOR('',#3183,1.);
#350=VECTOR('',#3184,1.);
#351=VECTOR('',#3185,1.);
#352=VECTOR('',#3186,1.);
#353=VECTOR('',#3187,1.);
#354=VECTOR('',#3188,1.);
#355=VECTOR('',#3189,1.);
#356=VECTOR('',#3190,1.);
#357=VECTOR('',#3191,1.);
#358=VECTOR('',#3192,1.);
#359=VECTOR('',#3193,1.);
#360=VECTOR('',#3194,1.);
#361=VECTOR('',#3195,1.);
#362=VECTOR('',#3196,1.);
#363=VECTOR('',#3247,1.);
#364=VECTOR('',#3248,1.);
#365=VECTOR('',#3249,1.);
#366=VECTOR('',#3252,1.);
#367=VECTOR('',#3253,1.);
#368=VECTOR('',#3256,1.);
#369=VECTOR('',#3257,1.);
#370=VECTOR('',#3260,1.);
#371=VECTOR('',#3265,1.);
#372=VECTOR('',#3266,1.);
#373=VECTOR('',#3267,1.);
#374=VECTOR('',#3270,1.);
#375=VECTOR('',#3271,1.);
#376=VECTOR('',#3274,1.);
#377=VECTOR('',#3275,1.);
#378=VECTOR('',#3278,1.);
#379=VECTOR('',#3283,1.);
#380=VECTOR('',#3284,1.);
#381=VECTOR('',#3285,1.);
#382=VECTOR('',#3288,1.);
#383=VECTOR('',#3289,1.);
#384=VECTOR('',#3292,1.);
#385=VECTOR('',#3293,1.);
#386=VECTOR('',#3296,1.);
#387=VECTOR('',#3301,1.);
#388=VECTOR('',#3302,1.);
#389=VECTOR('',#3303,1.);
#390=VECTOR('',#3306,1.);
#391=VECTOR('',#3307,1.);
#392=VECTOR('',#3310,1.);
#393=VECTOR('',#3311,1.);
#394=VECTOR('',#3314,1.);
#395=CONTEXT_DEPENDENT_SHAPE_REPRESENTATION(#433,#6649);
#396=CONTEXT_DEPENDENT_SHAPE_REPRESENTATION(#434,#6651);
#397=CONTEXT_DEPENDENT_SHAPE_REPRESENTATION(#435,#6652);
#398=CONTEXT_DEPENDENT_SHAPE_REPRESENTATION(#436,#6654);
#399=CONTEXT_DEPENDENT_SHAPE_REPRESENTATION(#437,#6655);
#400=CONTEXT_DEPENDENT_SHAPE_REPRESENTATION(#438,#6656);
#401=CONTEXT_DEPENDENT_SHAPE_REPRESENTATION(#439,#6657);
#402=CONTEXT_DEPENDENT_SHAPE_REPRESENTATION(#440,#6658);
#403=CONTEXT_DEPENDENT_SHAPE_REPRESENTATION(#441,#6659);
#404=CONTEXT_DEPENDENT_SHAPE_REPRESENTATION(#442,#6660);
#405=CONTEXT_DEPENDENT_SHAPE_REPRESENTATION(#443,#6661);
#406=CONTEXT_DEPENDENT_SHAPE_REPRESENTATION(#444,#6662);
#407=CONTEXT_DEPENDENT_SHAPE_REPRESENTATION(#445,#6664);
#408=CONTEXT_DEPENDENT_SHAPE_REPRESENTATION(#446,#6665);
#409=CONTEXT_DEPENDENT_SHAPE_REPRESENTATION(#447,#6667);
#410=CONTEXT_DEPENDENT_SHAPE_REPRESENTATION(#448,#6668);
#411=CONTEXT_DEPENDENT_SHAPE_REPRESENTATION(#449,#6669);
#412=CONTEXT_DEPENDENT_SHAPE_REPRESENTATION(#450,#6670);
#413=CONTEXT_DEPENDENT_SHAPE_REPRESENTATION(#451,#6672);
#414=NEXT_ASSEMBLY_USAGE_OCCURRENCE('NAUO1','Part 1','Part 1',#6673,#6674,
'');
#415=NEXT_ASSEMBLY_USAGE_OCCURRENCE('NAUO2','Part 19','Part 19',#6673,#6675,
'');
#416=NEXT_ASSEMBLY_USAGE_OCCURRENCE('NAUO3','Part 19','Part 19',#6673,#6675,
'');
#417=NEXT_ASSEMBLY_USAGE_OCCURRENCE('NAUO4','Part 1','Part 1',#6673,#6676,
'');
#418=NEXT_ASSEMBLY_USAGE_OCCURRENCE('NAUO5','Part 1','Part 1',#6673,#6674,
'');
#419=NEXT_ASSEMBLY_USAGE_OCCURRENCE('NAUO6','Part 1','Part 1',#6673,#6676,
'');
#420=NEXT_ASSEMBLY_USAGE_OCCURRENCE('NAUO7','Part 1','Part 1',#6673,#6674,
'');
#421=NEXT_ASSEMBLY_USAGE_OCCURRENCE('NAUO8','Part 1','Part 1',#6673,#6676,
'');
#422=NEXT_ASSEMBLY_USAGE_OCCURRENCE('NAUO9','Part 1','Part 1',#6673,#6674,
'');
#423=NEXT_ASSEMBLY_USAGE_OCCURRENCE('NAUO10','Part 1','Part 1',#6673,#6674,
'');
#424=NEXT_ASSEMBLY_USAGE_OCCURRENCE('NAUO11','Part 1','Part 1',#6673,#6674,
'');
#425=NEXT_ASSEMBLY_USAGE_OCCURRENCE('NAUO12','Part 19','Part 19',#6673,
#6675,'');
#426=NEXT_ASSEMBLY_USAGE_OCCURRENCE('NAUO13','Part 1','Part 1',#6673,#6677,
'');
#427=NEXT_ASSEMBLY_USAGE_OCCURRENCE('NAUO14','Part 19','Part 19',#6673,
#6675,'');
#428=NEXT_ASSEMBLY_USAGE_OCCURRENCE('NAUO15','Part 1','Part 1',#6673,#6678,
'');
#429=NEXT_ASSEMBLY_USAGE_OCCURRENCE('NAUO16','Part 1','Part 1',#6673,#6678,
'');
#430=NEXT_ASSEMBLY_USAGE_OCCURRENCE('NAUO17','Part 1','Part 1',#6673,#6678,
'');
#431=NEXT_ASSEMBLY_USAGE_OCCURRENCE('NAUO18','Part 1','Part 1',#6673,#6678,
'');
#432=NEXT_ASSEMBLY_USAGE_OCCURRENCE('NAUO19','Part 1','Part 1',#6673,#6679,
'');
#433=(
REPRESENTATION_RELATIONSHIP(' ',' ',#2367,#2366)
REPRESENTATION_RELATIONSHIP_WITH_TRANSFORMATION(#452)
SHAPE_REPRESENTATION_RELATIONSHIP()
);
#434=(
REPRESENTATION_RELATIONSHIP(' ',' ',#2368,#2366)
REPRESENTATION_RELATIONSHIP_WITH_TRANSFORMATION(#453)
SHAPE_REPRESENTATION_RELATIONSHIP()
);
#435=(
REPRESENTATION_RELATIONSHIP(' ',' ',#2368,#2366)
REPRESENTATION_RELATIONSHIP_WITH_TRANSFORMATION(#454)
SHAPE_REPRESENTATION_RELATIONSHIP()
);
#436=(
REPRESENTATION_RELATIONSHIP(' ',' ',#2369,#2366)
REPRESENTATION_RELATIONSHIP_WITH_TRANSFORMATION(#455)
SHAPE_REPRESENTATION_RELATIONSHIP()
);
#437=(
REPRESENTATION_RELATIONSHIP(' ',' ',#2367,#2366)
REPRESENTATION_RELATIONSHIP_WITH_TRANSFORMATION(#456)
SHAPE_REPRESENTATION_RELATIONSHIP()
);
#438=(
REPRESENTATION_RELATIONSHIP(' ',' ',#2369,#2366)
REPRESENTATION_RELATIONSHIP_WITH_TRANSFORMATION(#457)
SHAPE_REPRESENTATION_RELATIONSHIP()
);
#439=(
REPRESENTATION_RELATIONSHIP(' ',' ',#2367,#2366)
REPRESENTATION_RELATIONSHIP_WITH_TRANSFORMATION(#458)
SHAPE_REPRESENTATION_RELATIONSHIP()
);
#440=(
REPRESENTATION_RELATIONSHIP(' ',' ',#2369,#2366)
REPRESENTATION_RELATIONSHIP_WITH_TRANSFORMATION(#459)
SHAPE_REPRESENTATION_RELATIONSHIP()
);
#441=(
REPRESENTATION_RELATIONSHIP(' ',' ',#2367,#2366)
REPRESENTATION_RELATIONSHIP_WITH_TRANSFORMATION(#460)
SHAPE_REPRESENTATION_RELATIONSHIP()
);
#442=(
REPRESENTATION_RELATIONSHIP(' ',' ',#2367,#2366)
REPRESENTATION_RELATIONSHIP_WITH_TRANSFORMATION(#461)
SHAPE_REPRESENTATION_RELATIONSHIP()
);
#443=(
REPRESENTATION_RELATIONSHIP(' ',' ',#2367,#2366)
REPRESENTATION_RELATIONSHIP_WITH_TRANSFORMATION(#462)
SHAPE_REPRESENTATION_RELATIONSHIP()
);
#444=(
REPRESENTATION_RELATIONSHIP(' ',' ',#2368,#2366)
REPRESENTATION_RELATIONSHIP_WITH_TRANSFORMATION(#463)
SHAPE_REPRESENTATION_RELATIONSHIP()
);
#445=(
REPRESENTATION_RELATIONSHIP(' ',' ',#2370,#2366)
REPRESENTATION_RELATIONSHIP_WITH_TRANSFORMATION(#464)
SHAPE_REPRESENTATION_RELATIONSHIP()
);
#446=(
REPRESENTATION_RELATIONSHIP(' ',' ',#2368,#2366)
REPRESENTATION_RELATIONSHIP_WITH_TRANSFORMATION(#465)
SHAPE_REPRESENTATION_RELATIONSHIP()
);
#447=(
REPRESENTATION_RELATIONSHIP(' ',' ',#2371,#2366)
REPRESENTATION_RELATIONSHIP_WITH_TRANSFORMATION(#466)
SHAPE_REPRESENTATION_RELATIONSHIP()
);
#448=(
REPRESENTATION_RELATIONSHIP(' ',' ',#2371,#2366)
REPRESENTATION_RELATIONSHIP_WITH_TRANSFORMATION(#467)
SHAPE_REPRESENTATION_RELATIONSHIP()
);
#449=(
REPRESENTATION_RELATIONSHIP(' ',' ',#2371,#2366)
REPRESENTATION_RELATIONSHIP_WITH_TRANSFORMATION(#468)
SHAPE_REPRESENTATION_RELATIONSHIP()
);
#450=(
REPRESENTATION_RELATIONSHIP(' ',' ',#2371,#2366)
REPRESENTATION_RELATIONSHIP_WITH_TRANSFORMATION(#469)
SHAPE_REPRESENTATION_RELATIONSHIP()
);
#451=(
REPRESENTATION_RELATIONSHIP(' ',' ',#2372,#2366)
REPRESENTATION_RELATIONSHIP_WITH_TRANSFORMATION(#470)
SHAPE_REPRESENTATION_RELATIONSHIP()
);
#452=ITEM_DEFINED_TRANSFORMATION(' ',' ',#2373,#2387);
#453=ITEM_DEFINED_TRANSFORMATION(' ',' ',#2373,#2406);
#454=ITEM_DEFINED_TRANSFORMATION(' ',' ',#2373,#2407);
#455=ITEM_DEFINED_TRANSFORMATION(' ',' ',#2373,#2437);
#456=ITEM_DEFINED_TRANSFORMATION(' ',' ',#2373,#2438);
#457=ITEM_DEFINED_TRANSFORMATION(' ',' ',#2373,#2439);
#458=ITEM_DEFINED_TRANSFORMATION(' ',' ',#2373,#2440);
#459=ITEM_DEFINED_TRANSFORMATION(' ',' ',#2373,#2441);
#460=ITEM_DEFINED_TRANSFORMATION(' ',' ',#2373,#2442);
#461=ITEM_DEFINED_TRANSFORMATION(' ',' ',#2373,#2443);
#462=ITEM_DEFINED_TRANSFORMATION(' ',' ',#2373,#2444);
#463=ITEM_DEFINED_TRANSFORMATION(' ',' ',#2373,#2445);
#464=ITEM_DEFINED_TRANSFORMATION(' ',' ',#2373,#2496);
#465=ITEM_DEFINED_TRANSFORMATION(' ',' ',#2373,#2497);
#466=ITEM_DEFINED_TRANSFORMATION(' ',' ',#2373,#2551);
#467=ITEM_DEFINED_TRANSFORMATION(' ',' ',#2373,#2552);
#468=ITEM_DEFINED_TRANSFORMATION(' ',' ',#2373,#2553);
#469=ITEM_DEFINED_TRANSFORMATION(' ',' ',#2373,#2554);
#470=ITEM_DEFINED_TRANSFORMATION(' ',' ',#2373,#2626);
#471=SHAPE_REPRESENTATION_RELATIONSHIP('','',#2367,#477);
#472=SHAPE_REPRESENTATION_RELATIONSHIP('','',#2368,#478);
#473=SHAPE_REPRESENTATION_RELATIONSHIP('','',#2369,#479);
#474=SHAPE_REPRESENTATION_RELATIONSHIP('','',#2370,#480);
#475=SHAPE_REPRESENTATION_RELATIONSHIP('','',#2371,#481);
#476=SHAPE_REPRESENTATION_RELATIONSHIP('','',#2372,#482);
#477=ADVANCED_BREP_SHAPE_REPRESENTATION('',(#2353),#6631);
#478=ADVANCED_BREP_SHAPE_REPRESENTATION('',(#2354),#6632);
#479=ADVANCED_BREP_SHAPE_REPRESENTATION('',(#2355),#6633);
#480=ADVANCED_BREP_SHAPE_REPRESENTATION('',(#2356),#6634);
#481=ADVANCED_BREP_SHAPE_REPRESENTATION('',(#2357),#6635);
#482=ADVANCED_BREP_SHAPE_REPRESENTATION('',(#2358),#6636);
#483=CONICAL_SURFACE('',#2386,0.005,0.785398163397448);
#484=PLANE('',#2377);
#485=PLANE('',#2379);
#486=PLANE('',#2383);
#487=PLANE('',#2384);
#488=PLANE('',#2388);
#489=PLANE('',#2393);
#490=PLANE('',#2394);
#491=PLANE('',#2397);
#492=PLANE('',#2398);
#493=PLANE('',#2399);
#494=PLANE('',#2400);
#495=PLANE('',#2401);
#496=PLANE('',#2402);
#497=PLANE('',#2403);
#498=PLANE('',#2404);
#499=PLANE('',#2405);
#500=PLANE('',#2408);
#501=PLANE('',#2409);
#502=PLANE('',#2410);
#503=PLANE('',#2411);
#504=PLANE('',#2412);
#505=PLANE('',#2416);
#506=PLANE('',#2420);
#507=PLANE('',#2427);
#508=PLANE('',#2431);
#509=PLANE('',#2435);
#510=PLANE('',#2436);
#511=PLANE('',#2446);
#512=PLANE('',#2447);
#513=PLANE('',#2448);
#514=PLANE('',#2449);
#515=PLANE('',#2450);
#516=PLANE('',#2459);
#517=PLANE('',#2501);
#518=PLANE('',#2508);
#519=PLANE('',#2518);
#520=PLANE('',#2519);
#521=PLANE('',#2520);
#522=PLANE('',#2529);
#523=PLANE('',#2532);
#524=PLANE('',#2535);
#525=PLANE('',#2538);
#526=PLANE('',#2541);
#527=PLANE('',#2544);
#528=PLANE('',#2545);
#529=PLANE('',#2546);
#530=PLANE('',#2547);
#531=PLANE('',#2548);
#532=PLANE('',#2549);
#533=PLANE('',#2550);
#534=PLANE('',#2555);
#535=PLANE('',#2568);
#536=PLANE('',#2569);
#537=PLANE('',#2570);
#538=PLANE('',#2571);
#539=PLANE('',#2572);
#540=PLANE('',#2577);
#541=PLANE('',#2578);
#542=PLANE('',#2579);
#543=PLANE('',#2580);
#544=PLANE('',#2581);
#545=PLANE('',#2596);
#546=PLANE('',#2599);
#547=PLANE('',#2602);
#548=PLANE('',#2605);
#549=PLANE('',#2606);
#550=PLANE('',#2607);
#551=PLANE('',#2608);
#552=PLANE('',#2609);
#553=PLANE('',#2610);
#554=PLANE('',#2611);
#555=PLANE('',#2612);
#556=PLANE('',#2613);
#557=PLANE('',#2614);
#558=PLANE('',#2615);
#559=PLANE('',#2616);
#560=PLANE('',#2617);
#561=PLANE('',#2618);
#562=PLANE('',#2619);
#563=PLANE('',#2620);
#564=PLANE('',#2621);
#565=PLANE('',#2622);
#566=PLANE('',#2623);
#567=PLANE('',#2624);
#568=PLANE('',#2625);
#569=ORIENTED_EDGE('',*,*,#1153,.F.);
#570=ORIENTED_EDGE('',*,*,#1154,.T.);
#571=ORIENTED_EDGE('',*,*,#1155,.F.);
#572=ORIENTED_EDGE('',*,*,#1153,.T.);
#573=ORIENTED_EDGE('',*,*,#1156,.F.);
#574=ORIENTED_EDGE('',*,*,#1154,.F.);
#575=ORIENTED_EDGE('',*,*,#1157,.F.);
#576=ORIENTED_EDGE('',*,*,#1155,.T.);
#577=ORIENTED_EDGE('',*,*,#1157,.T.);
#578=ORIENTED_EDGE('',*,*,#1158,.T.);
#579=ORIENTED_EDGE('',*,*,#1156,.T.);
#580=ORIENTED_EDGE('',*,*,#1158,.F.);
#581=ORIENTED_EDGE('',*,*,#1159,.T.);
#582=ORIENTED_EDGE('',*,*,#1160,.T.);
#583=ORIENTED_EDGE('',*,*,#1161,.T.);
#584=ORIENTED_EDGE('',*,*,#1162,.T.);
#585=ORIENTED_EDGE('',*,*,#1163,.T.);
#586=ORIENTED_EDGE('',*,*,#1164,.T.);
#587=ORIENTED_EDGE('',*,*,#1165,.T.);
#588=ORIENTED_EDGE('',*,*,#1166,.T.);
#589=ORIENTED_EDGE('',*,*,#1167,.T.);
#590=ORIENTED_EDGE('',*,*,#1168,.T.);
#591=ORIENTED_EDGE('',*,*,#1169,.T.);
#592=ORIENTED_EDGE('',*,*,#1170,.F.);
#593=ORIENTED_EDGE('',*,*,#1171,.F.);
#594=ORIENTED_EDGE('',*,*,#1172,.F.);
#595=ORIENTED_EDGE('',*,*,#1173,.F.);
#596=ORIENTED_EDGE('',*,*,#1174,.F.);
#597=ORIENTED_EDGE('',*,*,#1170,.T.);
#598=ORIENTED_EDGE('',*,*,#1175,.T.);
#599=ORIENTED_EDGE('',*,*,#1173,.T.);
#600=ORIENTED_EDGE('',*,*,#1176,.F.);
#601=ORIENTED_EDGE('',*,*,#1177,.F.);
#602=ORIENTED_EDGE('',*,*,#1176,.T.);
#603=ORIENTED_EDGE('',*,*,#1172,.T.);
#604=ORIENTED_EDGE('',*,*,#1169,.F.);
#605=ORIENTED_EDGE('',*,*,#1178,.F.);
#606=ORIENTED_EDGE('',*,*,#1171,.T.);
#607=ORIENTED_EDGE('',*,*,#1174,.T.);
#608=ORIENTED_EDGE('',*,*,#1175,.F.);
#609=ORIENTED_EDGE('',*,*,#1179,.F.);
#610=ORIENTED_EDGE('',*,*,#1180,.F.);
#611=ORIENTED_EDGE('',*,*,#1177,.T.);
#612=ORIENTED_EDGE('',*,*,#1178,.T.);
#613=ORIENTED_EDGE('',*,*,#1168,.F.);
#614=ORIENTED_EDGE('',*,*,#1179,.T.);
#615=ORIENTED_EDGE('',*,*,#1159,.F.);
#616=ORIENTED_EDGE('',*,*,#1180,.T.);
#617=ORIENTED_EDGE('',*,*,#1161,.F.);
#618=ORIENTED_EDGE('',*,*,#1181,.F.);
#619=ORIENTED_EDGE('',*,*,#1182,.T.);
#620=ORIENTED_EDGE('',*,*,#1183,.T.);
#621=ORIENTED_EDGE('',*,*,#1160,.F.);
#622=ORIENTED_EDGE('',*,*,#1184,.F.);
#623=ORIENTED_EDGE('',*,*,#1185,.T.);
#624=ORIENTED_EDGE('',*,*,#1181,.T.);
#625=ORIENTED_EDGE('',*,*,#1167,.F.);
#626=ORIENTED_EDGE('',*,*,#1186,.F.);
#627=ORIENTED_EDGE('',*,*,#1187,.T.);
#628=ORIENTED_EDGE('',*,*,#1184,.T.);
#629=ORIENTED_EDGE('',*,*,#1166,.F.);
#630=ORIENTED_EDGE('',*,*,#1188,.F.);
#631=ORIENTED_EDGE('',*,*,#1189,.T.);
#632=ORIENTED_EDGE('',*,*,#1186,.T.);
#633=ORIENTED_EDGE('',*,*,#1165,.F.);
#634=ORIENTED_EDGE('',*,*,#1190,.F.);
#635=ORIENTED_EDGE('',*,*,#1191,.T.);
#636=ORIENTED_EDGE('',*,*,#1188,.T.);
#637=ORIENTED_EDGE('',*,*,#1164,.F.);
#638=ORIENTED_EDGE('',*,*,#1192,.F.);
#639=ORIENTED_EDGE('',*,*,#1193,.T.);
#640=ORIENTED_EDGE('',*,*,#1190,.T.);
#641=ORIENTED_EDGE('',*,*,#1163,.F.);
#642=ORIENTED_EDGE('',*,*,#1194,.F.);
#643=ORIENTED_EDGE('',*,*,#1195,.T.);
#644=ORIENTED_EDGE('',*,*,#1192,.T.);
#645=ORIENTED_EDGE('',*,*,#1162,.F.);
#646=ORIENTED_EDGE('',*,*,#1183,.F.);
#647=ORIENTED_EDGE('',*,*,#1196,.T.);
#648=ORIENTED_EDGE('',*,*,#1194,.T.);
#649=ORIENTED_EDGE('',*,*,#1182,.F.);
#650=ORIENTED_EDGE('',*,*,#1185,.F.);
#651=ORIENTED_EDGE('',*,*,#1187,.F.);
#652=ORIENTED_EDGE('',*,*,#1189,.F.);
#653=ORIENTED_EDGE('',*,*,#1191,.F.);
#654=ORIENTED_EDGE('',*,*,#1193,.F.);
#655=ORIENTED_EDGE('',*,*,#1195,.F.);
#656=ORIENTED_EDGE('',*,*,#1196,.F.);
#657=ORIENTED_EDGE('',*,*,#1197,.T.);
#658=ORIENTED_EDGE('',*,*,#1198,.F.);
#659=ORIENTED_EDGE('',*,*,#1199,.F.);
#660=ORIENTED_EDGE('',*,*,#1200,.T.);
#661=ORIENTED_EDGE('',*,*,#1199,.T.);
#662=ORIENTED_EDGE('',*,*,#1201,.T.);
#663=ORIENTED_EDGE('',*,*,#1202,.F.);
#664=ORIENTED_EDGE('',*,*,#1203,.F.);
#665=ORIENTED_EDGE('',*,*,#1202,.T.);
#666=ORIENTED_EDGE('',*,*,#1204,.T.);
#667=ORIENTED_EDGE('',*,*,#1205,.F.);
#668=ORIENTED_EDGE('',*,*,#1206,.F.);
#669=ORIENTED_EDGE('',*,*,#1205,.T.);
#670=ORIENTED_EDGE('',*,*,#1207,.F.);
#671=ORIENTED_EDGE('',*,*,#1197,.F.);
#672=ORIENTED_EDGE('',*,*,#1208,.T.);
#673=ORIENTED_EDGE('',*,*,#1200,.F.);
#674=ORIENTED_EDGE('',*,*,#1203,.T.);
#675=ORIENTED_EDGE('',*,*,#1206,.T.);
#676=ORIENTED_EDGE('',*,*,#1208,.F.);
#677=ORIENTED_EDGE('',*,*,#1209,.F.);
#678=ORIENTED_EDGE('',*,*,#1210,.F.);
#679=ORIENTED_EDGE('',*,*,#1211,.T.);
#680=ORIENTED_EDGE('',*,*,#1212,.T.);
#681=ORIENTED_EDGE('',*,*,#1213,.T.);
#682=ORIENTED_EDGE('',*,*,#1214,.F.);
#683=ORIENTED_EDGE('',*,*,#1215,.F.);
#684=ORIENTED_EDGE('',*,*,#1210,.T.);
#685=ORIENTED_EDGE('',*,*,#1216,.F.);
#686=ORIENTED_EDGE('',*,*,#1217,.F.);
#687=ORIENTED_EDGE('',*,*,#1218,.T.);
#688=ORIENTED_EDGE('',*,*,#1214,.T.);
#689=ORIENTED_EDGE('',*,*,#1219,.T.);
#690=ORIENTED_EDGE('',*,*,#1220,.F.);
#691=ORIENTED_EDGE('',*,*,#1221,.F.);
#692=ORIENTED_EDGE('',*,*,#1217,.T.);
#693=ORIENTED_EDGE('',*,*,#1222,.F.);
#694=ORIENTED_EDGE('',*,*,#1223,.F.);
#695=ORIENTED_EDGE('',*,*,#1224,.T.);
#696=ORIENTED_EDGE('',*,*,#1220,.T.);
#697=ORIENTED_EDGE('',*,*,#1225,.F.);
#698=ORIENTED_EDGE('',*,*,#1226,.F.);
#699=ORIENTED_EDGE('',*,*,#1227,.T.);
#700=ORIENTED_EDGE('',*,*,#1223,.T.);
#701=ORIENTED_EDGE('',*,*,#1228,.F.);
#702=ORIENTED_EDGE('',*,*,#1229,.F.);
#703=ORIENTED_EDGE('',*,*,#1230,.T.);
#704=ORIENTED_EDGE('',*,*,#1226,.T.);
#705=ORIENTED_EDGE('',*,*,#1231,.F.);
#706=ORIENTED_EDGE('',*,*,#1232,.F.);
#707=ORIENTED_EDGE('',*,*,#1233,.T.);
#708=ORIENTED_EDGE('',*,*,#1229,.T.);
#709=ORIENTED_EDGE('',*,*,#1234,.F.);
#710=ORIENTED_EDGE('',*,*,#1235,.F.);
#711=ORIENTED_EDGE('',*,*,#1236,.T.);
#712=ORIENTED_EDGE('',*,*,#1232,.T.);
#713=ORIENTED_EDGE('',*,*,#1237,.F.);
#714=ORIENTED_EDGE('',*,*,#1212,.F.);
#715=ORIENTED_EDGE('',*,*,#1238,.T.);
#716=ORIENTED_EDGE('',*,*,#1235,.T.);
#717=ORIENTED_EDGE('',*,*,#1211,.F.);
#718=ORIENTED_EDGE('',*,*,#1215,.T.);
#719=ORIENTED_EDGE('',*,*,#1218,.F.);
#720=ORIENTED_EDGE('',*,*,#1221,.T.);
#721=ORIENTED_EDGE('',*,*,#1224,.F.);
#722=ORIENTED_EDGE('',*,*,#1227,.F.);
#723=ORIENTED_EDGE('',*,*,#1230,.F.);
#724=ORIENTED_EDGE('',*,*,#1233,.F.);
#725=ORIENTED_EDGE('',*,*,#1236,.F.);
#726=ORIENTED_EDGE('',*,*,#1238,.F.);
#727=ORIENTED_EDGE('',*,*,#1201,.F.);
#728=ORIENTED_EDGE('',*,*,#1198,.T.);
#729=ORIENTED_EDGE('',*,*,#1207,.T.);
#730=ORIENTED_EDGE('',*,*,#1204,.F.);
#731=ORIENTED_EDGE('',*,*,#1213,.F.);
#732=ORIENTED_EDGE('',*,*,#1209,.T.);
#733=ORIENTED_EDGE('',*,*,#1237,.T.);
#734=ORIENTED_EDGE('',*,*,#1234,.T.);
#735=ORIENTED_EDGE('',*,*,#1231,.T.);
#736=ORIENTED_EDGE('',*,*,#1228,.T.);
#737=ORIENTED_EDGE('',*,*,#1225,.T.);
#738=ORIENTED_EDGE('',*,*,#1222,.T.);
#739=ORIENTED_EDGE('',*,*,#1219,.F.);
#740=ORIENTED_EDGE('',*,*,#1216,.T.);
#741=ORIENTED_EDGE('',*,*,#1239,.T.);
#742=ORIENTED_EDGE('',*,*,#1240,.T.);
#743=ORIENTED_EDGE('',*,*,#1241,.T.);
#744=ORIENTED_EDGE('',*,*,#1242,.F.);
#745=ORIENTED_EDGE('',*,*,#1243,.T.);
#746=ORIENTED_EDGE('',*,*,#1244,.T.);
#747=ORIENTED_EDGE('',*,*,#1245,.T.);
#748=ORIENTED_EDGE('',*,*,#1246,.T.);
#749=ORIENTED_EDGE('',*,*,#1247,.T.);
#750=ORIENTED_EDGE('',*,*,#1248,.T.);
#751=ORIENTED_EDGE('',*,*,#1249,.T.);
#752=ORIENTED_EDGE('',*,*,#1250,.T.);
#753=ORIENTED_EDGE('',*,*,#1251,.T.);
#754=ORIENTED_EDGE('',*,*,#1252,.T.);
#755=ORIENTED_EDGE('',*,*,#1253,.T.);
#756=ORIENTED_EDGE('',*,*,#1254,.F.);
#757=ORIENTED_EDGE('',*,*,#1255,.F.);
#758=ORIENTED_EDGE('',*,*,#1256,.F.);
#759=ORIENTED_EDGE('',*,*,#1257,.F.);
#760=ORIENTED_EDGE('',*,*,#1258,.F.);
#761=ORIENTED_EDGE('',*,*,#1259,.T.);
#762=ORIENTED_EDGE('',*,*,#1260,.T.);
#763=ORIENTED_EDGE('',*,*,#1261,.T.);
#764=ORIENTED_EDGE('',*,*,#1262,.T.);
#765=ORIENTED_EDGE('',*,*,#1263,.T.);
#766=ORIENTED_EDGE('',*,*,#1264,.T.);
#767=ORIENTED_EDGE('',*,*,#1265,.T.);
#768=ORIENTED_EDGE('',*,*,#1266,.T.);
#769=ORIENTED_EDGE('',*,*,#1267,.F.);
#770=ORIENTED_EDGE('',*,*,#1268,.F.);
#771=ORIENTED_EDGE('',*,*,#1269,.F.);
#772=ORIENTED_EDGE('',*,*,#1270,.F.);
#773=ORIENTED_EDGE('',*,*,#1242,.T.);
#774=ORIENTED_EDGE('',*,*,#1271,.T.);
#775=ORIENTED_EDGE('',*,*,#1254,.T.);
#776=ORIENTED_EDGE('',*,*,#1272,.T.);
#777=ORIENTED_EDGE('',*,*,#1250,.F.);
#778=ORIENTED_EDGE('',*,*,#1273,.T.);
#779=ORIENTED_EDGE('',*,*,#1246,.F.);
#780=ORIENTED_EDGE('',*,*,#1274,.T.);
#781=ORIENTED_EDGE('',*,*,#1241,.F.);
#782=ORIENTED_EDGE('',*,*,#1275,.T.);
#783=ORIENTED_EDGE('',*,*,#1251,.F.);
#784=ORIENTED_EDGE('',*,*,#1271,.F.);
#785=ORIENTED_EDGE('',*,*,#1245,.F.);
#786=ORIENTED_EDGE('',*,*,#1276,.T.);
#787=ORIENTED_EDGE('',*,*,#1239,.F.);
#788=ORIENTED_EDGE('',*,*,#1274,.F.);
#789=ORIENTED_EDGE('',*,*,#1249,.F.);
#790=ORIENTED_EDGE('',*,*,#1277,.T.);
#791=ORIENTED_EDGE('',*,*,#1243,.F.);
#792=ORIENTED_EDGE('',*,*,#1273,.F.);
#793=ORIENTED_EDGE('',*,*,#1253,.F.);
#794=ORIENTED_EDGE('',*,*,#1278,.T.);
#795=ORIENTED_EDGE('',*,*,#1247,.F.);
#796=ORIENTED_EDGE('',*,*,#1272,.F.);
#797=ORIENTED_EDGE('',*,*,#1279,.F.);
#798=ORIENTED_EDGE('',*,*,#1275,.F.);
#799=ORIENTED_EDGE('',*,*,#1280,.F.);
#800=ORIENTED_EDGE('',*,*,#1264,.F.);
#801=ORIENTED_EDGE('',*,*,#1280,.T.);
#802=ORIENTED_EDGE('',*,*,#1240,.F.);
#803=ORIENTED_EDGE('',*,*,#1281,.F.);
#804=ORIENTED_EDGE('',*,*,#1265,.F.);
#805=ORIENTED_EDGE('',*,*,#1279,.T.);
#806=ORIENTED_EDGE('',*,*,#1263,.F.);
#807=ORIENTED_EDGE('',*,*,#1282,.F.);
#808=ORIENTED_EDGE('',*,*,#1252,.F.);
#809=ORIENTED_EDGE('',*,*,#1281,.T.);
#810=ORIENTED_EDGE('',*,*,#1276,.F.);
#811=ORIENTED_EDGE('',*,*,#1283,.F.);
#812=ORIENTED_EDGE('',*,*,#1266,.F.);
#813=ORIENTED_EDGE('',*,*,#1282,.T.);
#814=ORIENTED_EDGE('',*,*,#1262,.F.);
#815=ORIENTED_EDGE('',*,*,#1284,.F.);
#816=ORIENTED_EDGE('',*,*,#1278,.F.);
#817=ORIENTED_EDGE('',*,*,#1283,.T.);
#818=ORIENTED_EDGE('',*,*,#1244,.F.);
#819=ORIENTED_EDGE('',*,*,#1285,.F.);
#820=ORIENTED_EDGE('',*,*,#1259,.F.);
#821=ORIENTED_EDGE('',*,*,#1284,.T.);
#822=ORIENTED_EDGE('',*,*,#1261,.F.);
#823=ORIENTED_EDGE('',*,*,#1286,.F.);
#824=ORIENTED_EDGE('',*,*,#1248,.F.);
#825=ORIENTED_EDGE('',*,*,#1285,.T.);
#826=ORIENTED_EDGE('',*,*,#1277,.F.);
#827=ORIENTED_EDGE('',*,*,#1286,.T.);
#828=ORIENTED_EDGE('',*,*,#1260,.F.);
#829=ORIENTED_EDGE('',*,*,#1258,.T.);
#830=ORIENTED_EDGE('',*,*,#1270,.T.);
#831=ORIENTED_EDGE('',*,*,#1257,.T.);
#832=ORIENTED_EDGE('',*,*,#1269,.T.);
#833=ORIENTED_EDGE('',*,*,#1256,.T.);
#834=ORIENTED_EDGE('',*,*,#1268,.T.);
#835=ORIENTED_EDGE('',*,*,#1255,.T.);
#836=ORIENTED_EDGE('',*,*,#1267,.T.);
#837=ORIENTED_EDGE('',*,*,#1287,.F.);
#838=ORIENTED_EDGE('',*,*,#1288,.T.);
#839=ORIENTED_EDGE('',*,*,#1289,.T.);
#840=ORIENTED_EDGE('',*,*,#1290,.F.);
#841=ORIENTED_EDGE('',*,*,#1291,.F.);
#842=ORIENTED_EDGE('',*,*,#1287,.T.);
#843=ORIENTED_EDGE('',*,*,#1292,.T.);
#844=ORIENTED_EDGE('',*,*,#1293,.F.);
#845=ORIENTED_EDGE('',*,*,#1294,.F.);
#846=ORIENTED_EDGE('',*,*,#1295,.T.);
#847=ORIENTED_EDGE('',*,*,#1293,.T.);
#848=ORIENTED_EDGE('',*,*,#1296,.F.);
#849=ORIENTED_EDGE('',*,*,#1289,.F.);
#850=ORIENTED_EDGE('',*,*,#1297,.T.);
#851=ORIENTED_EDGE('',*,*,#1298,.T.);
#852=ORIENTED_EDGE('',*,*,#1299,.F.);
#853=ORIENTED_EDGE('',*,*,#1300,.F.);
#854=ORIENTED_EDGE('',*,*,#1294,.T.);
#855=ORIENTED_EDGE('',*,*,#1301,.T.);
#856=ORIENTED_EDGE('',*,*,#1302,.F.);
#857=ORIENTED_EDGE('',*,*,#1303,.F.);
#858=ORIENTED_EDGE('',*,*,#1304,.T.);
#859=ORIENTED_EDGE('',*,*,#1302,.T.);
#860=ORIENTED_EDGE('',*,*,#1305,.F.);
#861=ORIENTED_EDGE('',*,*,#1306,.F.);
#862=ORIENTED_EDGE('',*,*,#1307,.T.);
#863=ORIENTED_EDGE('',*,*,#1303,.T.);
#864=ORIENTED_EDGE('',*,*,#1308,.F.);
#865=ORIENTED_EDGE('',*,*,#1309,.F.);
#866=ORIENTED_EDGE('',*,*,#1310,.T.);
#867=ORIENTED_EDGE('',*,*,#1311,.T.);
#868=ORIENTED_EDGE('',*,*,#1312,.F.);
#869=ORIENTED_EDGE('',*,*,#1298,.F.);
#870=ORIENTED_EDGE('',*,*,#1313,.T.);
#871=ORIENTED_EDGE('',*,*,#1309,.T.);
#872=ORIENTED_EDGE('',*,*,#1314,.F.);
#873=ORIENTED_EDGE('',*,*,#1311,.F.);
#874=ORIENTED_EDGE('',*,*,#1315,.T.);
#875=ORIENTED_EDGE('',*,*,#1306,.T.);
#876=ORIENTED_EDGE('',*,*,#1316,.F.);
#877=ORIENTED_EDGE('',*,*,#1317,.F.);
#878=ORIENTED_EDGE('',*,*,#1318,.F.);
#879=ORIENTED_EDGE('',*,*,#1319,.F.);
#880=ORIENTED_EDGE('',*,*,#1320,.F.);
#881=ORIENTED_EDGE('',*,*,#1321,.F.);
#882=ORIENTED_EDGE('',*,*,#1322,.F.);
#883=ORIENTED_EDGE('',*,*,#1316,.T.);
#884=ORIENTED_EDGE('',*,*,#1308,.T.);
#885=ORIENTED_EDGE('',*,*,#1305,.T.);
#886=ORIENTED_EDGE('',*,*,#1301,.F.);
#887=ORIENTED_EDGE('',*,*,#1296,.T.);
#888=ORIENTED_EDGE('',*,*,#1292,.F.);
#889=ORIENTED_EDGE('',*,*,#1290,.T.);
#890=ORIENTED_EDGE('',*,*,#1299,.T.);
#891=ORIENTED_EDGE('',*,*,#1314,.T.);
#892=ORIENTED_EDGE('',*,*,#1312,.T.);
#893=ORIENTED_EDGE('',*,*,#1323,.F.);
#894=ORIENTED_EDGE('',*,*,#1322,.T.);
#895=ORIENTED_EDGE('',*,*,#1323,.T.);
#896=ORIENTED_EDGE('',*,*,#1324,.F.);
#897=ORIENTED_EDGE('',*,*,#1321,.T.);
#898=ORIENTED_EDGE('',*,*,#1324,.T.);
#899=ORIENTED_EDGE('',*,*,#1325,.F.);
#900=ORIENTED_EDGE('',*,*,#1320,.T.);
#901=ORIENTED_EDGE('',*,*,#1325,.T.);
#902=ORIENTED_EDGE('',*,*,#1326,.F.);
#903=ORIENTED_EDGE('',*,*,#1319,.T.);
#904=ORIENTED_EDGE('',*,*,#1326,.T.);
#905=ORIENTED_EDGE('',*,*,#1327,.F.);
#906=ORIENTED_EDGE('',*,*,#1318,.T.);
#907=ORIENTED_EDGE('',*,*,#1327,.T.);
#908=ORIENTED_EDGE('',*,*,#1328,.F.);
#909=ORIENTED_EDGE('',*,*,#1317,.T.);
#910=ORIENTED_EDGE('',*,*,#1328,.T.);
#911=ORIENTED_EDGE('',*,*,#1288,.F.);
#912=ORIENTED_EDGE('',*,*,#1291,.T.);
#913=ORIENTED_EDGE('',*,*,#1295,.F.);
#914=ORIENTED_EDGE('',*,*,#1300,.T.);
#915=ORIENTED_EDGE('',*,*,#1304,.F.);
#916=ORIENTED_EDGE('',*,*,#1307,.F.);
#917=ORIENTED_EDGE('',*,*,#1315,.F.);
#918=ORIENTED_EDGE('',*,*,#1310,.F.);
#919=ORIENTED_EDGE('',*,*,#1313,.F.);
#920=ORIENTED_EDGE('',*,*,#1297,.F.);
#921=ORIENTED_EDGE('',*,*,#1329,.F.);
#922=ORIENTED_EDGE('',*,*,#1330,.T.);
#923=ORIENTED_EDGE('',*,*,#1331,.T.);
#924=ORIENTED_EDGE('',*,*,#1332,.F.);
#925=ORIENTED_EDGE('',*,*,#1333,.T.);
#926=ORIENTED_EDGE('',*,*,#1334,.T.);
#927=ORIENTED_EDGE('',*,*,#1335,.F.);
#928=ORIENTED_EDGE('',*,*,#1336,.F.);
#929=ORIENTED_EDGE('',*,*,#1337,.F.);
#930=ORIENTED_EDGE('',*,*,#1332,.T.);
#931=ORIENTED_EDGE('',*,*,#1338,.T.);
#932=ORIENTED_EDGE('',*,*,#1334,.F.);
#933=ORIENTED_EDGE('',*,*,#1331,.F.);
#934=ORIENTED_EDGE('',*,*,#1339,.T.);
#935=ORIENTED_EDGE('',*,*,#1335,.T.);
#936=ORIENTED_EDGE('',*,*,#1338,.F.);
#937=ORIENTED_EDGE('',*,*,#1330,.F.);
#938=ORIENTED_EDGE('',*,*,#1340,.T.);
#939=ORIENTED_EDGE('',*,*,#1336,.T.);
#940=ORIENTED_EDGE('',*,*,#1339,.F.);
#941=ORIENTED_EDGE('',*,*,#1340,.F.);
#942=ORIENTED_EDGE('',*,*,#1329,.T.);
#943=ORIENTED_EDGE('',*,*,#1337,.T.);
#944=ORIENTED_EDGE('',*,*,#1333,.F.);
#945=ORIENTED_EDGE('',*,*,#1341,.F.);
#946=ORIENTED_EDGE('',*,*,#1342,.F.);
#947=ORIENTED_EDGE('',*,*,#1343,.F.);
#948=ORIENTED_EDGE('',*,*,#1344,.F.);
#949=ORIENTED_EDGE('',*,*,#1345,.F.);
#950=ORIENTED_EDGE('',*,*,#1346,.T.);
#951=ORIENTED_EDGE('',*,*,#1347,.T.);
#952=ORIENTED_EDGE('',*,*,#1348,.T.);
#953=ORIENTED_EDGE('',*,*,#1349,.T.);
#954=ORIENTED_EDGE('',*,*,#1350,.T.);
#955=ORIENTED_EDGE('',*,*,#1351,.F.);
#956=ORIENTED_EDGE('',*,*,#1352,.T.);
#957=ORIENTED_EDGE('',*,*,#1353,.F.);
#958=ORIENTED_EDGE('',*,*,#1354,.T.);
#959=ORIENTED_EDGE('',*,*,#1355,.F.);
#960=ORIENTED_EDGE('',*,*,#1356,.T.);
#961=ORIENTED_EDGE('',*,*,#1357,.T.);
#962=ORIENTED_EDGE('',*,*,#1358,.T.);
#963=ORIENTED_EDGE('',*,*,#1359,.T.);
#964=ORIENTED_EDGE('',*,*,#1360,.T.);
#965=ORIENTED_EDGE('',*,*,#1355,.T.);
#966=ORIENTED_EDGE('',*,*,#1361,.T.);
#967=ORIENTED_EDGE('',*,*,#1362,.F.);
#968=ORIENTED_EDGE('',*,*,#1363,.T.);
#969=ORIENTED_EDGE('',*,*,#1364,.T.);
#970=ORIENTED_EDGE('',*,*,#1365,.T.);
#971=ORIENTED_EDGE('',*,*,#1357,.F.);
#972=ORIENTED_EDGE('',*,*,#1366,.T.);
#973=ORIENTED_EDGE('',*,*,#1367,.T.);
#974=ORIENTED_EDGE('',*,*,#1368,.T.);
#975=ORIENTED_EDGE('',*,*,#1359,.F.);
#976=ORIENTED_EDGE('',*,*,#1369,.T.);
#977=ORIENTED_EDGE('',*,*,#1370,.F.);
#978=ORIENTED_EDGE('',*,*,#1371,.T.);
#979=ORIENTED_EDGE('',*,*,#1353,.T.);
#980=ORIENTED_EDGE('',*,*,#1372,.T.);
#981=ORIENTED_EDGE('',*,*,#1362,.T.);
#982=ORIENTED_EDGE('',*,*,#1373,.T.);
#983=ORIENTED_EDGE('',*,*,#1370,.T.);
#984=ORIENTED_EDGE('',*,*,#1374,.T.);
#985=ORIENTED_EDGE('',*,*,#1367,.F.);
#986=ORIENTED_EDGE('',*,*,#1375,.T.);
#987=ORIENTED_EDGE('',*,*,#1364,.F.);
#988=ORIENTED_EDGE('',*,*,#1376,.T.);
#989=ORIENTED_EDGE('',*,*,#1377,.F.);
#990=ORIENTED_EDGE('',*,*,#1378,.T.);
#991=ORIENTED_EDGE('',*,*,#1379,.F.);
#992=ORIENTED_EDGE('',*,*,#1347,.F.);
#993=ORIENTED_EDGE('',*,*,#1345,.T.);
#994=ORIENTED_EDGE('',*,*,#1380,.T.);
#995=ORIENTED_EDGE('',*,*,#1381,.F.);
#996=ORIENTED_EDGE('',*,*,#1382,.T.);
#997=ORIENTED_EDGE('',*,*,#1351,.T.);
#998=ORIENTED_EDGE('',*,*,#1383,.T.);
#999=ORIENTED_EDGE('',*,*,#1384,.F.);
#1000=ORIENTED_EDGE('',*,*,#1385,.T.);
#1001=ORIENTED_EDGE('',*,*,#1386,.F.);
#1002=ORIENTED_EDGE('',*,*,#1349,.F.);
#1003=ORIENTED_EDGE('',*,*,#1387,.F.);
#1004=ORIENTED_EDGE('',*,*,#1388,.T.);
#1005=ORIENTED_EDGE('',*,*,#1389,.T.);
#1006=ORIENTED_EDGE('',*,*,#1390,.T.);
#1007=ORIENTED_EDGE('',*,*,#1391,.F.);
#1008=ORIENTED_EDGE('',*,*,#1392,.F.);
#1009=ORIENTED_EDGE('',*,*,#1393,.T.);
#1010=ORIENTED_EDGE('',*,*,#1394,.T.);
#1011=ORIENTED_EDGE('',*,*,#1395,.F.);
#1012=ORIENTED_EDGE('',*,*,#1396,.F.);
#1013=ORIENTED_EDGE('',*,*,#1397,.T.);
#1014=ORIENTED_EDGE('',*,*,#1398,.T.);
#1015=ORIENTED_EDGE('',*,*,#1399,.F.);
#1016=ORIENTED_EDGE('',*,*,#1400,.F.);
#1017=ORIENTED_EDGE('',*,*,#1401,.T.);
#1018=ORIENTED_EDGE('',*,*,#1402,.T.);
#1019=ORIENTED_EDGE('',*,*,#1403,.F.);
#1020=ORIENTED_EDGE('',*,*,#1404,.F.);
#1021=ORIENTED_EDGE('',*,*,#1405,.F.);
#1022=ORIENTED_EDGE('',*,*,#1388,.F.);
#1023=ORIENTED_EDGE('',*,*,#1406,.F.);
#1024=ORIENTED_EDGE('',*,*,#1378,.F.);
#1025=ORIENTED_EDGE('',*,*,#1407,.F.);
#1026=ORIENTED_EDGE('',*,*,#1381,.T.);
#1027=ORIENTED_EDGE('',*,*,#1408,.F.);
#1028=ORIENTED_EDGE('',*,*,#1384,.T.);
#1029=ORIENTED_EDGE('',*,*,#1348,.F.);
#1030=ORIENTED_EDGE('',*,*,#1379,.T.);
#1031=ORIENTED_EDGE('',*,*,#1406,.T.);
#1032=ORIENTED_EDGE('',*,*,#1387,.T.);
#1033=ORIENTED_EDGE('',*,*,#1383,.F.);
#1034=ORIENTED_EDGE('',*,*,#1350,.F.);
#1035=ORIENTED_EDGE('',*,*,#1386,.T.);
#1036=ORIENTED_EDGE('',*,*,#1405,.T.);
#1037=ORIENTED_EDGE('',*,*,#1380,.F.);
#1038=ORIENTED_EDGE('',*,*,#1352,.F.);
#1039=ORIENTED_EDGE('',*,*,#1385,.F.);
#1040=ORIENTED_EDGE('',*,*,#1408,.T.);
#1041=ORIENTED_EDGE('',*,*,#1407,.T.);
#1042=ORIENTED_EDGE('',*,*,#1377,.T.);
#1043=ORIENTED_EDGE('',*,*,#1346,.F.);
#1044=ORIENTED_EDGE('',*,*,#1382,.F.);
#1045=ORIENTED_EDGE('',*,*,#1354,.F.);
#1046=ORIENTED_EDGE('',*,*,#1371,.F.);
#1047=ORIENTED_EDGE('',*,*,#1373,.F.);
#1048=ORIENTED_EDGE('',*,*,#1361,.F.);
#1049=ORIENTED_EDGE('',*,*,#1360,.F.);
#1050=ORIENTED_EDGE('',*,*,#1368,.F.);
#1051=ORIENTED_EDGE('',*,*,#1374,.F.);
#1052=ORIENTED_EDGE('',*,*,#1372,.F.);
#1053=ORIENTED_EDGE('',*,*,#1358,.F.);
#1054=ORIENTED_EDGE('',*,*,#1365,.F.);
#1055=ORIENTED_EDGE('',*,*,#1375,.F.);
#1056=ORIENTED_EDGE('',*,*,#1369,.F.);
#1057=ORIENTED_EDGE('',*,*,#1356,.F.);
#1058=ORIENTED_EDGE('',*,*,#1363,.F.);
#1059=ORIENTED_EDGE('',*,*,#1376,.F.);
#1060=ORIENTED_EDGE('',*,*,#1366,.F.);
#1061=ORIENTED_EDGE('',*,*,#1409,.F.);
#1062=ORIENTED_EDGE('',*,*,#1344,.T.);
#1063=ORIENTED_EDGE('',*,*,#1409,.T.);
#1064=ORIENTED_EDGE('',*,*,#1410,.F.);
#1065=ORIENTED_EDGE('',*,*,#1343,.T.);
#1066=ORIENTED_EDGE('',*,*,#1410,.T.);
#1067=ORIENTED_EDGE('',*,*,#1411,.F.);
#1068=ORIENTED_EDGE('',*,*,#1342,.T.);
#1069=ORIENTED_EDGE('',*,*,#1411,.T.);
#1070=ORIENTED_EDGE('',*,*,#1412,.F.);
#1071=ORIENTED_EDGE('',*,*,#1341,.T.);
#1072=ORIENTED_EDGE('',*,*,#1412,.T.);
#1073=ORIENTED_EDGE('',*,*,#1401,.F.);
#1074=ORIENTED_EDGE('',*,*,#1413,.F.);
#1075=ORIENTED_EDGE('',*,*,#1414,.T.);
#1076=ORIENTED_EDGE('',*,*,#1415,.T.);
#1077=ORIENTED_EDGE('',*,*,#1404,.T.);
#1078=ORIENTED_EDGE('',*,*,#1416,.F.);
#1079=ORIENTED_EDGE('',*,*,#1417,.F.);
#1080=ORIENTED_EDGE('',*,*,#1413,.T.);
#1081=ORIENTED_EDGE('',*,*,#1403,.T.);
#1082=ORIENTED_EDGE('',*,*,#1418,.F.);
#1083=ORIENTED_EDGE('',*,*,#1419,.F.);
#1084=ORIENTED_EDGE('',*,*,#1416,.T.);
#1085=ORIENTED_EDGE('',*,*,#1402,.F.);
#1086=ORIENTED_EDGE('',*,*,#1415,.F.);
#1087=ORIENTED_EDGE('',*,*,#1420,.T.);
#1088=ORIENTED_EDGE('',*,*,#1418,.T.);
#1089=ORIENTED_EDGE('',*,*,#1414,.F.);
#1090=ORIENTED_EDGE('',*,*,#1417,.T.);
#1091=ORIENTED_EDGE('',*,*,#1419,.T.);
#1092=ORIENTED_EDGE('',*,*,#1420,.F.);
#1093=ORIENTED_EDGE('',*,*,#1397,.F.);
#1094=ORIENTED_EDGE('',*,*,#1421,.F.);
#1095=ORIENTED_EDGE('',*,*,#1422,.T.);
#1096=ORIENTED_EDGE('',*,*,#1423,.T.);
#1097=ORIENTED_EDGE('',*,*,#1400,.T.);
#1098=ORIENTED_EDGE('',*,*,#1424,.F.);
#1099=ORIENTED_EDGE('',*,*,#1425,.F.);
#1100=ORIENTED_EDGE('',*,*,#1421,.T.);
#1101=ORIENTED_EDGE('',*,*,#1399,.T.);
#1102=ORIENTED_EDGE('',*,*,#1426,.F.);
#1103=ORIENTED_EDGE('',*,*,#1427,.F.);
#1104=ORIENTED_EDGE('',*,*,#1424,.T.);
#1105=ORIENTED_EDGE('',*,*,#1398,.F.);
#1106=ORIENTED_EDGE('',*,*,#1423,.F.);
#1107=ORIENTED_EDGE('',*,*,#1428,.T.);
#1108=ORIENTED_EDGE('',*,*,#1426,.T.);
#1109=ORIENTED_EDGE('',*,*,#1422,.F.);
#1110=ORIENTED_EDGE('',*,*,#1425,.T.);
#1111=ORIENTED_EDGE('',*,*,#1427,.T.);
#1112=ORIENTED_EDGE('',*,*,#1428,.F.);
#1113=ORIENTED_EDGE('',*,*,#1393,.F.);
#1114=ORIENTED_EDGE('',*,*,#1429,.F.);
#1115=ORIENTED_EDGE('',*,*,#1430,.T.);
#1116=ORIENTED_EDGE('',*,*,#1431,.T.);
#1117=ORIENTED_EDGE('',*,*,#1396,.T.);
#1118=ORIENTED_EDGE('',*,*,#1432,.F.);
#1119=ORIENTED_EDGE('',*,*,#1433,.F.);
#1120=ORIENTED_EDGE('',*,*,#1429,.T.);
#1121=ORIENTED_EDGE('',*,*,#1395,.T.);
#1122=ORIENTED_EDGE('',*,*,#1434,.F.);
#1123=ORIENTED_EDGE('',*,*,#1435,.F.);
#1124=ORIENTED_EDGE('',*,*,#1432,.T.);
#1125=ORIENTED_EDGE('',*,*,#1394,.F.);
#1126=ORIENTED_EDGE('',*,*,#1431,.F.);
#1127=ORIENTED_EDGE('',*,*,#1436,.T.);
#1128=ORIENTED_EDGE('',*,*,#1434,.T.);
#1129=ORIENTED_EDGE('',*,*,#1430,.F.);
#1130=ORIENTED_EDGE('',*,*,#1433,.T.);
#1131=ORIENTED_EDGE('',*,*,#1435,.T.);
#1132=ORIENTED_EDGE('',*,*,#1436,.F.);
#1133=ORIENTED_EDGE('',*,*,#1389,.F.);
#1134=ORIENTED_EDGE('',*,*,#1437,.F.);
#1135=ORIENTED_EDGE('',*,*,#1438,.T.);
#1136=ORIENTED_EDGE('',*,*,#1439,.T.);
#1137=ORIENTED_EDGE('',*,*,#1392,.T.);
#1138=ORIENTED_EDGE('',*,*,#1440,.F.);
#1139=ORIENTED_EDGE('',*,*,#1441,.F.);
#1140=ORIENTED_EDGE('',*,*,#1437,.T.);
#1141=ORIENTED_EDGE('',*,*,#1391,.T.);
#1142=ORIENTED_EDGE('',*,*,#1442,.F.);
#1143=ORIENTED_EDGE('',*,*,#1443,.F.);
#1144=ORIENTED_EDGE('',*,*,#1440,.T.);
#1145=ORIENTED_EDGE('',*,*,#1390,.F.);
#1146=ORIENTED_EDGE('',*,*,#1439,.F.);
#1147=ORIENTED_EDGE('',*,*,#1444,.T.);
#1148=ORIENTED_EDGE('',*,*,#1442,.T.);
#1149=ORIENTED_EDGE('',*,*,#1438,.F.);
#1150=ORIENTED_EDGE('',*,*,#1441,.T.);
#1151=ORIENTED_EDGE('',*,*,#1443,.T.);
#1152=ORIENTED_EDGE('',*,*,#1444,.F.);
#1153=EDGE_CURVE('',#1445,#1445,#1649,.T.);
#1154=EDGE_CURVE('',#1446,#1446,#1650,.T.);
#1155=EDGE_CURVE('',#1447,#1447,#1651,.T.);
#1156=EDGE_CURVE('',#1448,#1448,#1652,.T.);
#1157=EDGE_CURVE('',#1449,#1449,#1653,.T.);
#1158=EDGE_CURVE('',#1450,#1450,#1654,.T.);
#1159=EDGE_CURVE('',#1451,#1451,#1655,.T.);
#1160=EDGE_CURVE('',#1452,#1453,#27,.T.);
#1161=EDGE_CURVE('',#1453,#1454,#28,.T.);
#1162=EDGE_CURVE('',#1454,#1455,#29,.T.);
#1163=EDGE_CURVE('',#1455,#1456,#30,.T.);
#1164=EDGE_CURVE('',#1456,#1457,#31,.T.);
#1165=EDGE_CURVE('',#1457,#1458,#32,.T.);
#1166=EDGE_CURVE('',#1458,#1459,#33,.T.);
#1167=EDGE_CURVE('',#1459,#1452,#34,.T.);
#1168=EDGE_CURVE('',#1460,#1461,#1656,.T.);
#1169=EDGE_CURVE('',#1461,#1462,#23,.T.);
#1170=EDGE_CURVE('',#1463,#1462,#1657,.T.);
#1171=EDGE_CURVE('',#1460,#1463,#24,.T.);
#1172=EDGE_CURVE('',#1464,#1462,#17,.F.);
#1173=EDGE_CURVE('',#1465,#1464,#18,.T.);
#1174=EDGE_CURVE('',#1463,#1465,#19,.T.);
#1175=EDGE_CURVE('',#1466,#1465,#25,.T.);
#1176=EDGE_CURVE('',#1467,#1464,#26,.T.);
#1177=EDGE_CURVE('',#1466,#1467,#20,.T.);
#1178=EDGE_CURVE('',#1467,#1461,#21,.T.);
#1179=EDGE_CURVE('',#1460,#1466,#22,.T.);
#1180=EDGE_CURVE('',#1468,#1468,#1658,.T.);
#1181=EDGE_CURVE('',#1469,#1453,#35,.T.);
#1182=EDGE_CURVE('',#1469,#1470,#36,.T.);
#1183=EDGE_CURVE('',#1470,#1454,#37,.T.);
#1184=EDGE_CURVE('',#1471,#1452,#38,.T.);
#1185=EDGE_CURVE('',#1471,#1469,#39,.T.);
#1186=EDGE_CURVE('',#1472,#1459,#40,.T.);
#1187=EDGE_CURVE('',#1472,#1471,#41,.T.);
#1188=EDGE_CURVE('',#1473,#1458,#42,.T.);
#1189=EDGE_CURVE('',#1473,#1472,#43,.T.);
#1190=EDGE_CURVE('',#1474,#1457,#44,.T.);
#1191=EDGE_CURVE('',#1474,#1473,#45,.T.);
#1192=EDGE_CURVE('',#1475,#1456,#46,.T.);
#1193=EDGE_CURVE('',#1475,#1474,#47,.T.);
#1194=EDGE_CURVE('',#1476,#1455,#48,.T.);
#1195=EDGE_CURVE('',#1476,#1475,#49,.T.);
#1196=EDGE_CURVE('',#1470,#1476,#50,.T.);
#1197=EDGE_CURVE('',#1477,#1478,#51,.T.);
#1198=EDGE_CURVE('',#1479,#1478,#52,.T.);
#1199=EDGE_CURVE('',#1480,#1479,#53,.T.);
#1200=EDGE_CURVE('',#1480,#1477,#54,.T.);
#1201=EDGE_CURVE('',#1479,#1481,#55,.T.);
#1202=EDGE_CURVE('',#1482,#1481,#56,.T.);
#1203=EDGE_CURVE('',#1480,#1482,#57,.T.);
#1204=EDGE_CURVE('',#1481,#1483,#58,.T.);
#1205=EDGE_CURVE('',#1484,#1483,#59,.T.);
#1206=EDGE_CURVE('',#1482,#1484,#60,.T.);
#1207=EDGE_CURVE('',#1478,#1483,#61,.T.);
#1208=EDGE_CURVE('',#1477,#1484,#62,.T.);
#1209=EDGE_CURVE('',#1485,#1486,#1659,.T.);
#1210=EDGE_CURVE('',#1487,#1485,#63,.T.);
#1211=EDGE_CURVE('',#1487,#1488,#1660,.T.);
#1212=EDGE_CURVE('',#1488,#1486,#64,.T.);
#1213=EDGE_CURVE('',#1485,#1489,#65,.T.);
#1214=EDGE_CURVE('',#1490,#1489,#66,.T.);
#1215=EDGE_CURVE('',#1487,#1490,#67,.T.);
#1216=EDGE_CURVE('',#1491,#1489,#1661,.T.);
#1217=EDGE_CURVE('',#1492,#1491,#68,.T.);
#1218=EDGE_CURVE('',#1492,#1490,#1662,.T.);
#1219=EDGE_CURVE('',#1491,#1493,#69,.T.);
#1220=EDGE_CURVE('',#1494,#1493,#70,.T.);
#1221=EDGE_CURVE('',#1492,#1494,#71,.T.);
#1222=EDGE_CURVE('',#1495,#1493,#1663,.T.);
#1223=EDGE_CURVE('',#1496,#1495,#72,.T.);
#1224=EDGE_CURVE('',#1496,#1494,#1664,.T.);
#1225=EDGE_CURVE('',#1497,#1495,#1665,.T.);
#1226=EDGE_CURVE('',#1498,#1497,#73,.T.);
#1227=EDGE_CURVE('',#1498,#1496,#1666,.T.);
#1228=EDGE_CURVE('',#1499,#1497,#74,.T.);
#1229=EDGE_CURVE('',#1500,#1499,#75,.T.);
#1230=EDGE_CURVE('',#1500,#1498,#76,.T.);
#1231=EDGE_CURVE('',#1501,#1499,#1667,.T.);
#1232=EDGE_CURVE('',#1502,#1501,#77,.T.);
#1233=EDGE_CURVE('',#1502,#1500,#1668,.T.);
#1234=EDGE_CURVE('',#1503,#1501,#78,.T.);
#1235=EDGE_CURVE('',#1504,#1503,#79,.T.);
#1236=EDGE_CURVE('',#1504,#1502,#80,.T.);
#1237=EDGE_CURVE('',#1486,#1503,#1669,.T.);
#1238=EDGE_CURVE('',#1488,#1504,#1670,.T.);
#1239=EDGE_CURVE('',#1505,#1506,#81,.F.);
#1240=EDGE_CURVE('',#1506,#1507,#82,.T.);
#1241=EDGE_CURVE('',#1507,#1508,#83,.T.);
#1242=EDGE_CURVE('',#1505,#1508,#84,.T.);
#1243=EDGE_CURVE('',#1509,#1510,#85,.F.);
#1244=EDGE_CURVE('',#1510,#1511,#86,.F.);
#1245=EDGE_CURVE('',#1511,#1512,#87,.T.);
#1246=EDGE_CURVE('',#1512,#1509,#88,.T.);
#1247=EDGE_CURVE('',#1513,#1514,#89,.F.);
#1248=EDGE_CURVE('',#1514,#1515,#90,.F.);
#1249=EDGE_CURVE('',#1515,#1516,#91,.T.);
#1250=EDGE_CURVE('',#1516,#1513,#92,.T.);
#1251=EDGE_CURVE('',#1517,#1518,#93,.F.);
#1252=EDGE_CURVE('',#1518,#1519,#94,.T.);
#1253=EDGE_CURVE('',#1519,#1520,#95,.T.);
#1254=EDGE_CURVE('',#1517,#1520,#96,.T.);
#1255=EDGE_CURVE('',#1521,#1521,#1671,.T.);
#1256=EDGE_CURVE('',#1522,#1522,#1672,.T.);
#1257=EDGE_CURVE('',#1523,#1523,#1673,.T.);
#1258=EDGE_CURVE('',#1524,#1524,#1674,.T.);
#1259=EDGE_CURVE('',#1525,#1526,#97,.T.);
#1260=EDGE_CURVE('',#1526,#1527,#1675,.T.);
#1261=EDGE_CURVE('',#1527,#1528,#98,.T.);
#1262=EDGE_CURVE('',#1528,#1529,#1676,.T.);
#1263=EDGE_CURVE('',#1529,#1530,#99,.F.);
#1264=EDGE_CURVE('',#1530,#1531,#1677,.T.);
#1265=EDGE_CURVE('',#1531,#1532,#100,.F.);
#1266=EDGE_CURVE('',#1532,#1525,#1678,.T.);
#1267=EDGE_CURVE('',#1533,#1533,#1679,.T.);
#1268=EDGE_CURVE('',#1534,#1534,#1680,.T.);
#1269=EDGE_CURVE('',#1535,#1535,#1681,.T.);
#1270=EDGE_CURVE('',#1536,#1536,#1682,.T.);
#1271=EDGE_CURVE('',#1508,#1517,#1683,.F.);
#1272=EDGE_CURVE('',#1520,#1513,#1684,.F.);
#1273=EDGE_CURVE('',#1516,#1509,#1685,.F.);
#1274=EDGE_CURVE('',#1512,#1505,#1686,.F.);
#1275=EDGE_CURVE('',#1507,#1518,#1687,.F.);
#1276=EDGE_CURVE('',#1511,#1506,#1688,.F.);
#1277=EDGE_CURVE('',#1515,#1510,#1689,.F.);
#1278=EDGE_CURVE('',#1519,#1514,#1690,.F.);
#1279=EDGE_CURVE('',#1518,#1530,#1691,.T.);
#1280=EDGE_CURVE('',#1531,#1507,#1692,.T.);
#1281=EDGE_CURVE('',#1532,#1506,#1693,.T.);
#1282=EDGE_CURVE('',#1519,#1529,#1694,.T.);
#1283=EDGE_CURVE('',#1525,#1511,#1695,.T.);
#1284=EDGE_CURVE('',#1514,#1528,#1696,.T.);
#1285=EDGE_CURVE('',#1526,#1510,#1697,.T.);
#1286=EDGE_CURVE('',#1515,#1527,#1698,.T.);
#1287=EDGE_CURVE('',#1537,#1538,#101,.T.);
#1288=EDGE_CURVE('',#1537,#1539,#1699,.T.);
#1289=EDGE_CURVE('',#1539,#1540,#102,.T.);
#1290=EDGE_CURVE('',#1538,#1540,#1700,.T.);
#1291=EDGE_CURVE('',#1537,#1541,#103,.T.);
#1292=EDGE_CURVE('',#1538,#1542,#104,.T.);
#1293=EDGE_CURVE('',#1541,#1542,#105,.T.);
#1294=EDGE_CURVE('',#1543,#1544,#106,.T.);
#1295=EDGE_CURVE('',#1543,#1541,#1701,.T.);
#1296=EDGE_CURVE('',#1544,#1542,#1702,.T.);
#1297=EDGE_CURVE('',#1539,#1545,#1703,.T.);
#1298=EDGE_CURVE('',#1545,#1546,#107,.T.);
#1299=EDGE_CURVE('',#1540,#1546,#1704,.T.);
#1300=EDGE_CURVE('',#1543,#1547,#108,.T.);
#1301=EDGE_CURVE('',#1544,#1548,#109,.T.);
#1302=EDGE_CURVE('',#1547,#1548,#110,.T.);
#1303=EDGE_CURVE('',#1549,#1550,#111,.T.);
#1304=EDGE_CURVE('',#1549,#1547,#1705,.T.);
#1305=EDGE_CURVE('',#1550,#1548,#1706,.T.);
#1306=EDGE_CURVE('',#1551,#1552,#112,.T.);
#1307=EDGE_CURVE('',#1551,#1549,#1707,.T.);
#1308=EDGE_CURVE('',#1552,#1550,#1708,.T.);
#1309=EDGE_CURVE('',#1553,#1554,#113,.T.);
#1310=EDGE_CURVE('',#1553,#1555,#1709,.T.);
#1311=EDGE_CURVE('',#1555,#1556,#114,.T.);
#1312=EDGE_CURVE('',#1554,#1556,#1710,.T.);
#1313=EDGE_CURVE('',#1545,#1553,#115,.T.);
#1314=EDGE_CURVE('',#1546,#1554,#116,.T.);
#1315=EDGE_CURVE('',#1555,#1551,#117,.T.);
#1316=EDGE_CURVE('',#1556,#1552,#118,.T.);
#1317=EDGE_CURVE('',#1557,#1557,#1711,.T.);
#1318=EDGE_CURVE('',#1558,#1558,#1712,.T.);
#1319=EDGE_CURVE('',#1559,#1559,#1713,.T.);
#1320=EDGE_CURVE('',#1560,#1560,#1714,.T.);
#1321=EDGE_CURVE('',#1561,#1561,#1715,.T.);
#1322=EDGE_CURVE('',#1562,#1562,#1716,.T.);
#1323=EDGE_CURVE('',#1563,#1563,#1717,.T.);
#1324=EDGE_CURVE('',#1564,#1564,#1718,.T.);
#1325=EDGE_CURVE('',#1565,#1565,#1719,.T.);
#1326=EDGE_CURVE('',#1566,#1566,#1720,.T.);
#1327=EDGE_CURVE('',#1567,#1567,#1721,.T.);
#1328=EDGE_CURVE('',#1568,#1568,#1722,.T.);
#1329=EDGE_CURVE('',#1569,#1570,#119,.T.);
#1330=EDGE_CURVE('',#1569,#1571,#120,.T.);
#1331=EDGE_CURVE('',#1571,#1572,#121,.T.);
#1332=EDGE_CURVE('',#1570,#1572,#122,.T.);
#1333=EDGE_CURVE('',#1573,#1574,#123,.T.);
#1334=EDGE_CURVE('',#1574,#1575,#124,.T.);
#1335=EDGE_CURVE('',#1576,#1575,#125,.T.);
#1336=EDGE_CURVE('',#1573,#1576,#126,.T.);
#1337=EDGE_CURVE('',#1570,#1574,#127,.T.);
#1338=EDGE_CURVE('',#1572,#1575,#128,.T.);
#1339=EDGE_CURVE('',#1571,#1576,#129,.T.);
#1340=EDGE_CURVE('',#1569,#1573,#130,.T.);
#1341=EDGE_CURVE('',#1577,#1577,#1723,.T.);
#1342=EDGE_CURVE('',#1578,#1578,#1724,.T.);
#1343=EDGE_CURVE('',#1579,#1579,#1725,.T.);
#1344=EDGE_CURVE('',#1580,#1580,#1726,.T.);
#1345=EDGE_CURVE('',#1581,#1582,#131,.T.);
#1346=EDGE_CURVE('',#1581,#1583,#1727,.T.);
#1347=EDGE_CURVE('',#1583,#1584,#132,.T.);
#1348=EDGE_CURVE('',#1584,#1585,#1728,.T.);
#1349=EDGE_CURVE('',#1585,#1586,#133,.T.);
#1350=EDGE_CURVE('',#1586,#1587,#1729,.T.);
#1351=EDGE_CURVE('',#1588,#1587,#134,.T.);
#1352=EDGE_CURVE('',#1588,#1582,#1730,.T.);
#1353=EDGE_CURVE('',#1589,#1590,#135,.T.);
#1354=EDGE_CURVE('',#1589,#1591,#1731,.T.);
#1355=EDGE_CURVE('',#1592,#1591,#136,.T.);
#1356=EDGE_CURVE('',#1592,#1593,#1732,.T.);
#1357=EDGE_CURVE('',#1593,#1594,#137,.T.);
#1358=EDGE_CURVE('',#1594,#1595,#1733,.T.);
#1359=EDGE_CURVE('',#1595,#1596,#138,.T.);
#1360=EDGE_CURVE('',#1596,#1590,#1734,.T.);
#1361=EDGE_CURVE('',#1591,#1597,#139,.T.);
#1362=EDGE_CURVE('',#1598,#1597,#140,.T.);
#1363=EDGE_CURVE('',#1598,#1592,#141,.F.);
#1364=EDGE_CURVE('',#1599,#1600,#142,.T.);
#1365=EDGE_CURVE('',#1600,#1594,#143,.F.);
#1366=EDGE_CURVE('',#1593,#1599,#144,.T.);
#1367=EDGE_CURVE('',#1601,#1602,#145,.T.);
#1368=EDGE_CURVE('',#1602,#1596,#146,.F.);
#1369=EDGE_CURVE('',#1595,#1601,#147,.T.);
#1370=EDGE_CURVE('',#1603,#1604,#148,.T.);
#1371=EDGE_CURVE('',#1603,#1589,#149,.F.);
#1372=EDGE_CURVE('',#1590,#1604,#150,.T.);
#1373=EDGE_CURVE('',#1597,#1603,#1735,.F.);
#1374=EDGE_CURVE('',#1604,#1602,#1736,.F.);
#1375=EDGE_CURVE('',#1601,#1600,#1737,.F.);
#1376=EDGE_CURVE('',#1599,#1598,#1738,.F.);
#1377=EDGE_CURVE('',#1605,#1583,#151,.T.);
#1378=EDGE_CURVE('',#1605,#1606,#152,.T.);
#1379=EDGE_CURVE('',#1584,#1606,#153,.F.);
#1380=EDGE_CURVE('',#1582,#1607,#154,.F.);
#1381=EDGE_CURVE('',#1608,#1607,#155,.T.);
#1382=EDGE_CURVE('',#1608,#1581,#156,.T.);
#1383=EDGE_CURVE('',#1587,#1609,#157,.F.);
#1384=EDGE_CURVE('',#1610,#1609,#158,.T.);
#1385=EDGE_CURVE('',#1610,#1588,#159,.T.);
#1386=EDGE_CURVE('',#1586,#1611,#160,.F.);
#1387=EDGE_CURVE('',#1612,#1585,#161,.T.);
#1388=EDGE_CURVE('',#1612,#1611,#162,.T.);
#1389=EDGE_CURVE('',#1613,#1614,#163,.T.);
#1390=EDGE_CURVE('',#1614,#1615,#164,.T.);
#1391=EDGE_CURVE('',#1616,#1615,#165,.T.);
#1392=EDGE_CURVE('',#1613,#1616,#166,.T.);
#1393=EDGE_CURVE('',#1617,#1618,#167,.T.);
#1394=EDGE_CURVE('',#1618,#1619,#168,.T.);
#1395=EDGE_CURVE('',#1620,#1619,#169,.T.);
#1396=EDGE_CURVE('',#1617,#1620,#170,.T.);
#1397=EDGE_CURVE('',#1621,#1622,#171,.T.);
#1398=EDGE_CURVE('',#1622,#1623,#172,.T.);
#1399=EDGE_CURVE('',#1624,#1623,#173,.T.);
#1400=EDGE_CURVE('',#1621,#1624,#174,.T.);
#1401=EDGE_CURVE('',#1625,#1626,#175,.T.);
#1402=EDGE_CURVE('',#1626,#1627,#176,.T.);
#1403=EDGE_CURVE('',#1628,#1627,#177,.T.);
#1404=EDGE_CURVE('',#1625,#1628,#178,.T.);
#1405=EDGE_CURVE('',#1611,#1609,#1739,.T.);
#1406=EDGE_CURVE('',#1606,#1612,#1740,.T.);
#1407=EDGE_CURVE('',#1608,#1605,#1741,.T.);
#1408=EDGE_CURVE('',#1610,#1607,#1742,.T.);
#1409=EDGE_CURVE('',#1629,#1629,#1743,.T.);
#1410=EDGE_CURVE('',#1630,#1630,#1744,.T.);
#1411=EDGE_CURVE('',#1631,#1631,#1745,.T.);
#1412=EDGE_CURVE('',#1632,#1632,#1746,.T.);
#1413=EDGE_CURVE('',#1633,#1625,#179,.T.);
#1414=EDGE_CURVE('',#1633,#1634,#180,.T.);
#1415=EDGE_CURVE('',#1634,#1626,#181,.T.);
#1416=EDGE_CURVE('',#1635,#1628,#182,.T.);
#1417=EDGE_CURVE('',#1633,#1635,#183,.T.);
#1418=EDGE_CURVE('',#1636,#1627,#184,.T.);
#1419=EDGE_CURVE('',#1635,#1636,#185,.T.);
#1420=EDGE_CURVE('',#1634,#1636,#186,.T.);
#1421=EDGE_CURVE('',#1637,#1621,#187,.T.);
#1422=EDGE_CURVE('',#1637,#1638,#188,.T.);
#1423=EDGE_CURVE('',#1638,#1622,#189,.T.);
#1424=EDGE_CURVE('',#1639,#1624,#190,.T.);
#1425=EDGE_CURVE('',#1637,#1639,#191,.T.);
#1426=EDGE_CURVE('',#1640,#1623,#192,.T.);
#1427=EDGE_CURVE('',#1639,#1640,#193,.T.);
#1428=EDGE_CURVE('',#1638,#1640,#194,.T.);
#1429=EDGE_CURVE('',#1641,#1617,#195,.T.);
#1430=EDGE_CURVE('',#1641,#1642,#196,.T.);
#1431=EDGE_CURVE('',#1642,#1618,#197,.T.);
#1432=EDGE_CURVE('',#1643,#1620,#198,.T.);
#1433=EDGE_CURVE('',#1641,#1643,#199,.T.);
#1434=EDGE_CURVE('',#1644,#1619,#200,.T.);
#1435=EDGE_CURVE('',#1643,#1644,#201,.T.);
#1436=EDGE_CURVE('',#1642,#1644,#202,.T.);
#1437=EDGE_CURVE('',#1645,#1613,#203,.T.);
#1438=EDGE_CURVE('',#1645,#1646,#204,.T.);
#1439=EDGE_CURVE('',#1646,#1614,#205,.T.);
#1440=EDGE_CURVE('',#1647,#1616,#206,.T.);
#1441=EDGE_CURVE('',#1645,#1647,#207,.T.);
#1442=EDGE_CURVE('',#1648,#1615,#208,.T.);
#1443=EDGE_CURVE('',#1647,#1648,#209,.T.);
#1444=EDGE_CURVE('',#1646,#1648,#210,.T.);
#1445=VERTEX_POINT('',#3322);
#1446=VERTEX_POINT('',#3324);
#1447=VERTEX_POINT('',#3327);
#1448=VERTEX_POINT('',#3330);
#1449=VERTEX_POINT('',#3333);
#1450=VERTEX_POINT('',#3337);
#1451=VERTEX_POINT('',#3342);
#1452=VERTEX_POINT('',#3344);
#1453=VERTEX_POINT('',#3345);
#1454=VERTEX_POINT('',#3347);
#1455=VERTEX_POINT('',#3349);
#1456=VERTEX_POINT('',#3351);
#1457=VERTEX_POINT('',#3353);
#1458=VERTEX_POINT('',#3355);
#1459=VERTEX_POINT('',#3357);
#1460=VERTEX_POINT('',#3361);
#1461=VERTEX_POINT('',#3362);
#1462=VERTEX_POINT('',#3604);
#1463=VERTEX_POINT('',#3606);
#1464=VERTEX_POINT('',#3856);
#1465=VERTEX_POINT('',#3863);
#1466=VERTEX_POINT('',#4940);
#1467=VERTEX_POINT('',#5182);
#1468=VERTEX_POINT('',#6041);
#1469=VERTEX_POINT('',#6045);
#1470=VERTEX_POINT('',#6047);
#1471=VERTEX_POINT('',#6051);
#1472=VERTEX_POINT('',#6055);
#1473=VERTEX_POINT('',#6059);
#1474=VERTEX_POINT('',#6063);
#1475=VERTEX_POINT('',#6067);
#1476=VERTEX_POINT('',#6071);
#1477=VERTEX_POINT('',#6080);
#1478=VERTEX_POINT('',#6081);
#1479=VERTEX_POINT('',#6083);
#1480=VERTEX_POINT('',#6085);
#1481=VERTEX_POINT('',#6089);
#1482=VERTEX_POINT('',#6091);
#1483=VERTEX_POINT('',#6095);
#1484=VERTEX_POINT('',#6097);
#1485=VERTEX_POINT('',#6105);
#1486=VERTEX_POINT('',#6106);
#1487=VERTEX_POINT('',#6108);
#1488=VERTEX_POINT('',#6110);
#1489=VERTEX_POINT('',#6114);
#1490=VERTEX_POINT('',#6116);
#1491=VERTEX_POINT('',#6120);
#1492=VERTEX_POINT('',#6122);
#1493=VERTEX_POINT('',#6126);
#1494=VERTEX_POINT('',#6128);
#1495=VERTEX_POINT('',#6132);
#1496=VERTEX_POINT('',#6134);
#1497=VERTEX_POINT('',#6138);
#1498=VERTEX_POINT('',#6140);
#1499=VERTEX_POINT('',#6144);
#1500=VERTEX_POINT('',#6146);
#1501=VERTEX_POINT('',#6150);
#1502=VERTEX_POINT('',#6152);
#1503=VERTEX_POINT('',#6156);
#1504=VERTEX_POINT('',#6158);
#1505=VERTEX_POINT('',#6176);
#1506=VERTEX_POINT('',#6177);
#1507=VERTEX_POINT('',#6179);
#1508=VERTEX_POINT('',#6181);
#1509=VERTEX_POINT('',#6185);
#1510=VERTEX_POINT('',#6186);
#1511=VERTEX_POINT('',#6188);
#1512=VERTEX_POINT('',#6190);
#1513=VERTEX_POINT('',#6194);
#1514=VERTEX_POINT('',#6195);
#1515=VERTEX_POINT('',#6197);
#1516=VERTEX_POINT('',#6199);
#1517=VERTEX_POINT('',#6203);
#1518=VERTEX_POINT('',#6204);
#1519=VERTEX_POINT('',#6206);
#1520=VERTEX_POINT('',#6208);
#1521=VERTEX_POINT('',#6212);
#1522=VERTEX_POINT('',#6214);
#1523=VERTEX_POINT('',#6216);
#1524=VERTEX_POINT('',#6218);
#1525=VERTEX_POINT('',#6220);
#1526=VERTEX_POINT('',#6221);
#1527=VERTEX_POINT('',#6223);
#1528=VERTEX_POINT('',#6225);
#1529=VERTEX_POINT('',#6227);
#1530=VERTEX_POINT('',#6229);
#1531=VERTEX_POINT('',#6231);
#1532=VERTEX_POINT('',#6233);
#1533=VERTEX_POINT('',#6237);
#1534=VERTEX_POINT('',#6239);
#1535=VERTEX_POINT('',#6241);
#1536=VERTEX_POINT('',#6243);
#1537=VERTEX_POINT('',#6280);
#1538=VERTEX_POINT('',#6281);
#1539=VERTEX_POINT('',#6283);
#1540=VERTEX_POINT('',#6285);
#1541=VERTEX_POINT('',#6289);
#1542=VERTEX_POINT('',#6291);
#1543=VERTEX_POINT('',#6295);
#1544=VERTEX_POINT('',#6296);
#1545=VERTEX_POINT('',#6301);
#1546=VERTEX_POINT('',#6303);
#1547=VERTEX_POINT('',#6307);
#1548=VERTEX_POINT('',#6309);
#1549=VERTEX_POINT('',#6313);
#1550=VERTEX_POINT('',#6314);
#1551=VERTEX_POINT('',#6319);
#1552=VERTEX_POINT('',#6320);
#1553=VERTEX_POINT('',#6325);
#1554=VERTEX_POINT('',#6326);
#1555=VERTEX_POINT('',#6328);
#1556=VERTEX_POINT('',#6330);
#1557=VERTEX_POINT('',#6340);
#1558=VERTEX_POINT('',#6342);
#1559=VERTEX_POINT('',#6344);
#1560=VERTEX_POINT('',#6346);
#1561=VERTEX_POINT('',#6348);
#1562=VERTEX_POINT('',#6350);
#1563=VERTEX_POINT('',#6353);
#1564=VERTEX_POINT('',#6357);
#1565=VERTEX_POINT('',#6361);
#1566=VERTEX_POINT('',#6365);
#1567=VERTEX_POINT('',#6369);
#1568=VERTEX_POINT('',#6373);
#1569=VERTEX_POINT('',#6377);
#1570=VERTEX_POINT('',#6378);
#1571=VERTEX_POINT('',#6380);
#1572=VERTEX_POINT('',#6382);
#1573=VERTEX_POINT('',#6386);
#1574=VERTEX_POINT('',#6387);
#1575=VERTEX_POINT('',#6389);
#1576=VERTEX_POINT('',#6391);
#1577=VERTEX_POINT('',#6407);
#1578=VERTEX_POINT('',#6409);
#1579=VERTEX_POINT('',#6411);
#1580=VERTEX_POINT('',#6413);
#1581=VERTEX_POINT('',#6415);
#1582=VERTEX_POINT('',#6416);
#1583=VERTEX_POINT('',#6418);
#1584=VERTEX_POINT('',#6420);
#1585=VERTEX_POINT('',#6422);
#1586=VERTEX_POINT('',#6424);
#1587=VERTEX_POINT('',#6426);
#1588=VERTEX_POINT('',#6428);
#1589=VERTEX_POINT('',#6431);
#1590=VERTEX_POINT('',#6432);
#1591=VERTEX_POINT('',#6434);
#1592=VERTEX_POINT('',#6436);
#1593=VERTEX_POINT('',#6438);
#1594=VERTEX_POINT('',#6440);
#1595=VERTEX_POINT('',#6442);
#1596=VERTEX_POINT('',#6444);
#1597=VERTEX_POINT('',#6448);
#1598=VERTEX_POINT('',#6450);
#1599=VERTEX_POINT('',#6454);
#1600=VERTEX_POINT('',#6455);
#1601=VERTEX_POINT('',#6460);
#1602=VERTEX_POINT('',#6461);
#1603=VERTEX_POINT('',#6466);
#1604=VERTEX_POINT('',#6467);
#1605=VERTEX_POINT('',#6477);
#1606=VERTEX_POINT('',#6479);
#1607=VERTEX_POINT('',#6483);
#1608=VERTEX_POINT('',#6485);
#1609=VERTEX_POINT('',#6489);
#1610=VERTEX_POINT('',#6491);
#1611=VERTEX_POINT('',#6495);
#1612=VERTEX_POINT('',#6497);
#1613=VERTEX_POINT('',#6501);
#1614=VERTEX_POINT('',#6502);
#1615=VERTEX_POINT('',#6504);
#1616=VERTEX_POINT('',#6506);
#1617=VERTEX_POINT('',#6509);
#1618=VERTEX_POINT('',#6510);
#1619=VERTEX_POINT('',#6512);
#1620=VERTEX_POINT('',#6514);
#1621=VERTEX_POINT('',#6517);
#1622=VERTEX_POINT('',#6518);
#1623=VERTEX_POINT('',#6520);
#1624=VERTEX_POINT('',#6522);
#1625=VERTEX_POINT('',#6525);
#1626=VERTEX_POINT('',#6526);
#1627=VERTEX_POINT('',#6528);
#1628=VERTEX_POINT('',#6530);
#1629=VERTEX_POINT('',#6546);
#1630=VERTEX_POINT('',#6550);
#1631=VERTEX_POINT('',#6554);
#1632=VERTEX_POINT('',#6558);
#1633=VERTEX_POINT('',#6562);
#1634=VERTEX_POINT('',#6564);
#1635=VERTEX_POINT('',#6568);
#1636=VERTEX_POINT('',#6572);
#1637=VERTEX_POINT('',#6579);
#1638=VERTEX_POINT('',#6581);
#1639=VERTEX_POINT('',#6585);
#1640=VERTEX_POINT('',#6589);
#1641=VERTEX_POINT('',#6596);
#1642=VERTEX_POINT('',#6598);
#1643=VERTEX_POINT('',#6602);
#1644=VERTEX_POINT('',#6606);
#1645=VERTEX_POINT('',#6613);
#1646=VERTEX_POINT('',#6615);
#1647=VERTEX_POINT('',#6619);
#1648=VERTEX_POINT('',#6623);
#1649=CIRCLE('',#2375,0.0145);
#1650=CIRCLE('',#2376,0.0145);
#1651=CIRCLE('',#2378,0.0075);
#1652=CIRCLE('',#2380,0.007);
#1653=CIRCLE('',#2382,0.0075);
#1654=CIRCLE('',#2385,0.005);
#1655=CIRCLE('',#2389,0.01);
#1656=CIRCLE('',#2391,0.0042);
#1657=CIRCLE('',#2392,0.0042);
#1658=CIRCLE('',#2395,0.01);
#1659=CIRCLE('',#2414,0.0145);
#1660=CIRCLE('',#2415,0.0145);
#1661=CIRCLE('',#2418,0.0145);
#1662=CIRCLE('',#2419,0.0145);
#1663=CIRCLE('',#2422,0.0145);
#1664=CIRCLE('',#2423,0.0145);
#1665=CIRCLE('',#2425,0.0145);
#1666=CIRCLE('',#2426,0.0145);
#1667=CIRCLE('',#2429,0.0145);
#1668=CIRCLE('',#2430,0.0145);
#1669=CIRCLE('',#2433,0.0145);
#1670=CIRCLE('',#2434,0.0145);
#1671=CIRCLE('',#2451,0.0033);
#1672=CIRCLE('',#2452,0.0033);
#1673=CIRCLE('',#2453,0.0033);
#1674=CIRCLE('',#2454,0.0033);
#1675=CIRCLE('',#2455,0.003);
#1676=CIRCLE('',#2456,0.003);
#1677=CIRCLE('',#2457,0.003);
#1678=CIRCLE('',#2458,0.003);
#1679=CIRCLE('',#2460,0.0033);
#1680=CIRCLE('',#2461,0.0033);
#1681=CIRCLE('',#2462,0.0033);
#1682=CIRCLE('',#2463,0.0033);
#1683=CIRCLE('',#2464,0.005);
#1684=CIRCLE('',#2465,0.005);
#1685=CIRCLE('',#2466,0.005);
#1686=CIRCLE('',#2467,0.005);
#1687=CIRCLE('',#2469,0.005);
#1688=CIRCLE('',#2471,0.005);
#1689=CIRCLE('',#2473,0.005);
#1690=CIRCLE('',#2475,0.005);
#1691=CIRCLE('',#2477,0.002);
#1692=CIRCLE('',#2478,0.002);
#1693=CIRCLE('',#2480,0.002);
#1694=CIRCLE('',#2482,0.002);
#1695=CIRCLE('',#2484,0.002);
#1696=CIRCLE('',#2486,0.002);
#1697=CIRCLE('',#2488,0.002);
#1698=CIRCLE('',#2490,0.002);
#1699=CIRCLE('',#2499,0.0145);
#1700=CIRCLE('',#2500,0.0145);
#1701=CIRCLE('',#2503,0.0145);
#1702=CIRCLE('',#2504,0.0145);
#1703=CIRCLE('',#2506,0.0145);
#1704=CIRCLE('',#2507,0.0145);
#1705=CIRCLE('',#2510,0.0145);
#1706=CIRCLE('',#2511,0.0145);
#1707=CIRCLE('',#2513,0.0145);
#1708=CIRCLE('',#2514,0.0145);
#1709=CIRCLE('',#2516,0.0145);
#1710=CIRCLE('',#2517,0.0145);
#1711=CIRCLE('',#2521,0.0025);
#1712=CIRCLE('',#2522,0.0025);
#1713=CIRCLE('',#2523,0.0025);
#1714=CIRCLE('',#2524,0.0025);
#1715=CIRCLE('',#2525,0.0025);
#1716=CIRCLE('',#2526,0.0025);
#1717=CIRCLE('',#2528,0.0025);
#1718=CIRCLE('',#2531,0.0025);
#1719=CIRCLE('',#2534,0.0025);
#1720=CIRCLE('',#2537,0.0025);
#1721=CIRCLE('',#2540,0.0025);
#1722=CIRCLE('',#2543,0.0025);
#1723=CIRCLE('',#2556,0.00425);
#1724=CIRCLE('',#2557,0.00425);
#1725=CIRCLE('',#2558,0.00425);
#1726=CIRCLE('',#2559,0.00425);
#1727=CIRCLE('',#2560,0.006);
#1728=CIRCLE('',#2561,0.006);
#1729=CIRCLE('',#2562,0.006);
#1730=CIRCLE('',#2563,0.006);
#1731=CIRCLE('',#2564,0.005);
#1732=CIRCLE('',#2565,0.005);
#1733=CIRCLE('',#2566,0.005);
#1734=CIRCLE('',#2567,0.005);
#1735=CIRCLE('',#2573,0.005);
#1736=CIRCLE('',#2574,0.005);
#1737=CIRCLE('',#2575,0.005);
#1738=CIRCLE('',#2576,0.005);
#1739=CIRCLE('',#2582,0.006);
#1740=CIRCLE('',#2583,0.006);
#1741=CIRCLE('',#2584,0.006);
#1742=CIRCLE('',#2585,0.006);
#1743=CIRCLE('',#2595,0.00425);
#1744=CIRCLE('',#2598,0.00425);
#1745=CIRCLE('',#2601,0.00425);
#1746=CIRCLE('',#2604,0.00425);
#1747=EDGE_LOOP('',(#569));
#1748=EDGE_LOOP('',(#570));
#1749=EDGE_LOOP('',(#571));
#1750=EDGE_LOOP('',(#572));
#1751=EDGE_LOOP('',(#573));
#1752=EDGE_LOOP('',(#574));
#1753=EDGE_LOOP('',(#575));
#1754=EDGE_LOOP('',(#576));
#1755=EDGE_LOOP('',(#577));
#1756=EDGE_LOOP('',(#578));
#1757=EDGE_LOOP('',(#579));
#1758=EDGE_LOOP('',(#580));
#1759=EDGE_LOOP('',(#581));
#1760=EDGE_LOOP('',(#582,#583,#584,#585,#586,#587,#588,#589));
#1761=EDGE_LOOP('',(#590,#591,#592,#593));
#1762=EDGE_LOOP('',(#594,#595,#596,#597));
#1763=EDGE_LOOP('',(#598,#599,#600,#601));
#1764=EDGE_LOOP('',(#602,#603,#604,#605));
#1765=EDGE_LOOP('',(#606,#607,#608,#609));
#1766=EDGE_LOOP('',(#610));
#1767=EDGE_LOOP('',(#611,#612,#613,#614));
#1768=EDGE_LOOP('',(#615));
#1769=EDGE_LOOP('',(#616));
#1770=EDGE_LOOP('',(#617,#618,#619,#620));
#1771=EDGE_LOOP('',(#621,#622,#623,#624));
#1772=EDGE_LOOP('',(#625,#626,#627,#628));
#1773=EDGE_LOOP('',(#629,#630,#631,#632));
#1774=EDGE_LOOP('',(#633,#634,#635,#636));
#1775=EDGE_LOOP('',(#637,#638,#639,#640));
#1776=EDGE_LOOP('',(#641,#642,#643,#644));
#1777=EDGE_LOOP('',(#645,#646,#647,#648));
#1778=EDGE_LOOP('',(#649,#650,#651,#652,#653,#654,#655,#656));
#1779=EDGE_LOOP('',(#657,#658,#659,#660));
#1780=EDGE_LOOP('',(#661,#662,#663,#664));
#1781=EDGE_LOOP('',(#665,#666,#667,#668));
#1782=EDGE_LOOP('',(#669,#670,#671,#672));
#1783=EDGE_LOOP('',(#673,#674,#675,#676));
#1784=EDGE_LOOP('',(#677,#678,#679,#680));
#1785=EDGE_LOOP('',(#681,#682,#683,#684));
#1786=EDGE_LOOP('',(#685,#686,#687,#688));
#1787=EDGE_LOOP('',(#689,#690,#691,#692));
#1788=EDGE_LOOP('',(#693,#694,#695,#696));
#1789=EDGE_LOOP('',(#697,#698,#699,#700));
#1790=EDGE_LOOP('',(#701,#702,#703,#704));
#1791=EDGE_LOOP('',(#705,#706,#707,#708));
#1792=EDGE_LOOP('',(#709,#710,#711,#712));
#1793=EDGE_LOOP('',(#713,#714,#715,#716));
#1794=EDGE_LOOP('',(#717,#718,#719,#720,#721,#722,#723,#724,#725,#726));
#1795=EDGE_LOOP('',(#727,#728,#729,#730));
#1796=EDGE_LOOP('',(#731,#732,#733,#734,#735,#736,#737,#738,#739,#740));
#1797=EDGE_LOOP('',(#741,#742,#743,#744));
#1798=EDGE_LOOP('',(#745,#746,#747,#748));
#1799=EDGE_LOOP('',(#749,#750,#751,#752));
#1800=EDGE_LOOP('',(#753,#754,#755,#756));
#1801=EDGE_LOOP('',(#757));
#1802=EDGE_LOOP('',(#758));
#1803=EDGE_LOOP('',(#759));
#1804=EDGE_LOOP('',(#760));
#1805=EDGE_LOOP('',(#761,#762,#763,#764,#765,#766,#767,#768));
#1806=EDGE_LOOP('',(#769));
#1807=EDGE_LOOP('',(#770));
#1808=EDGE_LOOP('',(#771));
#1809=EDGE_LOOP('',(#772));
#1810=EDGE_LOOP('',(#773,#774,#775,#776,#777,#778,#779,#780));
#1811=EDGE_LOOP('',(#781,#782,#783,#784));
#1812=EDGE_LOOP('',(#785,#786,#787,#788));
#1813=EDGE_LOOP('',(#789,#790,#791,#792));
#1814=EDGE_LOOP('',(#793,#794,#795,#796));
#1815=EDGE_LOOP('',(#797,#798,#799,#800));
#1816=EDGE_LOOP('',(#801,#802,#803,#804));
#1817=EDGE_LOOP('',(#805,#806,#807,#808));
#1818=EDGE_LOOP('',(#809,#810,#811,#812));
#1819=EDGE_LOOP('',(#813,#814,#815,#816));
#1820=EDGE_LOOP('',(#817,#818,#819,#820));
#1821=EDGE_LOOP('',(#821,#822,#823,#824));
#1822=EDGE_LOOP('',(#825,#826,#827,#828));
#1823=EDGE_LOOP('',(#829));
#1824=EDGE_LOOP('',(#830));
#1825=EDGE_LOOP('',(#831));
#1826=EDGE_LOOP('',(#832));
#1827=EDGE_LOOP('',(#833));
#1828=EDGE_LOOP('',(#834));
#1829=EDGE_LOOP('',(#835));
#1830=EDGE_LOOP('',(#836));
#1831=EDGE_LOOP('',(#837,#838,#839,#840));
#1832=EDGE_LOOP('',(#841,#842,#843,#844));
#1833=EDGE_LOOP('',(#845,#846,#847,#848));
#1834=EDGE_LOOP('',(#849,#850,#851,#852));
#1835=EDGE_LOOP('',(#853,#854,#855,#856));
#1836=EDGE_LOOP('',(#857,#858,#859,#860));
#1837=EDGE_LOOP('',(#861,#862,#863,#864));
#1838=EDGE_LOOP('',(#865,#866,#867,#868));
#1839=EDGE_LOOP('',(#869,#870,#871,#872));
#1840=EDGE_LOOP('',(#873,#874,#875,#876));
#1841=EDGE_LOOP('',(#877));
#1842=EDGE_LOOP('',(#878));
#1843=EDGE_LOOP('',(#879));
#1844=EDGE_LOOP('',(#880));
#1845=EDGE_LOOP('',(#881));
#1846=EDGE_LOOP('',(#882));
#1847=EDGE_LOOP('',(#883,#884,#885,#886,#887,#888,#889,#890,#891,#892));
#1848=EDGE_LOOP('',(#893));
#1849=EDGE_LOOP('',(#894));
#1850=EDGE_LOOP('',(#895));
#1851=EDGE_LOOP('',(#896));
#1852=EDGE_LOOP('',(#897));
#1853=EDGE_LOOP('',(#898));
#1854=EDGE_LOOP('',(#899));
#1855=EDGE_LOOP('',(#900));
#1856=EDGE_LOOP('',(#901));
#1857=EDGE_LOOP('',(#902));
#1858=EDGE_LOOP('',(#903));
#1859=EDGE_LOOP('',(#904));
#1860=EDGE_LOOP('',(#905));
#1861=EDGE_LOOP('',(#906));
#1862=EDGE_LOOP('',(#907));
#1863=EDGE_LOOP('',(#908));
#1864=EDGE_LOOP('',(#909));
#1865=EDGE_LOOP('',(#910));
#1866=EDGE_LOOP('',(#911,#912,#913,#914,#915,#916,#917,#918,#919,#920));
#1867=EDGE_LOOP('',(#921,#922,#923,#924));
#1868=EDGE_LOOP('',(#925,#926,#927,#928));
#1869=EDGE_LOOP('',(#929,#930,#931,#932));
#1870=EDGE_LOOP('',(#933,#934,#935,#936));
#1871=EDGE_LOOP('',(#937,#938,#939,#940));
#1872=EDGE_LOOP('',(#941,#942,#943,#944));
#1873=EDGE_LOOP('',(#945));
#1874=EDGE_LOOP('',(#946));
#1875=EDGE_LOOP('',(#947));
#1876=EDGE_LOOP('',(#948));
#1877=EDGE_LOOP('',(#949,#950,#951,#952,#953,#954,#955,#956));
#1878=EDGE_LOOP('',(#957,#958,#959,#960,#961,#962,#963,#964));
#1879=EDGE_LOOP('',(#965,#966,#967,#968));
#1880=EDGE_LOOP('',(#969,#970,#971,#972));
#1881=EDGE_LOOP('',(#973,#974,#975,#976));
#1882=EDGE_LOOP('',(#977,#978,#979,#980));
#1883=EDGE_LOOP('',(#981,#982,#983,#984,#985,#986,#987,#988));
#1884=EDGE_LOOP('',(#989,#990,#991,#992));
#1885=EDGE_LOOP('',(#993,#994,#995,#996));
#1886=EDGE_LOOP('',(#997,#998,#999,#1000));
#1887=EDGE_LOOP('',(#1001,#1002,#1003,#1004));
#1888=EDGE_LOOP('',(#1005,#1006,#1007,#1008));
#1889=EDGE_LOOP('',(#1009,#1010,#1011,#1012));
#1890=EDGE_LOOP('',(#1013,#1014,#1015,#1016));
#1891=EDGE_LOOP('',(#1017,#1018,#1019,#1020));
#1892=EDGE_LOOP('',(#1021,#1022,#1023,#1024,#1025,#1026,#1027,#1028));
#1893=EDGE_LOOP('',(#1029,#1030,#1031,#1032));
#1894=EDGE_LOOP('',(#1033,#1034,#1035,#1036));
#1895=EDGE_LOOP('',(#1037,#1038,#1039,#1040));
#1896=EDGE_LOOP('',(#1041,#1042,#1043,#1044));
#1897=EDGE_LOOP('',(#1045,#1046,#1047,#1048));
#1898=EDGE_LOOP('',(#1049,#1050,#1051,#1052));
#1899=EDGE_LOOP('',(#1053,#1054,#1055,#1056));
#1900=EDGE_LOOP('',(#1057,#1058,#1059,#1060));
#1901=EDGE_LOOP('',(#1061));
#1902=EDGE_LOOP('',(#1062));
#1903=EDGE_LOOP('',(#1063));
#1904=EDGE_LOOP('',(#1064));
#1905=EDGE_LOOP('',(#1065));
#1906=EDGE_LOOP('',(#1066));
#1907=EDGE_LOOP('',(#1067));
#1908=EDGE_LOOP('',(#1068));
#1909=EDGE_LOOP('',(#1069));
#1910=EDGE_LOOP('',(#1070));
#1911=EDGE_LOOP('',(#1071));
#1912=EDGE_LOOP('',(#1072));
#1913=EDGE_LOOP('',(#1073,#1074,#1075,#1076));
#1914=EDGE_LOOP('',(#1077,#1078,#1079,#1080));
#1915=EDGE_LOOP('',(#1081,#1082,#1083,#1084));
#1916=EDGE_LOOP('',(#1085,#1086,#1087,#1088));
#1917=EDGE_LOOP('',(#1089,#1090,#1091,#1092));
#1918=EDGE_LOOP('',(#1093,#1094,#1095,#1096));
#1919=EDGE_LOOP('',(#1097,#1098,#1099,#1100));
#1920=EDGE_LOOP('',(#1101,#1102,#1103,#1104));
#1921=EDGE_LOOP('',(#1105,#1106,#1107,#1108));
#1922=EDGE_LOOP('',(#1109,#1110,#1111,#1112));
#1923=EDGE_LOOP('',(#1113,#1114,#1115,#1116));
#1924=EDGE_LOOP('',(#1117,#1118,#1119,#1120));
#1925=EDGE_LOOP('',(#1121,#1122,#1123,#1124));
#1926=EDGE_LOOP('',(#1125,#1126,#1127,#1128));
#1927=EDGE_LOOP('',(#1129,#1130,#1131,#1132));
#1928=EDGE_LOOP('',(#1133,#1134,#1135,#1136));
#1929=EDGE_LOOP('',(#1137,#1138,#1139,#1140));
#1930=EDGE_LOOP('',(#1141,#1142,#1143,#1144));
#1931=EDGE_LOOP('',(#1145,#1146,#1147,#1148));
#1932=EDGE_LOOP('',(#1149,#1150,#1151,#1152));
#1933=FACE_BOUND('',#1747,.T.);
#1934=FACE_BOUND('',#1748,.T.);
#1935=FACE_BOUND('',#1749,.T.);
#1936=FACE_BOUND('',#1750,.T.);
#1937=FACE_BOUND('',#1751,.T.);
#1938=FACE_BOUND('',#1752,.T.);
#1939=FACE_BOUND('',#1753,.T.);
#1940=FACE_BOUND('',#1754,.T.);
#1941=FACE_BOUND('',#1755,.T.);
#1942=FACE_BOUND('',#1756,.T.);
#1943=FACE_BOUND('',#1757,.T.);
#1944=FACE_BOUND('',#1758,.T.);
#1945=FACE_BOUND('',#1759,.T.);
#1946=FACE_BOUND('',#1760,.T.);
#1947=FACE_BOUND('',#1761,.T.);
#1948=FACE_BOUND('',#1762,.T.);
#1949=FACE_BOUND('',#1763,.T.);
#1950=FACE_BOUND('',#1764,.T.);
#1951=FACE_BOUND('',#1765,.T.);
#1952=FACE_BOUND('',#1766,.T.);
#1953=FACE_BOUND('',#1767,.T.);
#1954=FACE_BOUND('',#1768,.T.);
#1955=FACE_BOUND('',#1769,.T.);
#1956=FACE_BOUND('',#1770,.T.);
#1957=FACE_BOUND('',#1771,.T.);
#1958=FACE_BOUND('',#1772,.T.);
#1959=FACE_BOUND('',#1773,.T.);
#1960=FACE_BOUND('',#1774,.T.);
#1961=FACE_BOUND('',#1775,.T.);
#1962=FACE_BOUND('',#1776,.T.);
#1963=FACE_BOUND('',#1777,.T.);
#1964=FACE_BOUND('',#1778,.T.);
#1965=FACE_BOUND('',#1779,.T.);
#1966=FACE_BOUND('',#1780,.T.);
#1967=FACE_BOUND('',#1781,.T.);
#1968=FACE_BOUND('',#1782,.T.);
#1969=FACE_BOUND('',#1783,.T.);
#1970=FACE_BOUND('',#1784,.T.);
#1971=FACE_BOUND('',#1785,.T.);
#1972=FACE_BOUND('',#1786,.T.);
#1973=FACE_BOUND('',#1787,.T.);
#1974=FACE_BOUND('',#1788,.T.);
#1975=FACE_BOUND('',#1789,.T.);
#1976=FACE_BOUND('',#1790,.T.);
#1977=FACE_BOUND('',#1791,.T.);
#1978=FACE_BOUND('',#1792,.T.);
#1979=FACE_BOUND('',#1793,.T.);
#1980=FACE_BOUND('',#1794,.T.);
#1981=FACE_BOUND('',#1795,.T.);
#1982=FACE_BOUND('',#1796,.T.);
#1983=FACE_BOUND('',#1797,.T.);
#1984=FACE_BOUND('',#1798,.T.);
#1985=FACE_BOUND('',#1799,.T.);
#1986=FACE_BOUND('',#1800,.T.);
#1987=FACE_BOUND('',#1801,.T.);
#1988=FACE_BOUND('',#1802,.T.);
#1989=FACE_BOUND('',#1803,.T.);
#1990=FACE_BOUND('',#1804,.T.);
#1991=FACE_BOUND('',#1805,.T.);
#1992=FACE_BOUND('',#1806,.T.);
#1993=FACE_BOUND('',#1807,.T.);
#1994=FACE_BOUND('',#1808,.T.);
#1995=FACE_BOUND('',#1809,.T.);
#1996=FACE_BOUND('',#1810,.T.);
#1997=FACE_BOUND('',#1811,.T.);
#1998=FACE_BOUND('',#1812,.T.);
#1999=FACE_BOUND('',#1813,.T.);
#2000=FACE_BOUND('',#1814,.T.);
#2001=FACE_BOUND('',#1815,.T.);
#2002=FACE_BOUND('',#1816,.T.);
#2003=FACE_BOUND('',#1817,.T.);
#2004=FACE_BOUND('',#1818,.T.);
#2005=FACE_BOUND('',#1819,.T.);
#2006=FACE_BOUND('',#1820,.T.);
#2007=FACE_BOUND('',#1821,.T.);
#2008=FACE_BOUND('',#1822,.T.);
#2009=FACE_BOUND('',#1823,.T.);
#2010=FACE_BOUND('',#1824,.T.);
#2011=FACE_BOUND('',#1825,.T.);
#2012=FACE_BOUND('',#1826,.T.);
#2013=FACE_BOUND('',#1827,.T.);
#2014=FACE_BOUND('',#1828,.T.);
#2015=FACE_BOUND('',#1829,.T.);
#2016=FACE_BOUND('',#1830,.T.);
#2017=FACE_BOUND('',#1831,.T.);
#2018=FACE_BOUND('',#1832,.T.);
#2019=FACE_BOUND('',#1833,.T.);
#2020=FACE_BOUND('',#1834,.T.);
#2021=FACE_BOUND('',#1835,.T.);
#2022=FACE_BOUND('',#1836,.T.);
#2023=FACE_BOUND('',#1837,.T.);
#2024=FACE_BOUND('',#1838,.T.);
#2025=FACE_BOUND('',#1839,.T.);
#2026=FACE_BOUND('',#1840,.T.);
#2027=FACE_BOUND('',#1841,.T.);
#2028=FACE_BOUND('',#1842,.T.);
#2029=FACE_BOUND('',#1843,.T.);
#2030=FACE_BOUND('',#1844,.T.);
#2031=FACE_BOUND('',#1845,.T.);
#2032=FACE_BOUND('',#1846,.T.);
#2033=FACE_BOUND('',#1847,.T.);
#2034=FACE_BOUND('',#1848,.T.);
#2035=FACE_BOUND('',#1849,.T.);
#2036=FACE_BOUND('',#1850,.T.);
#2037=FACE_BOUND('',#1851,.T.);
#2038=FACE_BOUND('',#1852,.T.);
#2039=FACE_BOUND('',#1853,.T.);
#2040=FACE_BOUND('',#1854,.T.);
#2041=FACE_BOUND('',#1855,.T.);
#2042=FACE_BOUND('',#1856,.T.);
#2043=FACE_BOUND('',#1857,.T.);
#2044=FACE_BOUND('',#1858,.T.);
#2045=FACE_BOUND('',#1859,.T.);
#2046=FACE_BOUND('',#1860,.T.);
#2047=FACE_BOUND('',#1861,.T.);
#2048=FACE_BOUND('',#1862,.T.);
#2049=FACE_BOUND('',#1863,.T.);
#2050=FACE_BOUND('',#1864,.T.);
#2051=FACE_BOUND('',#1865,.T.);
#2052=FACE_BOUND('',#1866,.T.);
#2053=FACE_BOUND('',#1867,.T.);
#2054=FACE_BOUND('',#1868,.T.);
#2055=FACE_BOUND('',#1869,.T.);
#2056=FACE_BOUND('',#1870,.T.);
#2057=FACE_BOUND('',#1871,.T.);
#2058=FACE_BOUND('',#1872,.T.);
#2059=FACE_BOUND('',#1873,.T.);
#2060=FACE_BOUND('',#1874,.T.);
#2061=FACE_BOUND('',#1875,.T.);
#2062=FACE_BOUND('',#1876,.T.);
#2063=FACE_BOUND('',#1877,.T.);
#2064=FACE_BOUND('',#1878,.T.);
#2065=FACE_BOUND('',#1879,.T.);
#2066=FACE_BOUND('',#1880,.T.);
#2067=FACE_BOUND('',#1881,.T.);
#2068=FACE_BOUND('',#1882,.T.);
#2069=FACE_BOUND('',#1883,.T.);
#2070=FACE_BOUND('',#1884,.T.);
#2071=FACE_BOUND('',#1885,.T.);
#2072=FACE_BOUND('',#1886,.T.);
#2073=FACE_BOUND('',#1887,.T.);
#2074=FACE_BOUND('',#1888,.T.);
#2075=FACE_BOUND('',#1889,.T.);
#2076=FACE_BOUND('',#1890,.T.);
#2077=FACE_BOUND('',#1891,.T.);
#2078=FACE_BOUND('',#1892,.T.);
#2079=FACE_BOUND('',#1893,.T.);
#2080=FACE_BOUND('',#1894,.T.);
#2081=FACE_BOUND('',#1895,.T.);
#2082=FACE_BOUND('',#1896,.T.);
#2083=FACE_BOUND('',#1897,.T.);
#2084=FACE_BOUND('',#1898,.T.);
#2085=FACE_BOUND('',#1899,.T.);
#2086=FACE_BOUND('',#1900,.T.);
#2087=FACE_BOUND('',#1901,.T.);
#2088=FACE_BOUND('',#1902,.T.);
#2089=FACE_BOUND('',#1903,.T.);
#2090=FACE_BOUND('',#1904,.T.);
#2091=FACE_BOUND('',#1905,.T.);
#2092=FACE_BOUND('',#1906,.T.);
#2093=FACE_BOUND('',#1907,.T.);
#2094=FACE_BOUND('',#1908,.T.);
#2095=FACE_BOUND('',#1909,.T.);
#2096=FACE_BOUND('',#1910,.T.);
#2097=FACE_BOUND('',#1911,.T.);
#2098=FACE_BOUND('',#1912,.T.);
#2099=FACE_BOUND('',#1913,.T.);
#2100=FACE_BOUND('',#1914,.T.);
#2101=FACE_BOUND('',#1915,.T.);
#2102=FACE_BOUND('',#1916,.T.);
#2103=FACE_BOUND('',#1917,.T.);
#2104=FACE_BOUND('',#1918,.T.);
#2105=FACE_BOUND('',#1919,.T.);
#2106=FACE_BOUND('',#1920,.T.);
#2107=FACE_BOUND('',#1921,.T.);
#2108=FACE_BOUND('',#1922,.T.);
#2109=FACE_BOUND('',#1923,.T.);
#2110=FACE_BOUND('',#1924,.T.);
#2111=FACE_BOUND('',#1925,.T.);
#2112=FACE_BOUND('',#1926,.T.);
#2113=FACE_BOUND('',#1927,.T.);
#2114=FACE_BOUND('',#1928,.T.);
#2115=FACE_BOUND('',#1929,.T.);
#2116=FACE_BOUND('',#1930,.T.);
#2117=FACE_BOUND('',#1931,.T.);
#2118=FACE_BOUND('',#1932,.T.);
#2119=CYLINDRICAL_SURFACE('',#2374,0.0145);
#2120=CYLINDRICAL_SURFACE('',#2381,0.0075);
#2121=CYLINDRICAL_SURFACE('',#2390,0.0042);
#2122=CYLINDRICAL_SURFACE('',#2396,0.01);
#2123=CYLINDRICAL_SURFACE('',#2413,0.0145);
#2124=CYLINDRICAL_SURFACE('',#2417,0.0145);
#2125=CYLINDRICAL_SURFACE('',#2421,0.0145);
#2126=CYLINDRICAL_SURFACE('',#2424,0.0145);
#2127=CYLINDRICAL_SURFACE('',#2428,0.0145);
#2128=CYLINDRICAL_SURFACE('',#2432,0.0145);
#2129=CYLINDRICAL_SURFACE('',#2468,0.005);
#2130=CYLINDRICAL_SURFACE('',#2470,0.005);
#2131=CYLINDRICAL_SURFACE('',#2472,0.005);
#2132=CYLINDRICAL_SURFACE('',#2474,0.005);
#2133=CYLINDRICAL_SURFACE('',#2479,0.002);
#2134=CYLINDRICAL_SURFACE('',#2481,0.002);
#2135=CYLINDRICAL_SURFACE('',#2487,0.002);
#2136=CYLINDRICAL_SURFACE('',#2489,0.002);
#2137=CYLINDRICAL_SURFACE('',#2492,0.0033);
#2138=CYLINDRICAL_SURFACE('',#2493,0.0033);
#2139=CYLINDRICAL_SURFACE('',#2494,0.0033);
#2140=CYLINDRICAL_SURFACE('',#2495,0.0033);
#2141=CYLINDRICAL_SURFACE('',#2498,0.0145);
#2142=CYLINDRICAL_SURFACE('',#2502,0.0145);
#2143=CYLINDRICAL_SURFACE('',#2505,0.0145);
#2144=CYLINDRICAL_SURFACE('',#2509,0.0145);
#2145=CYLINDRICAL_SURFACE('',#2512,0.0145);
#2146=CYLINDRICAL_SURFACE('',#2515,0.0145);
#2147=CYLINDRICAL_SURFACE('',#2527,0.0025);
#2148=CYLINDRICAL_SURFACE('',#2530,0.0025);
#2149=CYLINDRICAL_SURFACE('',#2533,0.0025);
#2150=CYLINDRICAL_SURFACE('',#2536,0.0025);
#2151=CYLINDRICAL_SURFACE('',#2539,0.0025);
#2152=CYLINDRICAL_SURFACE('',#2542,0.0025);
#2153=CYLINDRICAL_SURFACE('',#2586,0.006);
#2154=CYLINDRICAL_SURFACE('',#2587,0.006);
#2155=CYLINDRICAL_SURFACE('',#2588,0.006);
#2156=CYLINDRICAL_SURFACE('',#2589,0.006);
#2157=CYLINDRICAL_SURFACE('',#2590,0.005);
#2158=CYLINDRICAL_SURFACE('',#2591,0.005);
#2159=CYLINDRICAL_SURFACE('',#2592,0.005);
#2160=CYLINDRICAL_SURFACE('',#2593,0.005);
#2161=CYLINDRICAL_SURFACE('',#2594,0.00425);
#2162=CYLINDRICAL_SURFACE('',#2597,0.00425);
#2163=CYLINDRICAL_SURFACE('',#2600,0.00425);
#2164=CYLINDRICAL_SURFACE('',#2603,0.00425);
#2165=ADVANCED_FACE('',(#1933,#1934),#2119,.T.);
#2166=ADVANCED_FACE('',(#1935,#1936),#484,.T.);
#2167=ADVANCED_FACE('',(#1937,#1938),#485,.F.);
#2168=ADVANCED_FACE('',(#1939,#1940),#2120,.T.);
#2169=ADVANCED_FACE('',(#1941),#486,.T.);
#2170=ADVANCED_FACE('',(#1942),#487,.T.);
#2171=ADVANCED_FACE('',(#1943,#1944),#483,.F.);
#2172=ADVANCED_FACE('',(#1945,#1946),#488,.T.);
#2173=ADVANCED_FACE('',(#1947),#2121,.T.);
#2174=ADVANCED_FACE('',(#1948),#489,.T.);
#2175=ADVANCED_FACE('',(#1949),#14,.F.);
#2176=ADVANCED_FACE('',(#1950),#15,.F.);
#2177=ADVANCED_FACE('',(#1951),#16,.F.);
#2178=ADVANCED_FACE('',(#1952,#1953),#490,.F.);
#2179=ADVANCED_FACE('',(#1954,#1955),#2122,.T.);
#2180=ADVANCED_FACE('',(#1956),#491,.T.);
#2181=ADVANCED_FACE('',(#1957),#492,.T.);
#2182=ADVANCED_FACE('',(#1958),#493,.T.);
#2183=ADVANCED_FACE('',(#1959),#494,.T.);
#2184=ADVANCED_FACE('',(#1960),#495,.T.);
#2185=ADVANCED_FACE('',(#1961),#496,.T.);
#2186=ADVANCED_FACE('',(#1962),#497,.T.);
#2187=ADVANCED_FACE('',(#1963),#498,.T.);
#2188=ADVANCED_FACE('',(#1964),#499,.T.);
#2189=ADVANCED_FACE('',(#1965),#500,.T.);
#2190=ADVANCED_FACE('',(#1966),#501,.F.);
#2191=ADVANCED_FACE('',(#1967),#502,.F.);
#2192=ADVANCED_FACE('',(#1968),#503,.T.);
#2193=ADVANCED_FACE('',(#1969),#504,.T.);
#2194=ADVANCED_FACE('',(#1970),#2123,.F.);
#2195=ADVANCED_FACE('',(#1971),#505,.F.);
#2196=ADVANCED_FACE('',(#1972),#2124,.F.);
#2197=ADVANCED_FACE('',(#1973),#506,.F.);
#2198=ADVANCED_FACE('',(#1974),#2125,.F.);
#2199=ADVANCED_FACE('',(#1975),#2126,.F.);
#2200=ADVANCED_FACE('',(#1976),#507,.T.);
#2201=ADVANCED_FACE('',(#1977),#2127,.F.);
#2202=ADVANCED_FACE('',(#1978),#508,.T.);
#2203=ADVANCED_FACE('',(#1979),#2128,.F.);
#2204=ADVANCED_FACE('',(#1980,#1981),#509,.T.);
#2205=ADVANCED_FACE('',(#1982),#510,.F.);
#2206=ADVANCED_FACE('',(#1983),#511,.T.);
#2207=ADVANCED_FACE('',(#1984),#512,.F.);
#2208=ADVANCED_FACE('',(#1985),#513,.F.);
#2209=ADVANCED_FACE('',(#1986),#514,.T.);
#2210=ADVANCED_FACE('',(#1987,#1988,#1989,#1990,#1991),#515,.T.);
#2211=ADVANCED_FACE('',(#1992,#1993,#1994,#1995,#1996),#516,.F.);
#2212=ADVANCED_FACE('',(#1997),#2129,.T.);
#2213=ADVANCED_FACE('',(#1998),#2130,.T.);
#2214=ADVANCED_FACE('',(#1999),#2131,.T.);
#2215=ADVANCED_FACE('',(#2000),#2132,.T.);
#2216=ADVANCED_FACE('',(#2001),#10,.T.);
#2217=ADVANCED_FACE('',(#2002),#2133,.T.);
#2218=ADVANCED_FACE('',(#2003),#2134,.T.);
#2219=ADVANCED_FACE('',(#2004),#11,.T.);
#2220=ADVANCED_FACE('',(#2005),#12,.T.);
#2221=ADVANCED_FACE('',(#2006),#2135,.T.);
#2222=ADVANCED_FACE('',(#2007),#2136,.T.);
#2223=ADVANCED_FACE('',(#2008),#13,.T.);
#2224=ADVANCED_FACE('',(#2009,#2010),#2137,.F.);
#2225=ADVANCED_FACE('',(#2011,#2012),#2138,.F.);
#2226=ADVANCED_FACE('',(#2013,#2014),#2139,.F.);
#2227=ADVANCED_FACE('',(#2015,#2016),#2140,.F.);
#2228=ADVANCED_FACE('',(#2017),#2141,.F.);
#2229=ADVANCED_FACE('',(#2018),#517,.F.);
#2230=ADVANCED_FACE('',(#2019),#2142,.F.);
#2231=ADVANCED_FACE('',(#2020),#2143,.F.);
#2232=ADVANCED_FACE('',(#2021),#518,.F.);
#2233=ADVANCED_FACE('',(#2022),#2144,.F.);
#2234=ADVANCED_FACE('',(#2023),#2145,.F.);
#2235=ADVANCED_FACE('',(#2024),#2146,.F.);
#2236=ADVANCED_FACE('',(#2025),#519,.T.);
#2237=ADVANCED_FACE('',(#2026),#520,.T.);
#2238=ADVANCED_FACE('',(#2027,#2028,#2029,#2030,#2031,#2032,#2033),#521,
 .T.);
#2239=ADVANCED_FACE('',(#2034,#2035),#2147,.T.);
#2240=ADVANCED_FACE('',(#2036),#522,.T.);
#2241=ADVANCED_FACE('',(#2037,#2038),#2148,.T.);
#2242=ADVANCED_FACE('',(#2039),#523,.T.);
#2243=ADVANCED_FACE('',(#2040,#2041),#2149,.T.);
#2244=ADVANCED_FACE('',(#2042),#524,.T.);
#2245=ADVANCED_FACE('',(#2043,#2044),#2150,.T.);
#2246=ADVANCED_FACE('',(#2045),#525,.T.);
#2247=ADVANCED_FACE('',(#2046,#2047),#2151,.T.);
#2248=ADVANCED_FACE('',(#2048),#526,.T.);
#2249=ADVANCED_FACE('',(#2049,#2050),#2152,.T.);
#2250=ADVANCED_FACE('',(#2051),#527,.T.);
#2251=ADVANCED_FACE('',(#2052,#2053),#528,.T.);
#2252=ADVANCED_FACE('',(#2054),#529,.F.);
#2253=ADVANCED_FACE('',(#2055),#530,.T.);
#2254=ADVANCED_FACE('',(#2056),#531,.F.);
#2255=ADVANCED_FACE('',(#2057),#532,.F.);
#2256=ADVANCED_FACE('',(#2058),#533,.T.);
#2257=ADVANCED_FACE('',(#2059,#2060,#2061,#2062,#2063,#2064),#534,.T.);
#2258=ADVANCED_FACE('',(#2065),#535,.T.);
#2259=ADVANCED_FACE('',(#2066),#536,.F.);
#2260=ADVANCED_FACE('',(#2067),#537,.F.);
#2261=ADVANCED_FACE('',(#2068),#538,.T.);
#2262=ADVANCED_FACE('',(#2069),#539,.F.);
#2263=ADVANCED_FACE('',(#2070),#540,.T.);
#2264=ADVANCED_FACE('',(#2071),#541,.F.);
#2265=ADVANCED_FACE('',(#2072),#542,.F.);
#2266=ADVANCED_FACE('',(#2073),#543,.T.);
#2267=ADVANCED_FACE('',(#2074,#2075,#2076,#2077,#2078),#544,.T.);
#2268=ADVANCED_FACE('',(#2079),#2153,.T.);
#2269=ADVANCED_FACE('',(#2080),#2154,.T.);
#2270=ADVANCED_FACE('',(#2081),#2155,.T.);
#2271=ADVANCED_FACE('',(#2082),#2156,.T.);
#2272=ADVANCED_FACE('',(#2083),#2157,.T.);
#2273=ADVANCED_FACE('',(#2084),#2158,.T.);
#2274=ADVANCED_FACE('',(#2085),#2159,.T.);
#2275=ADVANCED_FACE('',(#2086),#2160,.T.);
#2276=ADVANCED_FACE('',(#2087,#2088),#2161,.F.);
#2277=ADVANCED_FACE('',(#2089),#545,.T.);
#2278=ADVANCED_FACE('',(#2090,#2091),#2162,.F.);
#2279=ADVANCED_FACE('',(#2092),#546,.T.);
#2280=ADVANCED_FACE('',(#2093,#2094),#2163,.F.);
#2281=ADVANCED_FACE('',(#2095),#547,.T.);
#2282=ADVANCED_FACE('',(#2096,#2097),#2164,.F.);
#2283=ADVANCED_FACE('',(#2098),#548,.T.);
#2284=ADVANCED_FACE('',(#2099),#549,.T.);
#2285=ADVANCED_FACE('',(#2100),#550,.F.);
#2286=ADVANCED_FACE('',(#2101),#551,.F.);
#2287=ADVANCED_FACE('',(#2102),#552,.T.);
#2288=ADVANCED_FACE('',(#2103),#553,.T.);
#2289=ADVANCED_FACE('',(#2104),#554,.T.);
#2290=ADVANCED_FACE('',(#2105),#555,.F.);
#2291=ADVANCED_FACE('',(#2106),#556,.F.);
#2292=ADVANCED_FACE('',(#2107),#557,.T.);
#2293=ADVANCED_FACE('',(#2108),#558,.T.);
#2294=ADVANCED_FACE('',(#2109),#559,.T.);
#2295=ADVANCED_FACE('',(#2110),#560,.F.);
#2296=ADVANCED_FACE('',(#2111),#561,.F.);
#2297=ADVANCED_FACE('',(#2112),#562,.T.);
#2298=ADVANCED_FACE('',(#2113),#563,.T.);
#2299=ADVANCED_FACE('',(#2114),#564,.T.);
#2300=ADVANCED_FACE('',(#2115),#565,.F.);
#2301=ADVANCED_FACE('',(#2116),#566,.F.);
#2302=ADVANCED_FACE('',(#2117),#567,.T.);
#2303=ADVANCED_FACE('',(#2118),#568,.T.);
#2304=CLOSED_SHELL('',(#2165,#2166,#2167,#2168,#2169,#2170,#2171));
#2305=CLOSED_SHELL('',(#2172,#2173,#2174,#2175,#2176,#2177,#2178,#2179,
#2180,#2181,#2182,#2183,#2184,#2185,#2186,#2187,#2188));
#2306=CLOSED_SHELL('',(#2189,#2190,#2191,#2192,#2193,#2194,#2195,#2196,
#2197,#2198,#2199,#2200,#2201,#2202,#2203,#2204,#2205));
#2307=CLOSED_SHELL('',(#2206,#2207,#2208,#2209,#2210,#2211,#2212,#2213,
#2214,#2215,#2216,#2217,#2218,#2219,#2220,#2221,#2222,#2223,#2224,#2225,
#2226,#2227));
#2308=CLOSED_SHELL('',(#2228,#2229,#2230,#2231,#2232,#2233,#2234,#2235,
#2236,#2237,#2238,#2239,#2240,#2241,#2242,#2243,#2244,#2245,#2246,#2247,
#2248,#2249,#2250,#2251,#2252,#2253,#2254,#2255,#2256));
#2309=CLOSED_SHELL('',(#2257,#2258,#2259,#2260,#2261,#2262,#2263,#2264,
#2265,#2266,#2267,#2268,#2269,#2270,#2271,#2272,#2273,#2274,#2275,#2276,
#2277,#2278,#2279,#2280,#2281,#2282,#2283,#2284,#2285,#2286,#2287,#2288,
#2289,#2290,#2291,#2292,#2293,#2294,#2295,#2296,#2297,#2298,#2299,#2300,
#2301,#2302,#2303));
#2310=STYLED_ITEM('',(#2316),#2353);
#2311=STYLED_ITEM('',(#2317),#2354);
#2312=STYLED_ITEM('',(#2318),#2355);
#2313=STYLED_ITEM('',(#2319),#2356);
#2314=STYLED_ITEM('',(#2320),#2357);
#2315=STYLED_ITEM('',(#2321),#2358);
#2316=PRESENTATION_STYLE_ASSIGNMENT((#2322));
#2317=PRESENTATION_STYLE_ASSIGNMENT((#2323));
#2318=PRESENTATION_STYLE_ASSIGNMENT((#2324));
#2319=PRESENTATION_STYLE_ASSIGNMENT((#2325));
#2320=PRESENTATION_STYLE_ASSIGNMENT((#2326));
#2321=PRESENTATION_STYLE_ASSIGNMENT((#2327));
#2322=SURFACE_STYLE_USAGE(.BOTH.,#2328);
#2323=SURFACE_STYLE_USAGE(.BOTH.,#2329);
#2324=SURFACE_STYLE_USAGE(.BOTH.,#2330);
#2325=SURFACE_STYLE_USAGE(.BOTH.,#2331);
#2326=SURFACE_STYLE_USAGE(.BOTH.,#2332);
#2327=SURFACE_STYLE_USAGE(.BOTH.,#2333);
#2328=SURFACE_SIDE_STYLE('',(#2334));
#2329=SURFACE_SIDE_STYLE('',(#2335));
#2330=SURFACE_SIDE_STYLE('',(#2336));
#2331=SURFACE_SIDE_STYLE('',(#2337));
#2332=SURFACE_SIDE_STYLE('',(#2338));
#2333=SURFACE_SIDE_STYLE('',(#2339));
#2334=SURFACE_STYLE_FILL_AREA(#2340);
#2335=SURFACE_STYLE_FILL_AREA(#2341);
#2336=SURFACE_STYLE_FILL_AREA(#2342);
#2337=SURFACE_STYLE_FILL_AREA(#2343);
#2338=SURFACE_STYLE_FILL_AREA(#2344);
#2339=SURFACE_STYLE_FILL_AREA(#2345);
#2340=FILL_AREA_STYLE('',(#2346));
#2341=FILL_AREA_STYLE('',(#2347));
#2342=FILL_AREA_STYLE('',(#2348));
#2343=FILL_AREA_STYLE('',(#2349));
#2344=FILL_AREA_STYLE('',(#2350));
#2345=FILL_AREA_STYLE('',(#2351));
#2346=FILL_AREA_STYLE_COLOUR('',#2352);
#2347=FILL_AREA_STYLE_COLOUR('',#2352);
#2348=FILL_AREA_STYLE_COLOUR('',#2352);
#2349=FILL_AREA_STYLE_COLOUR('',#2352);
#2350=FILL_AREA_STYLE_COLOUR('',#2352);
#2351=FILL_AREA_STYLE_COLOUR('',#2352);
#2352=COLOUR_RGB('',0.615686274509804,0.811764705882353,0.929411764705882);
#2353=MANIFOLD_SOLID_BREP('Part 1',#2304);
#2354=MANIFOLD_SOLID_BREP('Part 19',#2305);
#2355=MANIFOLD_SOLID_BREP('Part 1',#2306);
#2356=MANIFOLD_SOLID_BREP('Part 1',#2307);
#2357=MANIFOLD_SOLID_BREP('Part 1',#2308);
#2358=MANIFOLD_SOLID_BREP('Part 1',#2309);
#2359=SHAPE_DEFINITION_REPRESENTATION(#6647,#2366);
#2360=SHAPE_DEFINITION_REPRESENTATION(#6648,#2367);
#2361=SHAPE_DEFINITION_REPRESENTATION(#6650,#2368);
#2362=SHAPE_DEFINITION_REPRESENTATION(#6653,#2369);
#2363=SHAPE_DEFINITION_REPRESENTATION(#6663,#2370);
#2364=SHAPE_DEFINITION_REPRESENTATION(#6666,#2371);
#2365=SHAPE_DEFINITION_REPRESENTATION(#6671,#2372);
#2366=SHAPE_REPRESENTATION('Assembly 1',(#2373,#2387,#2406,#2407,#2437,
#2438,#2439,#2440,#2441,#2442,#2443,#2444,#2445,#2496,#2497,#2551,#2552,
#2553,#2554,#2626),#6630);
#2367=SHAPE_REPRESENTATION('Part 1',(#2373),#6631);
#2368=SHAPE_REPRESENTATION('Part 19',(#2373),#6632);
#2369=SHAPE_REPRESENTATION('Part 1',(#2373),#6633);
#2370=SHAPE_REPRESENTATION('Part 1',(#2373),#6634);
#2371=SHAPE_REPRESENTATION('Part 1',(#2373),#6635);
#2372=SHAPE_REPRESENTATION('Part 1',(#2373),#6636);
#2373=AXIS2_PLACEMENT_3D('',#3319,#2627,#2628);
#2374=AXIS2_PLACEMENT_3D('',#3320,#2629,#2630);
#2375=AXIS2_PLACEMENT_3D('',#3321,#2631,#2632);
#2376=AXIS2_PLACEMENT_3D('',#3323,#2633,#2634);
#2377=AXIS2_PLACEMENT_3D('',#3325,#2635,#2636);
#2378=AXIS2_PLACEMENT_3D('',#3326,#2637,#2638);
#2379=AXIS2_PLACEMENT_3D('',#3328,#2639,#2640);
#2380=AXIS2_PLACEMENT_3D('',#3329,#2641,#2642);
#2381=AXIS2_PLACEMENT_3D('',#3331,#2643,#2644);
#2382=AXIS2_PLACEMENT_3D('',#3332,#2645,#2646);
#2383=AXIS2_PLACEMENT_3D('',#3334,#2647,#2648);
#2384=AXIS2_PLACEMENT_3D('',#3335,#2649,#2650);
#2385=AXIS2_PLACEMENT_3D('',#3336,#2651,#2652);
#2386=AXIS2_PLACEMENT_3D('',#3338,#2653,#2654);
#2387=AXIS2_PLACEMENT_3D('',#3339,#2655,#2656);
#2388=AXIS2_PLACEMENT_3D('',#3340,#2657,#2658);
#2389=AXIS2_PLACEMENT_3D('',#3341,#2659,#2660);
#2390=AXIS2_PLACEMENT_3D('',#3359,#2669,#2670);
#2391=AXIS2_PLACEMENT_3D('',#3360,#2671,#2672);
#2392=AXIS2_PLACEMENT_3D('',#3605,#2673,#2674);
#2393=AXIS2_PLACEMENT_3D('',#3848,#2675,#2676);
#2394=AXIS2_PLACEMENT_3D('',#6039,#2677,#2678);
#2395=AXIS2_PLACEMENT_3D('',#6040,#2679,#2680);
#2396=AXIS2_PLACEMENT_3D('',#6042,#2681,#2682);
#2397=AXIS2_PLACEMENT_3D('',#6043,#2683,#2684);
#2398=AXIS2_PLACEMENT_3D('',#6049,#2688,#2689);
#2399=AXIS2_PLACEMENT_3D('',#6053,#2692,#2693);
#2400=AXIS2_PLACEMENT_3D('',#6057,#2696,#2697);
#2401=AXIS2_PLACEMENT_3D('',#6061,#2700,#2701);
#2402=AXIS2_PLACEMENT_3D('',#6065,#2704,#2705);
#2403=AXIS2_PLACEMENT_3D('',#6069,#2708,#2709);
#2404=AXIS2_PLACEMENT_3D('',#6073,#2712,#2713);
#2405=AXIS2_PLACEMENT_3D('',#6075,#2715,#2716);
#2406=AXIS2_PLACEMENT_3D('',#6076,#2717,#2718);
#2407=AXIS2_PLACEMENT_3D('',#6077,#2719,#2720);
#2408=AXIS2_PLACEMENT_3D('',#6078,#2721,#2722);
#2409=AXIS2_PLACEMENT_3D('',#6087,#2727,#2728);
#2410=AXIS2_PLACEMENT_3D('',#6093,#2732,#2733);
#2411=AXIS2_PLACEMENT_3D('',#6099,#2737,#2738);
#2412=AXIS2_PLACEMENT_3D('',#6102,#2741,#2742);
#2413=AXIS2_PLACEMENT_3D('',#6103,#2743,#2744);
#2414=AXIS2_PLACEMENT_3D('',#6104,#2745,#2746);
#2415=AXIS2_PLACEMENT_3D('',#6109,#2748,#2749);
#2416=AXIS2_PLACEMENT_3D('',#6112,#2751,#2752);
#2417=AXIS2_PLACEMENT_3D('',#6118,#2756,#2757);
#2418=AXIS2_PLACEMENT_3D('',#6119,#2758,#2759);
#2419=AXIS2_PLACEMENT_3D('',#6123,#2761,#2762);
#2420=AXIS2_PLACEMENT_3D('',#6124,#2763,#2764);
#2421=AXIS2_PLACEMENT_3D('',#6130,#2768,#2769);
#2422=AXIS2_PLACEMENT_3D('',#6131,#2770,#2771);
#2423=AXIS2_PLACEMENT_3D('',#6135,#2773,#2774);
#2424=AXIS2_PLACEMENT_3D('',#6136,#2775,#2776);
#2425=AXIS2_PLACEMENT_3D('',#6137,#2777,#2778);
#2426=AXIS2_PLACEMENT_3D('',#6141,#2780,#2781);
#2427=AXIS2_PLACEMENT_3D('',#6142,#2782,#2783);
#2428=AXIS2_PLACEMENT_3D('',#6148,#2787,#2788);
#2429=AXIS2_PLACEMENT_3D('',#6149,#2789,#2790);
#2430=AXIS2_PLACEMENT_3D('',#6153,#2792,#2793);
#2431=AXIS2_PLACEMENT_3D('',#6154,#2794,#2795);
#2432=AXIS2_PLACEMENT_3D('',#6160,#2799,#2800);
#2433=AXIS2_PLACEMENT_3D('',#6161,#2801,#2802);
#2434=AXIS2_PLACEMENT_3D('',#6162,#2803,#2804);
#2435=AXIS2_PLACEMENT_3D('',#6163,#2805,#2806);
#2436=AXIS2_PLACEMENT_3D('',#6164,#2807,#2808);
#2437=AXIS2_PLACEMENT_3D('',#6165,#2809,#2810);
#2438=AXIS2_PLACEMENT_3D('',#6166,#2811,#2812);
#2439=AXIS2_PLACEMENT_3D('',#6167,#2813,#2814);
#2440=AXIS2_PLACEMENT_3D('',#6168,#2815,#2816);
#2441=AXIS2_PLACEMENT_3D('',#6169,#2817,#2818);
#2442=AXIS2_PLACEMENT_3D('',#6170,#2819,#2820);
#2443=AXIS2_PLACEMENT_3D('',#6171,#2821,#2822);
#2444=AXIS2_PLACEMENT_3D('',#6172,#2823,#2824);
#2445=AXIS2_PLACEMENT_3D('',#6173,#2825,#2826);
#2446=AXIS2_PLACEMENT_3D('',#6174,#2827,#2828);
#2447=AXIS2_PLACEMENT_3D('',#6183,#2833,#2834);
#2448=AXIS2_PLACEMENT_3D('',#6192,#2839,#2840);
#2449=AXIS2_PLACEMENT_3D('',#6201,#2845,#2846);
#2450=AXIS2_PLACEMENT_3D('',#6210,#2851,#2852);
#2451=AXIS2_PLACEMENT_3D('',#6211,#2853,#2854);
#2452=AXIS2_PLACEMENT_3D('',#6213,#2855,#2856);
#2453=AXIS2_PLACEMENT_3D('',#6215,#2857,#2858);
#2454=AXIS2_PLACEMENT_3D('',#6217,#2859,#2860);
#2455=AXIS2_PLACEMENT_3D('',#6222,#2862,#2863);
#2456=AXIS2_PLACEMENT_3D('',#6226,#2865,#2866);
#2457=AXIS2_PLACEMENT_3D('',#6230,#2868,#2869);
#2458=AXIS2_PLACEMENT_3D('',#6234,#2871,#2872);
#2459=AXIS2_PLACEMENT_3D('',#6235,#2873,#2874);
#2460=AXIS2_PLACEMENT_3D('',#6236,#2875,#2876);
#2461=AXIS2_PLACEMENT_3D('',#6238,#2877,#2878);
#2462=AXIS2_PLACEMENT_3D('',#6240,#2879,#2880);
#2463=AXIS2_PLACEMENT_3D('',#6242,#2881,#2882);
#2464=AXIS2_PLACEMENT_3D('',#6244,#2883,#2884);
#2465=AXIS2_PLACEMENT_3D('',#6245,#2885,#2886);
#2466=AXIS2_PLACEMENT_3D('',#6246,#2887,#2888);
#2467=AXIS2_PLACEMENT_3D('',#6247,#2889,#2890);
#2468=AXIS2_PLACEMENT_3D('',#6248,#2891,#2892);
#2469=AXIS2_PLACEMENT_3D('',#6249,#2893,#2894);
#2470=AXIS2_PLACEMENT_3D('',#6250,#2895,#2896);
#2471=AXIS2_PLACEMENT_3D('',#6251,#2897,#2898);
#2472=AXIS2_PLACEMENT_3D('',#6252,#2899,#2900);
#2473=AXIS2_PLACEMENT_3D('',#6253,#2901,#2902);
#2474=AXIS2_PLACEMENT_3D('',#6254,#2903,#2904);
#2475=AXIS2_PLACEMENT_3D('',#6255,#2905,#2906);
#2476=AXIS2_PLACEMENT_3D('',#6256,#2907,#2908);
#2477=AXIS2_PLACEMENT_3D('',#6257,#2909,#2910);
#2478=AXIS2_PLACEMENT_3D('',#6258,#2911,#2912);
#2479=AXIS2_PLACEMENT_3D('',#6259,#2913,#2914);
#2480=AXIS2_PLACEMENT_3D('',#6260,#2915,#2916);
#2481=AXIS2_PLACEMENT_3D('',#6261,#2917,#2918);
#2482=AXIS2_PLACEMENT_3D('',#6262,#2919,#2920);
#2483=AXIS2_PLACEMENT_3D('',#6263,#2921,#2922);
#2484=AXIS2_PLACEMENT_3D('',#6264,#2923,#2924);
#2485=AXIS2_PLACEMENT_3D('',#6265,#2925,#2926);
#2486=AXIS2_PLACEMENT_3D('',#6266,#2927,#2928);
#2487=AXIS2_PLACEMENT_3D('',#6267,#2929,#2930);
#2488=AXIS2_PLACEMENT_3D('',#6268,#2931,#2932);
#2489=AXIS2_PLACEMENT_3D('',#6269,#2933,#2934);
#2490=AXIS2_PLACEMENT_3D('',#6270,#2935,#2936);
#2491=AXIS2_PLACEMENT_3D('',#6271,#2937,#2938);
#2492=AXIS2_PLACEMENT_3D('',#6272,#2939,#2940);
#2493=AXIS2_PLACEMENT_3D('',#6273,#2941,#2942);
#2494=AXIS2_PLACEMENT_3D('',#6274,#2943,#2944);
#2495=AXIS2_PLACEMENT_3D('',#6275,#2945,#2946);
#2496=AXIS2_PLACEMENT_3D('',#6276,#2947,#2948);
#2497=AXIS2_PLACEMENT_3D('',#6277,#2949,#2950);
#2498=AXIS2_PLACEMENT_3D('',#6278,#2951,#2952);
#2499=AXIS2_PLACEMENT_3D('',#6282,#2954,#2955);
#2500=AXIS2_PLACEMENT_3D('',#6286,#2957,#2958);
#2501=AXIS2_PLACEMENT_3D('',#6287,#2959,#2960);
#2502=AXIS2_PLACEMENT_3D('',#6293,#2964,#2965);
#2503=AXIS2_PLACEMENT_3D('',#6297,#2967,#2968);
#2504=AXIS2_PLACEMENT_3D('',#6298,#2969,#2970);
#2505=AXIS2_PLACEMENT_3D('',#6299,#2971,#2972);
#2506=AXIS2_PLACEMENT_3D('',#6300,#2973,#2974);
#2507=AXIS2_PLACEMENT_3D('',#6304,#2976,#2977);
#2508=AXIS2_PLACEMENT_3D('',#6305,#2978,#2979);
#2509=AXIS2_PLACEMENT_3D('',#6311,#2983,#2984);
#2510=AXIS2_PLACEMENT_3D('',#6315,#2986,#2987);
#2511=AXIS2_PLACEMENT_3D('',#6316,#2988,#2989);
#2512=AXIS2_PLACEMENT_3D('',#6317,#2990,#2991);
#2513=AXIS2_PLACEMENT_3D('',#6321,#2993,#2994);
#2514=AXIS2_PLACEMENT_3D('',#6322,#2995,#2996);
#2515=AXIS2_PLACEMENT_3D('',#6323,#2997,#2998);
#2516=AXIS2_PLACEMENT_3D('',#6327,#3000,#3001);
#2517=AXIS2_PLACEMENT_3D('',#6331,#3003,#3004);
#2518=AXIS2_PLACEMENT_3D('',#6332,#3005,#3006);
#2519=AXIS2_PLACEMENT_3D('',#6335,#3009,#3010);
#2520=AXIS2_PLACEMENT_3D('',#6338,#3013,#3014);
#2521=AXIS2_PLACEMENT_3D('',#6339,#3015,#3016);
#2522=AXIS2_PLACEMENT_3D('',#6341,#3017,#3018);
#2523=AXIS2_PLACEMENT_3D('',#6343,#3019,#3020);
#2524=AXIS2_PLACEMENT_3D('',#6345,#3021,#3022);
#2525=AXIS2_PLACEMENT_3D('',#6347,#3023,#3024);
#2526=AXIS2_PLACEMENT_3D('',#6349,#3025,#3026);
#2527=AXIS2_PLACEMENT_3D('',#6351,#3027,#3028);
#2528=AXIS2_PLACEMENT_3D('',#6352,#3029,#3030);
#2529=AXIS2_PLACEMENT_3D('',#6354,#3031,#3032);
#2530=AXIS2_PLACEMENT_3D('',#6355,#3033,#3034);
#2531=AXIS2_PLACEMENT_3D('',#6356,#3035,#3036);
#2532=AXIS2_PLACEMENT_3D('',#6358,#3037,#3038);
#2533=AXIS2_PLACEMENT_3D('',#6359,#3039,#3040);
#2534=AXIS2_PLACEMENT_3D('',#6360,#3041,#3042);
#2535=AXIS2_PLACEMENT_3D('',#6362,#3043,#3044);
#2536=AXIS2_PLACEMENT_3D('',#6363,#3045,#3046);
#2537=AXIS2_PLACEMENT_3D('',#6364,#3047,#3048);
#2538=AXIS2_PLACEMENT_3D('',#6366,#3049,#3050);
#2539=AXIS2_PLACEMENT_3D('',#6367,#3051,#3052);
#2540=AXIS2_PLACEMENT_3D('',#6368,#3053,#3054);
#2541=AXIS2_PLACEMENT_3D('',#6370,#3055,#3056);
#2542=AXIS2_PLACEMENT_3D('',#6371,#3057,#3058);
#2543=AXIS2_PLACEMENT_3D('',#6372,#3059,#3060);
#2544=AXIS2_PLACEMENT_3D('',#6374,#3061,#3062);
#2545=AXIS2_PLACEMENT_3D('',#6375,#3063,#3064);
#2546=AXIS2_PLACEMENT_3D('',#6384,#3069,#3070);
#2547=AXIS2_PLACEMENT_3D('',#6393,#3075,#3076);
#2548=AXIS2_PLACEMENT_3D('',#6396,#3079,#3080);
#2549=AXIS2_PLACEMENT_3D('',#6398,#3082,#3083);
#2550=AXIS2_PLACEMENT_3D('',#6400,#3085,#3086);
#2551=AXIS2_PLACEMENT_3D('',#6401,#3087,#3088);
#2552=AXIS2_PLACEMENT_3D('',#6402,#3089,#3090);
#2553=AXIS2_PLACEMENT_3D('',#6403,#3091,#3092);
#2554=AXIS2_PLACEMENT_3D('',#6404,#3093,#3094);
#2555=AXIS2_PLACEMENT_3D('',#6405,#3095,#3096);
#2556=AXIS2_PLACEMENT_3D('',#6406,#3097,#3098);
#2557=AXIS2_PLACEMENT_3D('',#6408,#3099,#3100);
#2558=AXIS2_PLACEMENT_3D('',#6410,#3101,#3102);
#2559=AXIS2_PLACEMENT_3D('',#6412,#3103,#3104);
#2560=AXIS2_PLACEMENT_3D('',#6417,#3106,#3107);
#2561=AXIS2_PLACEMENT_3D('',#6421,#3109,#3110);
#2562=AXIS2_PLACEMENT_3D('',#6425,#3112,#3113);
#2563=AXIS2_PLACEMENT_3D('',#6429,#3115,#3116);
#2564=AXIS2_PLACEMENT_3D('',#6433,#3118,#3119);
#2565=AXIS2_PLACEMENT_3D('',#6437,#3121,#3122);
#2566=AXIS2_PLACEMENT_3D('',#6441,#3124,#3125);
#2567=AXIS2_PLACEMENT_3D('',#6445,#3127,#3128);
#2568=AXIS2_PLACEMENT_3D('',#6446,#3129,#3130);
#2569=AXIS2_PLACEMENT_3D('',#6452,#3134,#3135);
#2570=AXIS2_PLACEMENT_3D('',#6458,#3139,#3140);
#2571=AXIS2_PLACEMENT_3D('',#6464,#3144,#3145);
#2572=AXIS2_PLACEMENT_3D('',#6470,#3149,#3150);
#2573=AXIS2_PLACEMENT_3D('',#6471,#3151,#3152);
#2574=AXIS2_PLACEMENT_3D('',#6472,#3153,#3154);
#2575=AXIS2_PLACEMENT_3D('',#6473,#3155,#3156);
#2576=AXIS2_PLACEMENT_3D('',#6474,#3157,#3158);
#2577=AXIS2_PLACEMENT_3D('',#6475,#3159,#3160);
#2578=AXIS2_PLACEMENT_3D('',#6481,#3164,#3165);
#2579=AXIS2_PLACEMENT_3D('',#6487,#3169,#3170);
#2580=AXIS2_PLACEMENT_3D('',#6493,#3174,#3175);
#2581=AXIS2_PLACEMENT_3D('',#6499,#3179,#3180);
#2582=AXIS2_PLACEMENT_3D('',#6532,#3197,#3198);
#2583=AXIS2_PLACEMENT_3D('',#6533,#3199,#3200);
#2584=AXIS2_PLACEMENT_3D('',#6534,#3201,#3202);
#2585=AXIS2_PLACEMENT_3D('',#6535,#3203,#3204);
#2586=AXIS2_PLACEMENT_3D('',#6536,#3205,#3206);
#2587=AXIS2_PLACEMENT_3D('',#6537,#3207,#3208);
#2588=AXIS2_PLACEMENT_3D('',#6538,#3209,#3210);
#2589=AXIS2_PLACEMENT_3D('',#6539,#3211,#3212);
#2590=AXIS2_PLACEMENT_3D('',#6540,#3213,#3214);
#2591=AXIS2_PLACEMENT_3D('',#6541,#3215,#3216);
#2592=AXIS2_PLACEMENT_3D('',#6542,#3217,#3218);
#2593=AXIS2_PLACEMENT_3D('',#6543,#3219,#3220);
#2594=AXIS2_PLACEMENT_3D('',#6544,#3221,#3222);
#2595=AXIS2_PLACEMENT_3D('',#6545,#3223,#3224);
#2596=AXIS2_PLACEMENT_3D('',#6547,#3225,#3226);
#2597=AXIS2_PLACEMENT_3D('',#6548,#3227,#3228);
#2598=AXIS2_PLACEMENT_3D('',#6549,#3229,#3230);
#2599=AXIS2_PLACEMENT_3D('',#6551,#3231,#3232);
#2600=AXIS2_PLACEMENT_3D('',#6552,#3233,#3234);
#2601=AXIS2_PLACEMENT_3D('',#6553,#3235,#3236);
#2602=AXIS2_PLACEMENT_3D('',#6555,#3237,#3238);
#2603=AXIS2_PLACEMENT_3D('',#6556,#3239,#3240);
#2604=AXIS2_PLACEMENT_3D('',#6557,#3241,#3242);
#2605=AXIS2_PLACEMENT_3D('',#6559,#3243,#3244);
#2606=AXIS2_PLACEMENT_3D('',#6560,#3245,#3246);
#2607=AXIS2_PLACEMENT_3D('',#6566,#3250,#3251);
#2608=AXIS2_PLACEMENT_3D('',#6570,#3254,#3255);
#2609=AXIS2_PLACEMENT_3D('',#6574,#3258,#3259);
#2610=AXIS2_PLACEMENT_3D('',#6576,#3261,#3262);
#2611=AXIS2_PLACEMENT_3D('',#6577,#3263,#3264);
#2612=AXIS2_PLACEMENT_3D('',#6583,#3268,#3269);
#2613=AXIS2_PLACEMENT_3D('',#6587,#3272,#3273);
#2614=AXIS2_PLACEMENT_3D('',#6591,#3276,#3277);
#2615=AXIS2_PLACEMENT_3D('',#6593,#3279,#3280);
#2616=AXIS2_PLACEMENT_3D('',#6594,#3281,#3282);
#2617=AXIS2_PLACEMENT_3D('',#6600,#3286,#3287);
#2618=AXIS2_PLACEMENT_3D('',#6604,#3290,#3291);
#2619=AXIS2_PLACEMENT_3D('',#6608,#3294,#3295);
#2620=AXIS2_PLACEMENT_3D('',#6610,#3297,#3298);
#2621=AXIS2_PLACEMENT_3D('',#6611,#3299,#3300);
#2622=AXIS2_PLACEMENT_3D('',#6617,#3304,#3305);
#2623=AXIS2_PLACEMENT_3D('',#6621,#3308,#3309);
#2624=AXIS2_PLACEMENT_3D('',#6625,#3312,#3313);
#2625=AXIS2_PLACEMENT_3D('',#6627,#3315,#3316);
#2626=AXIS2_PLACEMENT_3D('',#6628,#3317,#3318);
#2627=DIRECTION('',(0.,0.,1.));
#2628=DIRECTION('',(1.,0.,0.));
#2629=DIRECTION('',(0.,-1.,0.));
#2630=DIRECTION('',(-1.,0.,0.));
#2631=DIRECTION('',(0.,1.,0.));
#2632=DIRECTION('',(1.,0.,0.));
#2633=DIRECTION('',(0.,1.,0.));
#2634=DIRECTION('',(1.,0.,0.));
#2635=DIRECTION('',(0.,1.,0.));
#2636=DIRECTION('',(1.,0.,0.));
#2637=DIRECTION('',(0.,1.,0.));
#2638=DIRECTION('',(1.,0.,0.));
#2639=DIRECTION('',(0.,1.,0.));
#2640=DIRECTION('',(1.,0.,0.));
#2641=DIRECTION('',(0.,-1.,0.));
#2642=DIRECTION('',(-1.,0.,0.));
#2643=DIRECTION('',(0.,-1.,0.));
#2644=DIRECTION('',(-1.,0.,0.));
#2645=DIRECTION('',(0.,1.,0.));
#2646=DIRECTION('',(1.,0.,0.));
#2647=DIRECTION('',(0.,1.,0.));
#2648=DIRECTION('',(1.,0.,0.));
#2649=DIRECTION('',(0.,-1.,0.));
#2650=DIRECTION('',(1.,0.,0.));
#2651=DIRECTION('',(0.,-1.,0.));
#2652=DIRECTION('',(-1.,0.,0.));
#2653=DIRECTION('',(0.,-1.,0.));
#2654=DIRECTION('',(-1.,0.,0.));
#2655=DIRECTION('',(1.,0.,0.));
#2656=DIRECTION('',(0.,0.,-1.));
#2657=DIRECTION('',(0.,0.,-1.));
#2658=DIRECTION('',(-1.,0.,0.));
#2659=DIRECTION('',(0.,0.,-1.));
#2660=DIRECTION('',(0.,1.,0.));
#2661=DIRECTION('',(-0.316227766016838,-0.948683298050514,0.));
#2662=DIRECTION('',(-0.948683298050514,-0.316227766016838,0.));
#2663=DIRECTION('',(0.948683298050514,-0.316227766016838,0.));
#2664=DIRECTION('',(0.316227766016838,-0.948683298050514,0.));
#2665=DIRECTION('',(0.316227766016838,0.948683298050514,0.));
#2666=DIRECTION('',(0.948683298050514,0.316227766016838,0.));
#2667=DIRECTION('',(-0.948683298050514,0.316227766016838,0.));
#2668=DIRECTION('',(-0.316227766016838,0.948683298050514,0.));
#2669=DIRECTION('',(0.,0.,-1.));
#2670=DIRECTION('',(0.,1.,0.));
#2671=DIRECTION('',(0.,0.,1.));
#2672=DIRECTION('',(0.,-1.,0.));
#2673=DIRECTION('',(0.,0.,1.));
#2674=DIRECTION('',(0.,-1.,0.));
#2675=DIRECTION('',(0.,0.,1.));
#2676=DIRECTION('',(1.,0.,0.));
#2677=DIRECTION('',(0.,0.,-1.));
#2678=DIRECTION('',(-1.,0.,0.));
#2679=DIRECTION('',(0.,0.,-1.));
#2680=DIRECTION('',(0.,1.,0.));
#2681=DIRECTION('',(0.,0.,1.));
#2682=DIRECTION('',(0.,-1.,0.));
#2683=DIRECTION('',(0.316227766016838,-0.948683298050514,0.));
#2684=DIRECTION('',(-0.948683298050514,-0.316227766016838,0.));
#2685=DIRECTION('',(0.,0.,-1.));
#2686=DIRECTION('',(-0.948683298050514,-0.316227766016838,0.));
#2687=DIRECTION('',(0.,0.,-1.));
#2688=DIRECTION('',(0.948683298050514,-0.316227766016838,0.));
#2689=DIRECTION('',(-0.316227766016838,-0.948683298050514,0.));
#2690=DIRECTION('',(0.,0.,-1.));
#2691=DIRECTION('',(-0.316227766016838,-0.948683298050514,0.));
#2692=DIRECTION('',(-0.948683298050514,-0.316227766016838,0.));
#2693=DIRECTION('',(-0.316227766016838,0.948683298050514,0.));
#2694=DIRECTION('',(0.,0.,-1.));
#2695=DIRECTION('',(-0.316227766016838,0.948683298050514,0.));
#2696=DIRECTION('',(-0.316227766016838,-0.948683298050514,0.));
#2697=DIRECTION('',(-0.948683298050514,0.316227766016838,0.));
#2698=DIRECTION('',(0.,0.,-1.));
#2699=DIRECTION('',(-0.948683298050514,0.316227766016838,0.));
#2700=DIRECTION('',(-0.316227766016838,0.948683298050514,0.));
#2701=DIRECTION('',(0.948683298050514,0.316227766016838,0.));
#2702=DIRECTION('',(0.,0.,-1.));
#2703=DIRECTION('',(0.948683298050514,0.316227766016838,0.));
#2704=DIRECTION('',(-0.948683298050514,0.316227766016838,0.));
#2705=DIRECTION('',(0.316227766016838,0.948683298050514,0.));
#2706=DIRECTION('',(0.,0.,-1.));
#2707=DIRECTION('',(0.316227766016838,0.948683298050514,0.));
#2708=DIRECTION('',(0.948683298050514,0.316227766016838,0.));
#2709=DIRECTION('',(0.316227766016838,-0.948683298050514,0.));
#2710=DIRECTION('',(0.,0.,-1.));
#2711=DIRECTION('',(0.316227766016838,-0.948683298050514,0.));
#2712=DIRECTION('',(0.316227766016838,0.948683298050514,0.));
#2713=DIRECTION('',(0.948683298050514,-0.316227766016838,0.));
#2714=DIRECTION('',(0.948683298050514,-0.316227766016838,0.));
#2715=DIRECTION('',(0.,0.,-1.));
#2716=DIRECTION('',(-1.,0.,0.));
#2717=DIRECTION('',(0.,-1.,0.));
#2718=DIRECTION('',(-1.,0.,0.));
#2719=DIRECTION('',(0.,-1.,0.));
#2720=DIRECTION('',(-1.,0.,0.));
#2721=DIRECTION('',(-1.,0.,0.));
#2722=DIRECTION('',(0.,1.,0.));
#2723=DIRECTION('',(0.,-1.,0.));
#2724=DIRECTION('',(0.,0.,-1.));
#2725=DIRECTION('',(0.,-1.,0.));
#2726=DIRECTION('',(0.,0.,-1.));
#2727=DIRECTION('',(0.,0.,-1.));
#2728=DIRECTION('',(0.,1.,0.));
#2729=DIRECTION('',(1.,0.,0.));
#2730=DIRECTION('',(0.,-1.,0.));
#2731=DIRECTION('',(1.,0.,0.));
#2732=DIRECTION('',(-1.,0.,0.));
#2733=DIRECTION('',(0.,1.,0.));
#2734=DIRECTION('',(0.,0.,-1.));
#2735=DIRECTION('',(0.,-1.,0.));
#2736=DIRECTION('',(0.,0.,-1.));
#2737=DIRECTION('',(0.,0.,-1.));
#2738=DIRECTION('',(0.,1.,0.));
#2739=DIRECTION('',(1.,0.,0.));
#2740=DIRECTION('',(1.,0.,0.));
#2741=DIRECTION('',(0.,1.,0.));
#2742=DIRECTION('',(1.,0.,0.));
#2743=DIRECTION('',(0.,1.,0.));
#2744=DIRECTION('',(1.,0.,0.));
#2745=DIRECTION('',(0.,-1.,0.));
#2746=DIRECTION('',(-1.,0.,0.));
#2747=DIRECTION('',(0.,1.,0.));
#2748=DIRECTION('',(0.,-1.,0.));
#2749=DIRECTION('',(-1.,0.,0.));
#2750=DIRECTION('',(0.,1.,0.));
#2751=DIRECTION('',(0.,0.,1.));
#2752=DIRECTION('',(0.,-1.,0.));
#2753=DIRECTION('',(1.,0.,0.));
#2754=DIRECTION('',(0.,1.,0.));
#2755=DIRECTION('',(1.,0.,0.));
#2756=DIRECTION('',(0.,1.,0.));
#2757=DIRECTION('',(1.,0.,0.));
#2758=DIRECTION('',(0.,-1.,0.));
#2759=DIRECTION('',(-1.,0.,0.));
#2760=DIRECTION('',(0.,1.,0.));
#2761=DIRECTION('',(0.,-1.,0.));
#2762=DIRECTION('',(-1.,0.,0.));
#2763=DIRECTION('',(0.,0.,1.));
#2764=DIRECTION('',(0.,-1.,0.));
#2765=DIRECTION('',(1.,0.,0.));
#2766=DIRECTION('',(0.,1.,0.));
#2767=DIRECTION('',(1.,0.,0.));
#2768=DIRECTION('',(0.,1.,0.));
#2769=DIRECTION('',(1.,0.,0.));
#2770=DIRECTION('',(0.,-1.,0.));
#2771=DIRECTION('',(-1.,0.,0.));
#2772=DIRECTION('',(0.,1.,0.));
#2773=DIRECTION('',(0.,-1.,0.));
#2774=DIRECTION('',(-1.,0.,0.));
#2775=DIRECTION('',(0.,1.,0.));
#2776=DIRECTION('',(1.,0.,0.));
#2777=DIRECTION('',(0.,-1.,0.));
#2778=DIRECTION('',(-1.,0.,0.));
#2779=DIRECTION('',(0.,1.,0.));
#2780=DIRECTION('',(0.,-1.,0.));
#2781=DIRECTION('',(-1.,0.,0.));
#2782=DIRECTION('',(-6.60847038467355E-16,0.,1.));
#2783=DIRECTION('',(1.,0.,6.60847038467355E-16));
#2784=DIRECTION('',(1.,0.,6.60847038467355E-16));
#2785=DIRECTION('',(0.,1.,0.));
#2786=DIRECTION('',(1.,0.,6.60847038467355E-16));
#2787=DIRECTION('',(0.,1.,0.));
#2788=DIRECTION('',(1.,0.,0.));
#2789=DIRECTION('',(0.,-1.,0.));
#2790=DIRECTION('',(-1.,0.,0.));
#2791=DIRECTION('',(0.,1.,0.));
#2792=DIRECTION('',(0.,-1.,0.));
#2793=DIRECTION('',(-1.,0.,0.));
#2794=DIRECTION('',(-6.60847038467355E-16,0.,1.));
#2795=DIRECTION('',(1.,0.,6.60847038467355E-16));
#2796=DIRECTION('',(1.,0.,6.60847038467355E-16));
#2797=DIRECTION('',(0.,1.,0.));
#2798=DIRECTION('',(1.,0.,6.60847038467355E-16));
#2799=DIRECTION('',(0.,1.,0.));
#2800=DIRECTION('',(1.,0.,0.));
#2801=DIRECTION('',(0.,-1.,0.));
#2802=DIRECTION('',(-1.,0.,0.));
#2803=DIRECTION('',(0.,-1.,0.));
#2804=DIRECTION('',(-1.,0.,0.));
#2805=DIRECTION('',(0.,-1.,0.));
#2806=DIRECTION('',(1.,0.,0.));
#2807=DIRECTION('',(0.,1.,0.));
#2808=DIRECTION('',(1.,0.,0.));
#2809=DIRECTION('',(0.,0.,1.));
#2810=DIRECTION('',(1.,0.,0.));
#2811=DIRECTION('',(1.,0.,0.));
#2812=DIRECTION('',(0.,0.,-1.));
#2813=DIRECTION('',(0.,0.,1.));
#2814=DIRECTION('',(1.,0.,0.));
#2815=DIRECTION('',(1.,0.,0.));
#2816=DIRECTION('',(0.,0.,-1.));
#2817=DIRECTION('',(0.,0.,1.));
#2818=DIRECTION('',(1.,0.,0.));
#2819=DIRECTION('',(1.,0.,0.));
#2820=DIRECTION('',(0.,0.,-1.));
#2821=DIRECTION('',(1.,0.,0.));
#2822=DIRECTION('',(0.,0.,-1.));
#2823=DIRECTION('',(1.,0.,0.));
#2824=DIRECTION('',(0.,0.,-1.));
#2825=DIRECTION('',(0.,-1.,0.));
#2826=DIRECTION('',(1.,0.,0.));
#2827=DIRECTION('',(-1.,0.,0.));
#2828=DIRECTION('',(0.,1.,0.));
#2829=DIRECTION('',(0.,-1.,0.));
#2830=DIRECTION('',(0.,0.,-1.));
#2831=DIRECTION('',(0.,-1.,0.));
#2832=DIRECTION('',(0.,0.,-1.));
#2833=DIRECTION('',(0.,0.,-1.));
#2834=DIRECTION('',(0.,1.,0.));
#2835=DIRECTION('',(0.,-1.,0.));
#2836=DIRECTION('',(1.,0.,0.));
#2837=DIRECTION('',(0.,-1.,0.));
#2838=DIRECTION('',(1.,0.,0.));
#2839=DIRECTION('',(-1.,0.,0.));
#2840=DIRECTION('',(0.,1.,0.));
#2841=DIRECTION('',(0.,-1.,0.));
#2842=DIRECTION('',(0.,0.,-1.));
#2843=DIRECTION('',(0.,-1.,0.));
#2844=DIRECTION('',(0.,0.,-1.));
#2845=DIRECTION('',(0.,0.,-1.));
#2846=DIRECTION('',(0.,1.,0.));
#2847=DIRECTION('',(0.,-1.,0.));
#2848=DIRECTION('',(1.,0.,0.));
#2849=DIRECTION('',(0.,-1.,0.));
#2850=DIRECTION('',(1.,0.,0.));
#2851=DIRECTION('',(0.,1.,0.));
#2852=DIRECTION('',(1.,0.,0.));
#2853=DIRECTION('',(0.,1.,0.));
#2854=DIRECTION('',(1.,0.,0.));
#2855=DIRECTION('',(0.,1.,0.));
#2856=DIRECTION('',(1.,0.,0.));
#2857=DIRECTION('',(0.,1.,0.));
#2858=DIRECTION('',(1.,0.,0.));
#2859=DIRECTION('',(0.,1.,0.));
#2860=DIRECTION('',(1.,0.,0.));
#2861=DIRECTION('',(1.,0.,0.));
#2862=DIRECTION('',(0.,1.,0.));
#2863=DIRECTION('',(1.,0.,0.));
#2864=DIRECTION('',(0.,0.,-1.));
#2865=DIRECTION('',(0.,1.,0.));
#2866=DIRECTION('',(1.,0.,0.));
#2867=DIRECTION('',(1.,0.,0.));
#2868=DIRECTION('',(0.,1.,0.));
#2869=DIRECTION('',(1.,0.,0.));
#2870=DIRECTION('',(0.,0.,-1.));
#2871=DIRECTION('',(0.,1.,0.));
#2872=DIRECTION('',(1.,0.,0.));
#2873=DIRECTION('',(0.,1.,0.));
#2874=DIRECTION('',(1.,0.,0.));
#2875=DIRECTION('',(0.,-1.,0.));
#2876=DIRECTION('',(-1.,0.,0.));
#2877=DIRECTION('',(0.,-1.,0.));
#2878=DIRECTION('',(-1.,0.,0.));
#2879=DIRECTION('',(0.,-1.,0.));
#2880=DIRECTION('',(-1.,0.,0.));
#2881=DIRECTION('',(0.,-1.,0.));
#2882=DIRECTION('',(-1.,0.,0.));
#2883=DIRECTION('',(0.,1.,0.));
#2884=DIRECTION('',(1.,0.,0.));
#2885=DIRECTION('',(0.,1.,0.));
#2886=DIRECTION('',(1.,0.,0.));
#2887=DIRECTION('',(0.,1.,0.));
#2888=DIRECTION('',(1.,0.,0.));
#2889=DIRECTION('',(0.,1.,0.));
#2890=DIRECTION('',(1.,0.,0.));
#2891=DIRECTION('',(0.,-1.,0.));
#2892=DIRECTION('',(-1.,0.,0.));
#2893=DIRECTION('',(0.,1.,0.));
#2894=DIRECTION('',(1.,0.,0.));
#2895=DIRECTION('',(0.,1.,0.));
#2896=DIRECTION('',(1.,0.,0.));
#2897=DIRECTION('',(0.,1.,0.));
#2898=DIRECTION('',(1.,0.,0.));
#2899=DIRECTION('',(0.,-1.,0.));
#2900=DIRECTION('',(-1.,0.,0.));
#2901=DIRECTION('',(0.,1.,0.));
#2902=DIRECTION('',(1.,0.,0.));
#2903=DIRECTION('',(0.,1.,0.));
#2904=DIRECTION('',(1.,0.,0.));
#2905=DIRECTION('',(0.,1.,0.));
#2906=DIRECTION('',(1.,0.,0.));
#2907=DIRECTION('',(0.,1.,0.));
#2908=DIRECTION('',(1.,0.,0.));
#2909=DIRECTION('',(1.,0.,8.67361737988403E-16));
#2910=DIRECTION('',(8.67361737988403E-16,0.,-1.));
#2911=DIRECTION('',(0.,0.,1.));
#2912=DIRECTION('',(0.,-1.,0.));
#2913=DIRECTION('',(0.,0.,-1.));
#2914=DIRECTION('',(0.,1.,0.));
#2915=DIRECTION('',(0.,0.,1.));
#2916=DIRECTION('',(0.,-1.,0.));
#2917=DIRECTION('',(1.,0.,0.));
#2918=DIRECTION('',(0.,-1.,0.));
#2919=DIRECTION('',(1.,0.,0.));
#2920=DIRECTION('',(0.,-1.,0.));
#2921=DIRECTION('',(0.,1.,0.));
#2922=DIRECTION('',(1.,0.,0.));
#2923=DIRECTION('',(1.,0.,0.));
#2924=DIRECTION('',(0.,-1.,0.));
#2925=DIRECTION('',(0.,1.,0.));
#2926=DIRECTION('',(1.,0.,0.));
#2927=DIRECTION('',(0.,0.,1.));
#2928=DIRECTION('',(0.,-1.,0.));
#2929=DIRECTION('',(-1.,0.,0.));
#2930=DIRECTION('',(0.,1.,0.));
#2931=DIRECTION('',(1.,0.,0.));
#2932=DIRECTION('',(0.,-1.,0.));
#2933=DIRECTION('',(0.,0.,1.));
#2934=DIRECTION('',(0.,-1.,0.));
#2935=DIRECTION('',(0.,0.,1.));
#2936=DIRECTION('',(0.,-1.,0.));
#2937=DIRECTION('',(0.,1.,0.));
#2938=DIRECTION('',(1.,0.,0.));
#2939=DIRECTION('',(0.,-1.,0.));
#2940=DIRECTION('',(-1.,0.,0.));
#2941=DIRECTION('',(0.,-1.,0.));
#2942=DIRECTION('',(-1.,0.,0.));
#2943=DIRECTION('',(0.,-1.,0.));
#2944=DIRECTION('',(-1.,0.,0.));
#2945=DIRECTION('',(0.,-1.,0.));
#2946=DIRECTION('',(-1.,0.,0.));
#2947=DIRECTION('',(0.,0.,1.));
#2948=DIRECTION('',(1.,0.,0.));
#2949=DIRECTION('',(0.,-1.,0.));
#2950=DIRECTION('',(-1.,0.,0.));
#2951=DIRECTION('',(0.,-1.,0.));
#2952=DIRECTION('',(-1.,0.,0.));
#2953=DIRECTION('',(0.,-1.,0.));
#2954=DIRECTION('',(0.,1.,0.));
#2955=DIRECTION('',(1.,0.,0.));
#2956=DIRECTION('',(0.,-1.,0.));
#2957=DIRECTION('',(0.,1.,0.));
#2958=DIRECTION('',(1.,0.,0.));
#2959=DIRECTION('',(0.,0.,-1.));
#2960=DIRECTION('',(0.,1.,0.));
#2961=DIRECTION('',(1.,0.,0.));
#2962=DIRECTION('',(1.,0.,0.));
#2963=DIRECTION('',(0.,-1.,0.));
#2964=DIRECTION('',(0.,-1.,0.));
#2965=DIRECTION('',(-1.,0.,0.));
#2966=DIRECTION('',(0.,-1.,0.));
#2967=DIRECTION('',(0.,1.,0.));
#2968=DIRECTION('',(1.,0.,0.));
#2969=DIRECTION('',(0.,1.,0.));
#2970=DIRECTION('',(1.,0.,0.));
#2971=DIRECTION('',(0.,-1.,0.));
#2972=DIRECTION('',(-1.,0.,0.));
#2973=DIRECTION('',(0.,1.,0.));
#2974=DIRECTION('',(1.,0.,0.));
#2975=DIRECTION('',(0.,-1.,0.));
#2976=DIRECTION('',(0.,1.,0.));
#2977=DIRECTION('',(1.,0.,0.));
#2978=DIRECTION('',(0.,0.,-1.));
#2979=DIRECTION('',(0.,1.,0.));
#2980=DIRECTION('',(1.,0.,0.));
#2981=DIRECTION('',(1.,0.,0.));
#2982=DIRECTION('',(0.,-1.,0.));
#2983=DIRECTION('',(0.,-1.,0.));
#2984=DIRECTION('',(-1.,0.,0.));
#2985=DIRECTION('',(0.,-1.,0.));
#2986=DIRECTION('',(0.,1.,0.));
#2987=DIRECTION('',(1.,0.,0.));
#2988=DIRECTION('',(0.,1.,0.));
#2989=DIRECTION('',(1.,0.,0.));
#2990=DIRECTION('',(0.,-1.,0.));
#2991=DIRECTION('',(-1.,0.,0.));
#2992=DIRECTION('',(0.,-1.,0.));
#2993=DIRECTION('',(0.,1.,0.));
#2994=DIRECTION('',(1.,0.,0.));
#2995=DIRECTION('',(0.,1.,0.));
#2996=DIRECTION('',(1.,0.,0.));
#2997=DIRECTION('',(0.,-1.,0.));
#2998=DIRECTION('',(-1.,0.,0.));
#2999=DIRECTION('',(0.,-1.,0.));
#3000=DIRECTION('',(0.,1.,0.));
#3001=DIRECTION('',(1.,0.,0.));
#3002=DIRECTION('',(0.,-1.,0.));
#3003=DIRECTION('',(0.,1.,0.));
#3004=DIRECTION('',(1.,0.,0.));
#3005=DIRECTION('',(-3.30423519233677E-16,0.,-1.));
#3006=DIRECTION('',(-1.,0.,3.30423519233677E-16));
#3007=DIRECTION('',(1.,0.,-3.30423519233677E-16));
#3008=DIRECTION('',(1.,0.,-3.30423519233678E-16));
#3009=DIRECTION('',(-3.30423519233678E-16,0.,-1.));
#3010=DIRECTION('',(-1.,0.,3.30423519233678E-16));
#3011=DIRECTION('',(1.,0.,-3.30423519233678E-16));
#3012=DIRECTION('',(1.,0.,-3.30423519233678E-16));
#3013=DIRECTION('',(0.,1.,0.));
#3014=DIRECTION('',(1.,0.,0.));
#3015=DIRECTION('',(0.,1.,0.));
#3016=DIRECTION('',(1.,0.,0.));
#3017=DIRECTION('',(0.,1.,0.));
#3018=DIRECTION('',(1.,0.,0.));
#3019=DIRECTION('',(0.,1.,0.));
#3020=DIRECTION('',(1.,0.,0.));
#3021=DIRECTION('',(0.,1.,0.));
#3022=DIRECTION('',(1.,0.,0.));
#3023=DIRECTION('',(0.,1.,0.));
#3024=DIRECTION('',(1.,0.,0.));
#3025=DIRECTION('',(0.,1.,0.));
#3026=DIRECTION('',(1.,0.,0.));
#3027=DIRECTION('',(0.,-1.,0.));
#3028=DIRECTION('',(-1.,0.,0.));
#3029=DIRECTION('',(0.,1.,0.));
#3030=DIRECTION('',(1.,0.,0.));
#3031=DIRECTION('',(0.,1.,0.));
#3032=DIRECTION('',(1.,0.,0.));
#3033=DIRECTION('',(0.,-1.,0.));
#3034=DIRECTION('',(-1.,0.,0.));
#3035=DIRECTION('',(0.,1.,0.));
#3036=DIRECTION('',(1.,0.,0.));
#3037=DIRECTION('',(0.,1.,0.));
#3038=DIRECTION('',(1.,0.,0.));
#3039=DIRECTION('',(0.,-1.,0.));
#3040=DIRECTION('',(-1.,0.,0.));
#3041=DIRECTION('',(0.,1.,0.));
#3042=DIRECTION('',(1.,0.,0.));
#3043=DIRECTION('',(0.,1.,0.));
#3044=DIRECTION('',(1.,0.,0.));
#3045=DIRECTION('',(0.,-1.,0.));
#3046=DIRECTION('',(-1.,0.,0.));
#3047=DIRECTION('',(0.,1.,0.));
#3048=DIRECTION('',(1.,0.,0.));
#3049=DIRECTION('',(0.,1.,0.));
#3050=DIRECTION('',(1.,0.,0.));
#3051=DIRECTION('',(0.,-1.,0.));
#3052=DIRECTION('',(-1.,0.,0.));
#3053=DIRECTION('',(0.,1.,0.));
#3054=DIRECTION('',(1.,0.,0.));
#3055=DIRECTION('',(0.,1.,0.));
#3056=DIRECTION('',(1.,0.,0.));
#3057=DIRECTION('',(0.,-1.,0.));
#3058=DIRECTION('',(-1.,0.,0.));
#3059=DIRECTION('',(0.,1.,0.));
#3060=DIRECTION('',(1.,0.,0.));
#3061=DIRECTION('',(0.,1.,0.));
#3062=DIRECTION('',(1.,0.,0.));
#3063=DIRECTION('',(0.,1.,0.));
#3064=DIRECTION('',(1.,0.,0.));
#3065=DIRECTION('',(0.,0.,-1.));
#3066=DIRECTION('',(1.,0.,0.));
#3067=DIRECTION('',(0.,0.,-1.));
#3068=DIRECTION('',(1.,0.,0.));
#3069=DIRECTION('',(0.,1.,0.));
#3070=DIRECTION('',(1.,0.,0.));
#3071=DIRECTION('',(0.,0.,-1.));
#3072=DIRECTION('',(1.,0.,0.));
#3073=DIRECTION('',(0.,0.,-1.));
#3074=DIRECTION('',(1.,0.,0.));
#3075=DIRECTION('',(0.,0.,-1.));
#3076=DIRECTION('',(0.,1.,0.));
#3077=DIRECTION('',(0.,-1.,0.));
#3078=DIRECTION('',(0.,-1.,0.));
#3079=DIRECTION('',(-1.,0.,0.));
#3080=DIRECTION('',(0.,1.,0.));
#3081=DIRECTION('',(0.,-1.,0.));
#3082=DIRECTION('',(0.,0.,-1.));
#3083=DIRECTION('',(0.,1.,0.));
#3084=DIRECTION('',(0.,-1.,0.));
#3085=DIRECTION('',(-1.,0.,0.));
#3086=DIRECTION('',(0.,1.,0.));
#3087=DIRECTION('',(0.,0.,1.));
#3088=DIRECTION('',(1.,0.,0.));
#3089=DIRECTION('',(0.,0.,1.));
#3090=DIRECTION('',(1.,0.,0.));
#3091=DIRECTION('',(0.,0.,1.));
#3092=DIRECTION('',(1.,0.,0.));
#3093=DIRECTION('',(0.,0.,1.));
#3094=DIRECTION('',(1.,0.,0.));
#3095=DIRECTION('',(0.,1.,0.));
#3096=DIRECTION('',(1.,0.,0.));
#3097=DIRECTION('',(0.,1.,0.));
#3098=DIRECTION('',(1.,0.,0.));
#3099=DIRECTION('',(0.,1.,0.));
#3100=DIRECTION('',(1.,0.,0.));
#3101=DIRECTION('',(0.,1.,0.));
#3102=DIRECTION('',(1.,0.,0.));
#3103=DIRECTION('',(0.,1.,0.));
#3104=DIRECTION('',(1.,0.,0.));
#3105=DIRECTION('',(1.,0.,-6.36065274524829E-17));
#3106=DIRECTION('',(0.,1.,0.));
#3107=DIRECTION('',(1.,0.,0.));
#3108=DIRECTION('',(0.,0.,-1.));
#3109=DIRECTION('',(0.,1.,0.));
#3110=DIRECTION('',(1.,0.,0.));
#3111=DIRECTION('',(1.,0.,0.));
#3112=DIRECTION('',(0.,1.,0.));
#3113=DIRECTION('',(1.,0.,0.));
#3114=DIRECTION('',(0.,0.,-1.));
#3115=DIRECTION('',(0.,1.,0.));
#3116=DIRECTION('',(1.,0.,0.));
#3117=DIRECTION('',(1.,0.,0.));
#3118=DIRECTION('',(0.,1.,0.));
#3119=DIRECTION('',(1.,0.,0.));
#3120=DIRECTION('',(0.,0.,-1.));
#3121=DIRECTION('',(0.,1.,0.));
#3122=DIRECTION('',(1.,0.,0.));
#3123=DIRECTION('',(1.,0.,0.));
#3124=DIRECTION('',(0.,1.,0.));
#3125=DIRECTION('',(1.,0.,0.));
#3126=DIRECTION('',(0.,0.,-1.));
#3127=DIRECTION('',(0.,1.,0.));
#3128=DIRECTION('',(1.,0.,0.));
#3129=DIRECTION('',(-1.,0.,0.));
#3130=DIRECTION('',(0.,1.,0.));
#3131=DIRECTION('',(0.,-1.,0.));
#3132=DIRECTION('',(0.,0.,-1.));
#3133=DIRECTION('',(0.,-1.,0.));
#3134=DIRECTION('',(0.,0.,-1.));
#3135=DIRECTION('',(0.,1.,0.));
#3136=DIRECTION('',(1.,0.,0.));
#3137=DIRECTION('',(0.,-1.,0.));
#3138=DIRECTION('',(0.,-1.,0.));
#3139=DIRECTION('',(-1.,0.,0.));
#3140=DIRECTION('',(0.,1.,0.));
#3141=DIRECTION('',(0.,0.,-1.));
#3142=DIRECTION('',(0.,-1.,0.));
#3143=DIRECTION('',(0.,-1.,0.));
#3144=DIRECTION('',(0.,0.,-1.));
#3145=DIRECTION('',(0.,1.,0.));
#3146=DIRECTION('',(1.,0.,0.));
#3147=DIRECTION('',(0.,-1.,0.));
#3148=DIRECTION('',(0.,-1.,0.));
#3149=DIRECTION('',(0.,1.,0.));
#3150=DIRECTION('',(1.,0.,0.));
#3151=DIRECTION('',(0.,1.,0.));
#3152=DIRECTION('',(1.,0.,0.));
#3153=DIRECTION('',(0.,1.,0.));
#3154=DIRECTION('',(1.,0.,0.));
#3155=DIRECTION('',(0.,1.,0.));
#3156=DIRECTION('',(1.,0.,0.));
#3157=DIRECTION('',(0.,1.,0.));
#3158=DIRECTION('',(1.,0.,0.));
#3159=DIRECTION('',(1.,0.,0.));
#3160=DIRECTION('',(0.,-1.,0.));
#3161=DIRECTION('',(0.,1.,0.));
#3162=DIRECTION('',(0.,0.,-1.));
#3163=DIRECTION('',(0.,1.,0.));
#3164=DIRECTION('',(6.36065274524829E-17,0.,1.));
#3165=DIRECTION('',(1.,0.,-6.36065274524829E-17));
#3166=DIRECTION('',(0.,1.,0.));
#3167=DIRECTION('',(1.,0.,-6.36065274524829E-17));
#3168=DIRECTION('',(0.,1.,0.));
#3169=DIRECTION('',(1.,0.,0.));
#3170=DIRECTION('',(0.,-1.,0.));
#3171=DIRECTION('',(0.,1.,0.));
#3172=DIRECTION('',(0.,0.,-1.));
#3173=DIRECTION('',(0.,1.,0.));
#3174=DIRECTION('',(0.,0.,1.));
#3175=DIRECTION('',(0.,-1.,0.));
#3176=DIRECTION('',(0.,1.,0.));
#3177=DIRECTION('',(0.,1.,0.));
#3178=DIRECTION('',(1.,0.,0.));
#3179=DIRECTION('',(0.,1.,0.));
#3180=DIRECTION('',(1.,0.,0.));
#3181=DIRECTION('',(1.,0.,-2.31296463463574E-16));
#3182=DIRECTION('',(0.,0.,1.));
#3183=DIRECTION('',(1.,0.,-2.31296463463574E-16));
#3184=DIRECTION('',(0.,0.,1.));
#3185=DIRECTION('',(1.,0.,-3.46944695195362E-16));
#3186=DIRECTION('',(0.,0.,1.));
#3187=DIRECTION('',(1.,0.,-2.89120579329468E-16));
#3188=DIRECTION('',(9.91270557701033E-17,0.,1.));
#3189=DIRECTION('',(1.,0.,-3.46944695195362E-16));
#3190=DIRECTION('',(0.,0.,1.));
#3191=DIRECTION('',(1.,0.,-2.89120579329468E-16));
#3192=DIRECTION('',(0.,0.,1.));
#3193=DIRECTION('',(1.,0.,-2.31296463463574E-16));
#3194=DIRECTION('',(0.,0.,1.));
#3195=DIRECTION('',(1.,0.,-2.31296463463574E-16));
#3196=DIRECTION('',(1.48690583655155E-16,0.,1.));
#3197=DIRECTION('',(0.,1.,0.));
#3198=DIRECTION('',(1.,0.,0.));
#3199=DIRECTION('',(0.,1.,0.));
#3200=DIRECTION('',(1.,0.,0.));
#3201=DIRECTION('',(0.,1.,0.));
#3202=DIRECTION('',(1.,0.,0.));
#3203=DIRECTION('',(0.,1.,0.));
#3204=DIRECTION('',(1.,0.,0.));
#3205=DIRECTION('',(0.,1.,0.));
#3206=DIRECTION('',(1.,0.,0.));
#3207=DIRECTION('',(0.,1.,0.));
#3208=DIRECTION('',(1.,0.,0.));
#3209=DIRECTION('',(0.,1.,0.));
#3210=DIRECTION('',(1.,0.,0.));
#3211=DIRECTION('',(0.,1.,0.));
#3212=DIRECTION('',(1.,0.,0.));
#3213=DIRECTION('',(0.,-1.,0.));
#3214=DIRECTION('',(-1.,0.,0.));
#3215=DIRECTION('',(0.,1.,0.));
#3216=DIRECTION('',(1.,0.,0.));
#3217=DIRECTION('',(0.,-1.,0.));
#3218=DIRECTION('',(-1.,0.,0.));
#3219=DIRECTION('',(0.,1.,0.));
#3220=DIRECTION('',(1.,0.,0.));
#3221=DIRECTION('',(0.,1.,0.));
#3222=DIRECTION('',(1.,0.,0.));
#3223=DIRECTION('',(0.,1.,0.));
#3224=DIRECTION('',(1.,0.,0.));
#3225=DIRECTION('',(0.,1.,0.));
#3226=DIRECTION('',(1.,0.,0.));
#3227=DIRECTION('',(0.,1.,0.));
#3228=DIRECTION('',(1.,0.,0.));
#3229=DIRECTION('',(0.,1.,0.));
#3230=DIRECTION('',(1.,0.,0.));
#3231=DIRECTION('',(0.,1.,0.));
#3232=DIRECTION('',(1.,0.,0.));
#3233=DIRECTION('',(0.,1.,0.));
#3234=DIRECTION('',(1.,0.,0.));
#3235=DIRECTION('',(0.,1.,0.));
#3236=DIRECTION('',(1.,0.,0.));
#3237=DIRECTION('',(0.,1.,0.));
#3238=DIRECTION('',(1.,0.,0.));
#3239=DIRECTION('',(0.,1.,0.));
#3240=DIRECTION('',(1.,0.,0.));
#3241=DIRECTION('',(0.,1.,0.));
#3242=DIRECTION('',(1.,0.,0.));
#3243=DIRECTION('',(0.,1.,0.));
#3244=DIRECTION('',(1.,0.,0.));
#3245=DIRECTION('',(-2.31296463463574E-16,0.,-1.));
#3246=DIRECTION('',(-1.,0.,2.31296463463574E-16));
#3247=DIRECTION('',(0.,-1.,0.));
#3248=DIRECTION('',(1.,0.,-2.31296463463574E-16));
#3249=DIRECTION('',(0.,-1.,0.));
#3250=DIRECTION('',(1.,0.,-1.48690583655155E-16));
#3251=DIRECTION('',(-1.48690583655155E-16,0.,-1.));
#3252=DIRECTION('',(0.,-1.,0.));
#3253=DIRECTION('',(1.48690583655155E-16,0.,1.));
#3254=DIRECTION('',(-2.31296463463574E-16,0.,-1.));
#3255=DIRECTION('',(-1.,0.,2.31296463463574E-16));
#3256=DIRECTION('',(0.,-1.,0.));
#3257=DIRECTION('',(1.,0.,-2.31296463463574E-16));
#3258=DIRECTION('',(1.,0.,0.));
#3259=DIRECTION('',(0.,-1.,0.));
#3260=DIRECTION('',(0.,0.,1.));
#3261=DIRECTION('',(0.,1.,0.));
#3262=DIRECTION('',(1.,0.,0.));
#3263=DIRECTION('',(-3.46944695195362E-16,0.,-1.));
#3264=DIRECTION('',(-1.,0.,3.46944695195362E-16));
#3265=DIRECTION('',(0.,-1.,0.));
#3266=DIRECTION('',(1.,0.,-3.46944695195362E-16));
#3267=DIRECTION('',(0.,-1.,0.));
#3268=DIRECTION('',(1.,0.,0.));
#3269=DIRECTION('',(0.,-1.,0.));
#3270=DIRECTION('',(0.,-1.,0.));
#3271=DIRECTION('',(0.,0.,1.));
#3272=DIRECTION('',(-2.89120579329468E-16,0.,-1.));
#3273=DIRECTION('',(-1.,0.,2.89120579329468E-16));
#3274=DIRECTION('',(0.,-1.,0.));
#3275=DIRECTION('',(1.,0.,-2.89120579329468E-16));
#3276=DIRECTION('',(1.,0.,0.));
#3277=DIRECTION('',(0.,-1.,0.));
#3278=DIRECTION('',(0.,0.,1.));
#3279=DIRECTION('',(0.,1.,0.));
#3280=DIRECTION('',(1.,0.,0.));
#3281=DIRECTION('',(-3.46944695195362E-16,0.,-1.));
#3282=DIRECTION('',(-1.,0.,3.46944695195362E-16));
#3283=DIRECTION('',(0.,-1.,0.));
#3284=DIRECTION('',(1.,0.,-3.46944695195362E-16));
#3285=DIRECTION('',(0.,-1.,0.));
#3286=DIRECTION('',(1.,0.,-9.91270557701033E-17));
#3287=DIRECTION('',(-9.91270557701033E-17,0.,-1.));
#3288=DIRECTION('',(0.,-1.,0.));
#3289=DIRECTION('',(9.91270557701033E-17,0.,1.));
#3290=DIRECTION('',(-2.89120579329468E-16,0.,-1.));
#3291=DIRECTION('',(-1.,0.,2.89120579329468E-16));
#3292=DIRECTION('',(0.,-1.,0.));
#3293=DIRECTION('',(1.,0.,-2.89120579329468E-16));
#3294=DIRECTION('',(1.,0.,0.));
#3295=DIRECTION('',(0.,-1.,0.));
#3296=DIRECTION('',(0.,0.,1.));
#3297=DIRECTION('',(0.,1.,0.));
#3298=DIRECTION('',(1.,0.,0.));
#3299=DIRECTION('',(-2.31296463463574E-16,0.,-1.));
#3300=DIRECTION('',(-1.,0.,2.31296463463574E-16));
#3301=DIRECTION('',(0.,-1.,0.));
#3302=DIRECTION('',(1.,0.,-2.31296463463574E-16));
#3303=DIRECTION('',(0.,-1.,0.));
#3304=DIRECTION('',(1.,0.,0.));
#3305=DIRECTION('',(0.,-1.,0.));
#3306=DIRECTION('',(0.,-1.,0.));
#3307=DIRECTION('',(0.,0.,1.));
#3308=DIRECTION('',(-2.31296463463574E-16,0.,-1.));
#3309=DIRECTION('',(-1.,0.,2.31296463463574E-16));
#3310=DIRECTION('',(0.,-1.,0.));
#3311=DIRECTION('',(1.,0.,-2.31296463463574E-16));
#3312=DIRECTION('',(1.,0.,0.));
#3313=DIRECTION('',(0.,-1.,0.));
#3314=DIRECTION('',(0.,0.,1.));
#3315=DIRECTION('',(0.,1.,0.));
#3316=DIRECTION('',(1.,0.,0.));
#3317=DIRECTION('',(0.,0.,1.));
#3318=DIRECTION('',(1.,0.,0.));
#3319=CARTESIAN_POINT('',(0.,0.,0.));
#3320=CARTESIAN_POINT('',(0.,0.059,-8.87868929381831E-19));
#3321=CARTESIAN_POINT('',(0.,0.059,-8.87868929381831E-19));
#3322=CARTESIAN_POINT('',(0.0145,0.059,-8.87868929381831E-19));
#3323=CARTESIAN_POINT('',(0.,0.,-8.87868929381831E-19));
#3324=CARTESIAN_POINT('',(0.0145,0.,-8.87868929381831E-19));
#3325=CARTESIAN_POINT('',(0.,0.059,0.));
#3326=CARTESIAN_POINT('',(0.,0.059,-1.34711147906209E-18));
#3327=CARTESIAN_POINT('',(0.0075,0.059,-1.34711147906209E-18));
#3328=CARTESIAN_POINT('',(0.,0.,0.));
#3329=CARTESIAN_POINT('',(0.,0.,4.28626379701574E-19));
#3330=CARTESIAN_POINT('',(-0.007,0.,4.28626379701574E-19));
#3331=CARTESIAN_POINT('',(0.,0.074,-1.34711147906209E-18));
#3332=CARTESIAN_POINT('',(0.,0.074,-1.34711147906209E-18));
#3333=CARTESIAN_POINT('',(0.0075,0.074,-1.34711147906209E-18));
#3334=CARTESIAN_POINT('',(0.,0.074,-3.46944695195361E-18));
#3335=CARTESIAN_POINT('',(0.,0.002,-3.46944695195361E-18));
#3336=CARTESIAN_POINT('',(0.,0.002,4.28626379701574E-19));
#3337=CARTESIAN_POINT('',(-0.005,0.002,4.28626379701574E-19));
#3338=CARTESIAN_POINT('',(0.,0.002,4.28626379701574E-19));
#3339=CARTESIAN_POINT('',(0.1195,0.013,-0.1745));
#3340=CARTESIAN_POINT('',(0.,0.,-0.01));
#3341=CARTESIAN_POINT('',(0.,6.12323399573677E-19,-0.01));
#3342=CARTESIAN_POINT('',(0.,0.01,-0.01));
#3343=CARTESIAN_POINT('',(-0.00075,0.00375,-0.01));
#3344=CARTESIAN_POINT('',(1.0842021724855E-19,0.006,-0.01));
#3345=CARTESIAN_POINT('',(-0.0015,0.0015,-0.01));
#3346=CARTESIAN_POINT('',(-0.00375,0.00075,-0.01));
#3347=CARTESIAN_POINT('',(-0.006,1.0842021724855E-19,-0.01));
#3348=CARTESIAN_POINT('',(-0.00375,-0.00075,-0.01));
#3349=CARTESIAN_POINT('',(-0.0015,-0.0015,-0.01));
#3350=CARTESIAN_POINT('',(-0.00075,-0.00375,-0.01));
#3351=CARTESIAN_POINT('',(-1.0842021724855E-19,-0.006,-0.01));
#3352=CARTESIAN_POINT('',(0.00075,-0.00375,-0.01));
#3353=CARTESIAN_POINT('',(0.0015,-0.0015,-0.01));
#3354=CARTESIAN_POINT('',(0.00375,-0.00075,-0.01));
#3355=CARTESIAN_POINT('',(0.006,-2.16840434497101E-19,-0.01));
#3356=CARTESIAN_POINT('',(0.00375,0.00075,-0.01));
#3357=CARTESIAN_POINT('',(0.0015,0.0015,-0.01));
#3358=CARTESIAN_POINT('',(0.00075,0.00375,-0.01));
#3359=CARTESIAN_POINT('',(0.,2.57175827820944E-19,0.025));
#3360=CARTESIAN_POINT('',(0.,2.57175827820944E-19,0.));
#3361=CARTESIAN_POINT('',(0.,0.0042,1.3010426069826E-18));
#3362=CARTESIAN_POINT('',(-0.00294264293073254,0.00299680706456218,-7.14746570319731E-21));
#3363=CARTESIAN_POINT('',(0.,0.0042,-0.0016875));
#3364=CARTESIAN_POINT('',(-0.00242487113059643,0.0042,-0.0015625));
#3365=CARTESIAN_POINT('',(-0.00363730669589465,0.0021,-0.0014375));
#3366=CARTESIAN_POINT('',(-0.00484974226119285,5.54136894663918E-19,-0.0013125));
#3367=CARTESIAN_POINT('',(-0.00363730669589465,-0.0021,-0.0011875));
#3368=CARTESIAN_POINT('',(-0.00242487113059643,-0.0042,-0.0010625));
#3369=CARTESIAN_POINT('',(-5.14351655641888E-19,-0.0042,-0.0009375));
#3370=CARTESIAN_POINT('',(0.00242487113059643,-0.0042,-0.000812499999999999));
#3371=CARTESIAN_POINT('',(0.00363730669589464,-0.0021,-0.0006875));
#3372=CARTESIAN_POINT('',(0.00484974226119285,-6.33707372707977E-19,-0.000562499999999999));
#3373=CARTESIAN_POINT('',(0.00363730669589465,0.0021,-0.0004375));
#3374=CARTESIAN_POINT('',(0.00242487113059643,0.0042,-0.000312499999999999));
#3375=CARTESIAN_POINT('',(1.02870331128378E-18,0.0042,-0.0001875));
#3376=CARTESIAN_POINT('',(-0.00242487113059643,0.0042,-6.24999999999991E-5));
#3377=CARTESIAN_POINT('',(-0.00363730669589464,0.0021,6.25000000000007E-5));
#3378=CARTESIAN_POINT('',(-0.00484974226119285,6.049417579535E-18,0.000187500000000001));
#3379=CARTESIAN_POINT('',(-0.00363730669589465,-0.0021,0.0003125));
#3380=CARTESIAN_POINT('',(-0.00242487113059643,-0.0042,0.000437500000000001));
#3381=CARTESIAN_POINT('',(-1.54305496692566E-18,-0.0042,0.0005625));
#3382=CARTESIAN_POINT('',(0.00242487113059643,-0.0042,0.0006875));
#3383=CARTESIAN_POINT('',(0.00363730669589464,-0.0021,0.0008125));
#3384=CARTESIAN_POINT('',(0.00484974226119285,-1.82155164007987E-18,0.000937500000000001));
#3385=CARTESIAN_POINT('',(0.00363730669589465,0.0021,0.0010625));
#3386=CARTESIAN_POINT('',(0.00242487113059643,0.0042,0.0011875));
#3387=CARTESIAN_POINT('',(2.05740662256756E-18,0.0042,0.0013125));
#3388=CARTESIAN_POINT('',(-0.00242487113059643,0.0042,0.0014375));
#3389=CARTESIAN_POINT('',(-0.00363730669589464,0.0021,0.0015625));
#3390=CARTESIAN_POINT('',(-0.00484974226119285,1.15446982644061E-17,0.0016875));
#3391=CARTESIAN_POINT('',(-0.00363730669589465,-0.0021,0.0018125));
#3392=CARTESIAN_POINT('',(-0.00242487113059643,-0.0042,0.0019375));
#3393=CARTESIAN_POINT('',(-1.00324570036905E-17,-0.0042,0.0020625));
#3394=CARTESIAN_POINT('',(0.00242487113059643,-0.0042,0.0021875));
#3395=CARTESIAN_POINT('',(0.00363730669589464,-0.0021,0.0023125));
#3396=CARTESIAN_POINT('',(0.00484974226119285,-1.16242687424501E-17,0.0024375));
#3397=CARTESIAN_POINT('',(0.00363730669589465,0.0021,0.0025625));
#3398=CARTESIAN_POINT('',(0.00242487113059643,0.00419999999999999,0.0026875));
#3399=CARTESIAN_POINT('',(3.08610993385133E-18,0.0042,0.0028125));
#3400=CARTESIAN_POINT('',(-0.00242487113059643,0.0042,0.0029375));
#3401=CARTESIAN_POINT('',(-0.00363730669589464,0.0021,0.0030625));
#3402=CARTESIAN_POINT('',(-0.00484974226119285,1.2732542531778E-17,0.0031875));
#3403=CARTESIAN_POINT('',(-0.00363730669589465,-0.0021,0.0033125));
#3404=CARTESIAN_POINT('',(-0.00242487113059643,-0.00419999999999999,0.0034375));
#3405=CARTESIAN_POINT('',(-3.60046158949322E-18,-0.0042,0.0035625));
#3406=CARTESIAN_POINT('',(0.00242487113059643,-0.0042,0.0036875));
#3407=CARTESIAN_POINT('',(0.00363730669589464,-0.0021,0.0038125));
#3408=CARTESIAN_POINT('',(0.00484974226119285,-1.2812113009822E-17,0.0039375));
#3409=CARTESIAN_POINT('',(0.00363730669589465,0.0021,0.0040625));
#3410=CARTESIAN_POINT('',(0.00242487113059643,0.00419999999999999,0.0041875));
#3411=CARTESIAN_POINT('',(4.1148132451351E-18,0.0042,0.0043125));
#3412=CARTESIAN_POINT('',(-0.00242487113059643,0.0042,0.0044375));
#3413=CARTESIAN_POINT('',(-0.00363730669589464,0.0021,0.0045625));
#3414=CARTESIAN_POINT('',(-0.00484974226119285,1.39203867991498E-17,0.0046875));
#3415=CARTESIAN_POINT('',(-0.00363730669589465,-0.0021,0.0048125));
#3416=CARTESIAN_POINT('',(-0.00242487113059643,-0.00419999999999999,0.0049375));
#3417=CARTESIAN_POINT('',(-1.95505623517391E-17,-0.0042,0.0050625));
#3418=CARTESIAN_POINT('',(0.00242487113059643,-0.0042,0.0051875));
#3419=CARTESIAN_POINT('',(0.00363730669589464,-0.0021,0.0053125));
#3420=CARTESIAN_POINT('',(0.00484974226119285,-1.39999572771939E-17,0.0054375));
#3421=CARTESIAN_POINT('',(0.00363730669589465,0.0021,0.0055625));
#3422=CARTESIAN_POINT('',(0.00242487113059643,0.00419999999999999,0.0056875));
#3423=CARTESIAN_POINT('',(2.0064914007381E-17,0.0042,0.0058125));
#3424=CARTESIAN_POINT('',(-0.00242487113059643,0.0042,0.0059375));
#3425=CARTESIAN_POINT('',(-0.00363730669589464,0.0021,0.0060625));
#3426=CARTESIAN_POINT('',(-0.00484974226119285,3.23379767365185E-17,0.0061875));
#3427=CARTESIAN_POINT('',(-0.00363730669589465,-0.0021,0.0063125));
#3428=CARTESIAN_POINT('',(-0.00242487113059643,-0.0042,0.0064375));
#3429=CARTESIAN_POINT('',(-2.05792656630229E-17,-0.0042,0.0065625));
#3430=CARTESIAN_POINT('',(0.00242487113059643,-0.0042,0.00668749999999999));
#3431=CARTESIAN_POINT('',(0.00363730669589463,-0.00210000000000003,0.0068125));
#3432=CARTESIAN_POINT('',(0.00484974226119285,-1.51878015445658E-17,0.00693749999999999));
#3433=CARTESIAN_POINT('',(0.00363730669589466,0.00209999999999997,0.0070625));
#3434=CARTESIAN_POINT('',(0.00242487113059643,0.00419999999999999,0.00718749999999999));
#3435=CARTESIAN_POINT('',(6.17221986770266E-18,0.0042,0.0073125));
#3436=CARTESIAN_POINT('',(-0.00242487113059643,0.00420000000000001,0.0074375));
#3437=CARTESIAN_POINT('',(-0.00363730669589464,0.0021,0.0075625));
#3438=CARTESIAN_POINT('',(-0.00484974226119285,3.35258210038904E-17,0.0076875));
#3439=CARTESIAN_POINT('',(-0.00363730669589465,-0.0021,0.0078125));
#3440=CARTESIAN_POINT('',(-0.00242487113059643,-0.0042,0.00793749999999999));
#3441=CARTESIAN_POINT('',(-2.16079689743066E-17,-0.0042,0.0080625));
#3442=CARTESIAN_POINT('',(0.00242487113059643,-0.0042,0.0081875));
#3443=CARTESIAN_POINT('',(0.00363730669589463,-0.00210000000000003,0.0083125));
#3444=CARTESIAN_POINT('',(0.00484974226119285,-1.63756458119377E-17,0.0084375));
#3445=CARTESIAN_POINT('',(0.00363730669589466,0.00209999999999997,0.0085625));
#3446=CARTESIAN_POINT('',(0.00242487113059643,0.00419999999999999,0.0086875));
#3447=CARTESIAN_POINT('',(7.20092317898644E-18,0.0042,0.0088125));
#3448=CARTESIAN_POINT('',(-0.00242487113059643,0.00420000000000001,0.0089375));
#3449=CARTESIAN_POINT('',(-0.00363730669589464,0.0021,0.0090625));
#3450=CARTESIAN_POINT('',(-0.00484974226119285,3.47136652712623E-17,0.0091875));
#3451=CARTESIAN_POINT('',(-0.00363730669589465,-0.0021,0.0093125));
#3452=CARTESIAN_POINT('',(-0.00242487113059646,-0.00419999999999998,0.0094375));
#3453=CARTESIAN_POINT('',(-2.26366722855904E-17,-0.0042,0.0095625));
#3454=CARTESIAN_POINT('',(0.00242487113059643,-0.00420000000000001,0.0096875));
#3455=CARTESIAN_POINT('',(0.00363730669589463,-0.00210000000000003,0.0098125));
#3456=CARTESIAN_POINT('',(0.00484974226119285,-1.75634900793096E-17,0.0099375));
#3457=CARTESIAN_POINT('',(0.00363730669589466,0.00209999999999997,0.0100625));
#3458=CARTESIAN_POINT('',(0.00242487113059643,0.00419999999999998,0.0101875));
#3459=CARTESIAN_POINT('',(8.22962649027021E-18,0.0042,0.0103125));
#3460=CARTESIAN_POINT('',(-0.00242487113059643,0.00420000000000001,0.0104375));
#3461=CARTESIAN_POINT('',(-0.00363730669589464,0.0021,0.0105625));
#3462=CARTESIAN_POINT('',(-0.00484974226119285,3.59015095386342E-17,0.0106875));
#3463=CARTESIAN_POINT('',(-0.00363730669589465,-0.0021,0.0108125));
#3464=CARTESIAN_POINT('',(-0.00242487113059646,-0.00419999999999998,0.0109375));
#3465=CARTESIAN_POINT('',(-2.36653755968742E-17,-0.0042,0.0110625));
#3466=CARTESIAN_POINT('',(0.00242487113059643,-0.00420000000000001,0.0111875));
#3467=CARTESIAN_POINT('',(0.00363730669589463,-0.00210000000000003,0.0113125));
#3468=CARTESIAN_POINT('',(0.00484974226119285,-1.87513343466815E-17,0.0114375));
#3469=CARTESIAN_POINT('',(0.00363730669589466,0.00209999999999997,0.0115625));
#3470=CARTESIAN_POINT('',(0.00242487113059643,0.00419999999999998,0.0116875));
#3471=CARTESIAN_POINT('',(3.91011247034782E-17,0.0042,0.0118125));
#3472=CARTESIAN_POINT('',(-0.0024248711305964,0.00420000000000001,0.0119375));
#3473=CARTESIAN_POINT('',(-0.00363730669589464,0.0021,0.0120625));
#3474=CARTESIAN_POINT('',(-0.00484974226119285,3.70893538060061E-17,0.0121875));
#3475=CARTESIAN_POINT('',(-0.00363730669589466,-0.0021,0.0123125));
#3476=CARTESIAN_POINT('',(-0.00242487113059647,-0.00419999999999998,0.0124375));
#3477=CARTESIAN_POINT('',(-2.4694078908158E-17,-0.0042,0.0125625));
#3478=CARTESIAN_POINT('',(0.00242487113059639,-0.00420000000000002,0.0126875));
#3479=CARTESIAN_POINT('',(0.00363730669589463,-0.00210000000000003,0.0128125));
#3480=CARTESIAN_POINT('',(0.00484974226119285,-1.99391786140534E-17,0.0129375));
#3481=CARTESIAN_POINT('',(0.00363730669589466,0.00209999999999997,0.0130625));
#3482=CARTESIAN_POINT('',(0.00242487113059643,0.00419999999999998,0.0131875));
#3483=CARTESIAN_POINT('',(4.0129828014762E-17,0.0042,0.0133125));
#3484=CARTESIAN_POINT('',(-0.0024248711305964,0.00420000000000001,0.0134375));
#3485=CARTESIAN_POINT('',(-0.00363730669589464,0.0021,0.0135625));
#3486=CARTESIAN_POINT('',(-0.00484974226119285,3.8277198073378E-17,0.0136875));
#3487=CARTESIAN_POINT('',(-0.00363730669589466,-0.0021,0.0138125));
#3488=CARTESIAN_POINT('',(-0.00242487113059643,-0.0042,0.0139375));
#3489=CARTESIAN_POINT('',(-5.5565577121366E-17,-0.0042,0.0140625));
#3490=CARTESIAN_POINT('',(0.00242487113059639,-0.00420000000000002,0.0141875));
#3491=CARTESIAN_POINT('',(0.00363730669589463,-0.00210000000000003,0.0143125));
#3492=CARTESIAN_POINT('',(0.00484974226119285,-2.11270228814253E-17,0.0144375));
#3493=CARTESIAN_POINT('',(0.00363730669589465,0.0021,0.0145625));
#3494=CARTESIAN_POINT('',(0.00242487113059648,0.00419999999999997,0.0146875));
#3495=CARTESIAN_POINT('',(4.11585313260457E-17,0.0042,0.0148125));
#3496=CARTESIAN_POINT('',(-0.0024248711305964,0.00420000000000001,0.0149375));
#3497=CARTESIAN_POINT('',(-0.00363730669589464,0.0021,0.0150625));
#3498=CARTESIAN_POINT('',(-0.00484974226119285,5.0055510007564E-18,0.0151875));
#3499=CARTESIAN_POINT('',(-0.00363730669589467,-0.00209999999999995,0.0153125));
#3500=CARTESIAN_POINT('',(-0.00242487113059647,-0.00419999999999998,0.0154375));
#3501=CARTESIAN_POINT('',(-2.67514855307255E-17,-0.0042,0.0155625));
#3502=CARTESIAN_POINT('',(0.00242487113059643,-0.00420000000000001,0.0156875));
#3503=CARTESIAN_POINT('',(0.00363730669589461,-0.00210000000000005,0.0158125));
#3504=CARTESIAN_POINT('',(0.00484974226119285,-5.67743584887906E-17,0.0159375));
#3505=CARTESIAN_POINT('',(0.00363730669589466,0.00209999999999997,0.0160625));
#3506=CARTESIAN_POINT('',(0.00242487113059643,0.00419999999999998,0.0161875));
#3507=CARTESIAN_POINT('',(1.23444397354053E-17,0.0042,0.0163125));
#3508=CARTESIAN_POINT('',(-0.00242487113059637,0.00420000000000004,0.0164375));
#3509=CARTESIAN_POINT('',(-0.00363730669589462,0.00210000000000004,0.0165625));
#3510=CARTESIAN_POINT('',(-0.00484974226119285,4.06528866081218E-17,0.0166875));
#3511=CARTESIAN_POINT('',(-0.00363730669589466,-0.0021,0.0168125));
#3512=CARTESIAN_POINT('',(-0.00242487113059643,-0.00419999999999999,0.0169375));
#3513=CARTESIAN_POINT('',(-5.76229837439335E-17,-0.0042,0.0170625));
#3514=CARTESIAN_POINT('',(0.00242487113059638,-0.00420000000000002,0.0171875));
#3515=CARTESIAN_POINT('',(0.00363730669589463,-0.00210000000000003,0.0173125));
#3516=CARTESIAN_POINT('',(0.00484974226119285,-2.35027114161691E-17,0.0174375));
#3517=CARTESIAN_POINT('',(0.00363730669589465,0.0021,0.0175625));
#3518=CARTESIAN_POINT('',(0.00242487113059648,0.00419999999999997,0.0176875));
#3519=CARTESIAN_POINT('',(4.32159379486133E-17,0.0042,0.0178125));
#3520=CARTESIAN_POINT('',(-0.0024248711305964,0.00420000000000002,0.0179375));
#3521=CARTESIAN_POINT('',(-0.00363730669589464,0.0021,0.0180625));
#3522=CARTESIAN_POINT('',(-0.00484974226119285,7.63002222154871E-17,0.0181875));
#3523=CARTESIAN_POINT('',(-0.00363730669589467,-0.00209999999999995,0.0183125));
#3524=CARTESIAN_POINT('',(-0.00242487113059647,-0.00419999999999997,0.0184375));
#3525=CARTESIAN_POINT('',(-2.88088921532931E-17,-0.0042,0.0185625));
#3526=CARTESIAN_POINT('',(0.00242487113059643,-0.00420000000000001,0.0186875));
#3527=CARTESIAN_POINT('',(0.00363730669589461,-0.00210000000000005,0.0188125));
#3528=CARTESIAN_POINT('',(0.00484974226119285,-5.91500470235345E-17,0.0189375));
#3529=CARTESIAN_POINT('',(0.00363730669589466,0.00209999999999996,0.0190625));
#3530=CARTESIAN_POINT('',(0.00242487113059646,0.00419999999999998,0.0191875));
#3531=CARTESIAN_POINT('',(1.44018463579729E-17,0.0042,0.0193125));
#3532=CARTESIAN_POINT('',(-0.00242487113059636,0.00420000000000004,0.0194375));
#3533=CARTESIAN_POINT('',(-0.00363730669589462,0.00210000000000004,0.0195625));
#3534=CARTESIAN_POINT('',(-0.00484974226119285,4.30285751428655E-17,0.0196875));
#3535=CARTESIAN_POINT('',(-0.00363730669589466,-0.0021,0.0198125));
#3536=CARTESIAN_POINT('',(-0.00242487113059643,-0.00419999999999999,0.0199375));
#3537=CARTESIAN_POINT('',(-5.96803903665011E-17,-0.0042,0.0200625));
#3538=CARTESIAN_POINT('',(0.00242487113059638,-0.00420000000000002,0.0201875));
#3539=CARTESIAN_POINT('',(0.00363730669589463,-0.00210000000000003,0.0203125));
#3540=CARTESIAN_POINT('',(0.00484974226119285,-2.58783999509129E-17,0.0204375));
#3541=CARTESIAN_POINT('',(0.00363730669589468,0.00209999999999994,0.0205625));
#3542=CARTESIAN_POINT('',(0.00242487113059648,0.00419999999999997,0.0206875));
#3543=CARTESIAN_POINT('',(4.52733445711809E-17,0.0042,0.0208125));
#3544=CARTESIAN_POINT('',(-0.00242487113059639,0.00420000000000002,0.0209375));
#3545=CARTESIAN_POINT('',(-0.00363730669589464,0.0021,0.0210625));
#3546=CARTESIAN_POINT('',(-0.00484974226119285,7.86759107502309E-17,0.0211875));
#3547=CARTESIAN_POINT('',(-0.00363730669589467,-0.00209999999999995,0.0213125));
#3548=CARTESIAN_POINT('',(-0.00242487113059647,-0.00419999999999997,0.0214375));
#3549=CARTESIAN_POINT('',(-3.08662987758606E-17,-0.0042,0.0215625));
#3550=CARTESIAN_POINT('',(0.00242487113059643,-0.00420000000000001,0.0216875));
#3551=CARTESIAN_POINT('',(0.00363730669589461,-0.00210000000000005,0.0218125));
#3552=CARTESIAN_POINT('',(0.00484974226119285,-6.15257355582782E-17,0.0219375));
#3553=CARTESIAN_POINT('',(0.00363730669589467,0.00209999999999996,0.0220625));
#3554=CARTESIAN_POINT('',(0.00242487113059646,0.00419999999999998,0.0221875));
#3555=CARTESIAN_POINT('',(1.64592529805404E-17,0.0042,0.0223125));
#3556=CARTESIAN_POINT('',(-0.00242487113059636,0.00420000000000004,0.0224375));
#3557=CARTESIAN_POINT('',(-0.00363730669589462,0.00210000000000004,0.0225625));
#3558=CARTESIAN_POINT('',(-0.00484974226119285,4.54042636776093E-17,0.0226875));
#3559=CARTESIAN_POINT('',(-0.00363730669589466,-0.00209999999999997,0.0228125));
#3560=CARTESIAN_POINT('',(-0.0024248711305965,-0.00419999999999996,0.0229375));
#3561=CARTESIAN_POINT('',(-6.17377969890686E-17,-0.0042,0.0230625));
#3562=CARTESIAN_POINT('',(0.00242487113059638,-0.00420000000000003,0.0231875));
#3563=CARTESIAN_POINT('',(0.00363730669589463,-0.00210000000000003,0.0233125));
#3564=CARTESIAN_POINT('',(0.00484974226119285,-2.82540884856567E-17,0.0234375));
#3565=CARTESIAN_POINT('',(0.00363730669589468,0.00209999999999994,0.0235625));
#3566=CARTESIAN_POINT('',(0.00242487113059648,0.00419999999999997,0.0236875));
#3567=CARTESIAN_POINT('',(4.73307511937484E-17,0.0042,0.0238125));
#3568=CARTESIAN_POINT('',(-0.00242487113059639,0.00420000000000002,0.0239375));
#3569=CARTESIAN_POINT('',(-0.00363730669589463,0.0021,0.0240625));
#3570=CARTESIAN_POINT('',(-0.00484974226119285,8.10515992849747E-17,0.0241875));
#3571=CARTESIAN_POINT('',(-0.00363730669589467,-0.00209999999999995,0.0243125));
#3572=CARTESIAN_POINT('',(-0.00242487113059647,-0.00419999999999997,0.0244375));
#3573=CARTESIAN_POINT('',(-3.29237053984282E-17,-0.0042,0.0245625));
#3574=CARTESIAN_POINT('',(0.00242487113059635,-0.00420000000000005,0.0246875));
#3575=CARTESIAN_POINT('',(0.00363730669589461,-0.00210000000000006,0.0248125));
#3576=CARTESIAN_POINT('',(0.00484974226119285,-6.39014240930221E-17,0.0249375));
#3577=CARTESIAN_POINT('',(0.00363730669589467,0.00209999999999996,0.0250625));
#3578=CARTESIAN_POINT('',(0.00242487113059646,0.00419999999999998,0.0251875));
#3579=CARTESIAN_POINT('',(7.82022494069564E-17,0.0042,0.0253125));
#3580=CARTESIAN_POINT('',(-0.00242487113059636,0.00420000000000004,0.0254375));
#3581=CARTESIAN_POINT('',(-0.00363730669589462,0.00210000000000004,0.0255625));
#3582=CARTESIAN_POINT('',(-0.00484974226119285,4.77799522123531E-17,0.0256875));
#3583=CARTESIAN_POINT('',(-0.00363730669589466,-0.00209999999999997,0.0258125));
#3584=CARTESIAN_POINT('',(-0.0024248711305965,-0.00419999999999996,0.0259375));
#3585=CARTESIAN_POINT('',(-6.37952036116362E-17,-0.0042,0.0260625));
#3586=CARTESIAN_POINT('',(0.00242487113059638,-0.00420000000000003,0.0261875));
#3587=CARTESIAN_POINT('',(0.00363730669589463,-0.00210000000000003,0.0263125));
#3588=CARTESIAN_POINT('',(0.00484974226119285,-3.06297770204005E-17,0.0264375));
#3589=CARTESIAN_POINT('',(0.00363730669589468,0.00209999999999993,0.0265625));
#3590=CARTESIAN_POINT('',(0.00242487113059649,0.00419999999999996,0.0266875));
#3591=CARTESIAN_POINT('',(4.9388157816316E-17,0.0042,0.0268125));
#3592=CARTESIAN_POINT('',(-0.00242487113059639,0.00420000000000002,0.0269375));
#3593=CARTESIAN_POINT('',(-0.0036373066958946,0.00210000000000007,0.0270625));
#3594=CARTESIAN_POINT('',(-0.00484974226119285,8.34272878197185E-17,0.0271875));
#3595=CARTESIAN_POINT('',(-0.00363730669589468,-0.00209999999999995,0.0273125));
#3596=CARTESIAN_POINT('',(-0.00242487113059647,-0.00419999999999997,0.0274375));
#3597=CARTESIAN_POINT('',(-3.49811120209957E-17,-0.0042,0.0275625));
#3598=CARTESIAN_POINT('',(0.00242487113059635,-0.00420000000000005,0.0276875));
#3599=CARTESIAN_POINT('',(0.00363730669589461,-0.00210000000000006,0.0278125));
#3600=CARTESIAN_POINT('',(0.00484974226119285,-6.62771126277658E-17,0.0279375));
#3601=CARTESIAN_POINT('',(0.00363730669589467,0.00209999999999996,0.0280625));
#3602=CARTESIAN_POINT('',(0.00242487113059646,0.00419999999999998,0.0281875));
#3603=CARTESIAN_POINT('',(8.0259656029524E-17,0.0042,0.0283125));
#3604=CARTESIAN_POINT('',(0.00406663251351778,0.00105000000000002,0.025));
#3605=CARTESIAN_POINT('',(0.,2.57175827820944E-19,0.025));
#3606=CARTESIAN_POINT('',(0.00363730669589463,-0.00210000000000003,0.025));
#3607=CARTESIAN_POINT('',(0.,0.0042,-0.003));
#3608=CARTESIAN_POINT('',(-0.00242487113059643,0.0042,-0.002875));
#3609=CARTESIAN_POINT('',(-0.00363730669589465,0.0021,-0.00275));
#3610=CARTESIAN_POINT('',(-0.00484974226119285,5.54136894663918E-19,-0.002625));
#3611=CARTESIAN_POINT('',(-0.00363730669589465,-0.0021,-0.0025));
#3612=CARTESIAN_POINT('',(-0.00242487113059643,-0.0042,-0.002375));
#3613=CARTESIAN_POINT('',(-5.14351655641888E-19,-0.0042,-0.00225));
#3614=CARTESIAN_POINT('',(0.00242487113059643,-0.0042,-0.002125));
#3615=CARTESIAN_POINT('',(0.00363730669589464,-0.0021,-0.002));
#3616=CARTESIAN_POINT('',(0.00484974226119285,-6.33707372707977E-19,-0.001875));
#3617=CARTESIAN_POINT('',(0.00363730669589465,0.0021,-0.00175));
#3618=CARTESIAN_POINT('',(0.00242487113059643,0.0042,-0.001625));
#3619=CARTESIAN_POINT('',(1.02870331128378E-18,0.0042,-0.0015));
#3620=CARTESIAN_POINT('',(-0.00242487113059643,0.0042,-0.001375));
#3621=CARTESIAN_POINT('',(-0.00363730669589464,0.0021,-0.00125));
#3622=CARTESIAN_POINT('',(-0.00484974226119285,6.049417579535E-18,-0.001125));
#3623=CARTESIAN_POINT('',(-0.00363730669589465,-0.0021,-0.001));
#3624=CARTESIAN_POINT('',(-0.00242487113059643,-0.0042,-0.000874999999999999));
#3625=CARTESIAN_POINT('',(-1.54305496692566E-18,-0.0042,-0.00075));
#3626=CARTESIAN_POINT('',(0.00242487113059643,-0.0042,-0.000624999999999998));
#3627=CARTESIAN_POINT('',(0.00363730669589464,-0.0021,-0.0005));
#3628=CARTESIAN_POINT('',(0.00484974226119285,-1.82155164007987E-18,-0.000374999999999999));
#3629=CARTESIAN_POINT('',(0.00363730669589465,0.0021,-0.00025));
#3630=CARTESIAN_POINT('',(0.00242487113059643,0.0042,-0.000124999999999999));
#3631=CARTESIAN_POINT('',(2.05740662256756E-18,0.0042,1.3010426069826E-18));
#3632=CARTESIAN_POINT('',(-0.00242487113059643,0.0042,0.000125000000000001));
#3633=CARTESIAN_POINT('',(-0.00363730669589464,0.0021,0.00025));
#3634=CARTESIAN_POINT('',(-0.00484974226119285,1.15446982644061E-17,0.000375000000000001));
#3635=CARTESIAN_POINT('',(-0.00363730669589465,-0.0021,0.0005));
#3636=CARTESIAN_POINT('',(-0.00242487113059643,-0.0042,0.000625000000000002));
#3637=CARTESIAN_POINT('',(-1.00324570036905E-17,-0.0042,0.00075));
#3638=CARTESIAN_POINT('',(0.00242487113059643,-0.0042,0.000875000000000001));
#3639=CARTESIAN_POINT('',(0.00363730669589464,-0.0021,0.001));
#3640=CARTESIAN_POINT('',(0.00484974226119285,-1.16242687424501E-17,0.001125));
#3641=CARTESIAN_POINT('',(0.00363730669589465,0.0021,0.00125));
#3642=CARTESIAN_POINT('',(0.00242487113059643,0.00419999999999999,0.001375));
#3643=CARTESIAN_POINT('',(3.08610993385133E-18,0.0042,0.0015));
#3644=CARTESIAN_POINT('',(-0.00242487113059643,0.0042,0.001625));
#3645=CARTESIAN_POINT('',(-0.00363730669589464,0.0021,0.00175));
#3646=CARTESIAN_POINT('',(-0.00484974226119285,1.2732542531778E-17,0.001875));
#3647=CARTESIAN_POINT('',(-0.00363730669589465,-0.0021,0.002));
#3648=CARTESIAN_POINT('',(-0.00242487113059643,-0.00419999999999999,0.002125));
#3649=CARTESIAN_POINT('',(-3.60046158949322E-18,-0.0042,0.00225));
#3650=CARTESIAN_POINT('',(0.00242487113059643,-0.0042,0.002375));
#3651=CARTESIAN_POINT('',(0.00363730669589464,-0.0021,0.0025));
#3652=CARTESIAN_POINT('',(0.00484974226119285,-1.2812113009822E-17,0.002625));
#3653=CARTESIAN_POINT('',(0.00363730669589465,0.0021,0.00275));
#3654=CARTESIAN_POINT('',(0.00242487113059643,0.00419999999999999,0.002875));
#3655=CARTESIAN_POINT('',(4.1148132451351E-18,0.0042,0.003));
#3656=CARTESIAN_POINT('',(-0.00242487113059643,0.0042,0.003125));
#3657=CARTESIAN_POINT('',(-0.00363730669589464,0.0021,0.00325));
#3658=CARTESIAN_POINT('',(-0.00484974226119285,1.39203867991498E-17,0.003375));
#3659=CARTESIAN_POINT('',(-0.00363730669589465,-0.0021,0.0035));
#3660=CARTESIAN_POINT('',(-0.00242487113059643,-0.00419999999999999,0.003625));
#3661=CARTESIAN_POINT('',(-1.95505623517391E-17,-0.0042,0.00375));
#3662=CARTESIAN_POINT('',(0.00242487113059643,-0.0042,0.003875));
#3663=CARTESIAN_POINT('',(0.00363730669589464,-0.0021,0.004));
#3664=CARTESIAN_POINT('',(0.00484974226119285,-1.39999572771939E-17,0.004125));
#3665=CARTESIAN_POINT('',(0.00363730669589465,0.0021,0.00425));
#3666=CARTESIAN_POINT('',(0.00242487113059643,0.00419999999999999,0.004375));
#3667=CARTESIAN_POINT('',(2.0064914007381E-17,0.0042,0.0045));
#3668=CARTESIAN_POINT('',(-0.00242487113059643,0.0042,0.004625));
#3669=CARTESIAN_POINT('',(-0.00363730669589464,0.0021,0.00475));
#3670=CARTESIAN_POINT('',(-0.00484974226119285,3.23379767365185E-17,0.004875));
#3671=CARTESIAN_POINT('',(-0.00363730669589465,-0.0021,0.005));
#3672=CARTESIAN_POINT('',(-0.00242487113059643,-0.0042,0.005125));
#3673=CARTESIAN_POINT('',(-2.05792656630229E-17,-0.0042,0.00525));
#3674=CARTESIAN_POINT('',(0.00242487113059643,-0.0042,0.005375));
#3675=CARTESIAN_POINT('',(0.00363730669589463,-0.00210000000000003,0.0055));
#3676=CARTESIAN_POINT('',(0.00484974226119285,-1.51878015445658E-17,0.005625));
#3677=CARTESIAN_POINT('',(0.00363730669589466,0.00209999999999997,0.00575));
#3678=CARTESIAN_POINT('',(0.00242487113059643,0.00419999999999999,0.005875));
#3679=CARTESIAN_POINT('',(6.17221986770266E-18,0.0042,0.006));
#3680=CARTESIAN_POINT('',(-0.00242487113059643,0.00420000000000001,0.006125));
#3681=CARTESIAN_POINT('',(-0.00363730669589464,0.0021,0.00625));
#3682=CARTESIAN_POINT('',(-0.00484974226119285,3.35258210038904E-17,0.006375));
#3683=CARTESIAN_POINT('',(-0.00363730669589465,-0.0021,0.0065));
#3684=CARTESIAN_POINT('',(-0.00242487113059643,-0.0042,0.006625));
#3685=CARTESIAN_POINT('',(-2.16079689743066E-17,-0.0042,0.00675));
#3686=CARTESIAN_POINT('',(0.00242487113059643,-0.0042,0.006875));
#3687=CARTESIAN_POINT('',(0.00363730669589463,-0.00210000000000003,0.007));
#3688=CARTESIAN_POINT('',(0.00484974226119285,-1.63756458119377E-17,0.007125));
#3689=CARTESIAN_POINT('',(0.00363730669589466,0.00209999999999997,0.00725));
#3690=CARTESIAN_POINT('',(0.00242487113059643,0.00419999999999999,0.007375));
#3691=CARTESIAN_POINT('',(7.20092317898644E-18,0.0042,0.0075));
#3692=CARTESIAN_POINT('',(-0.00242487113059643,0.00420000000000001,0.007625));
#3693=CARTESIAN_POINT('',(-0.00363730669589464,0.0021,0.00775));
#3694=CARTESIAN_POINT('',(-0.00484974226119285,3.47136652712623E-17,0.007875));
#3695=CARTESIAN_POINT('',(-0.00363730669589465,-0.0021,0.008));
#3696=CARTESIAN_POINT('',(-0.00242487113059646,-0.00419999999999998,0.008125));
#3697=CARTESIAN_POINT('',(-2.26366722855904E-17,-0.0042,0.00825));
#3698=CARTESIAN_POINT('',(0.00242487113059643,-0.00420000000000001,0.00837500000000001));
#3699=CARTESIAN_POINT('',(0.00363730669589463,-0.00210000000000003,0.0085));
#3700=CARTESIAN_POINT('',(0.00484974226119285,-1.75634900793096E-17,0.008625));
#3701=CARTESIAN_POINT('',(0.00363730669589466,0.00209999999999997,0.00875));
#3702=CARTESIAN_POINT('',(0.00242487113059643,0.00419999999999998,0.00887499999999999));
#3703=CARTESIAN_POINT('',(8.22962649027021E-18,0.0042,0.009));
#3704=CARTESIAN_POINT('',(-0.00242487113059643,0.00420000000000001,0.00912499999999999));
#3705=CARTESIAN_POINT('',(-0.00363730669589464,0.0021,0.00925));
#3706=CARTESIAN_POINT('',(-0.00484974226119285,3.59015095386342E-17,0.00937499999999999));
#3707=CARTESIAN_POINT('',(-0.00363730669589465,-0.0021,0.0095));
#3708=CARTESIAN_POINT('',(-0.00242487113059646,-0.00419999999999998,0.00962499999999999));
#3709=CARTESIAN_POINT('',(-2.36653755968742E-17,-0.0042,0.00975));
#3710=CARTESIAN_POINT('',(0.00242487113059643,-0.00420000000000001,0.00987500000000001));
#3711=CARTESIAN_POINT('',(0.00363730669589463,-0.00210000000000003,0.01));
#3712=CARTESIAN_POINT('',(0.00484974226119285,-1.87513343466815E-17,0.010125));
#3713=CARTESIAN_POINT('',(0.00363730669589466,0.00209999999999997,0.01025));
#3714=CARTESIAN_POINT('',(0.00242487113059643,0.00419999999999998,0.010375));
#3715=CARTESIAN_POINT('',(3.91011247034782E-17,0.0042,0.0105));
#3716=CARTESIAN_POINT('',(-0.0024248711305964,0.00420000000000001,0.010625));
#3717=CARTESIAN_POINT('',(-0.00363730669589464,0.0021,0.01075));
#3718=CARTESIAN_POINT('',(-0.00484974226119285,3.70893538060061E-17,0.010875));
#3719=CARTESIAN_POINT('',(-0.00363730669589466,-0.0021,0.011));
#3720=CARTESIAN_POINT('',(-0.00242487113059647,-0.00419999999999998,0.011125));
#3721=CARTESIAN_POINT('',(-2.4694078908158E-17,-0.0042,0.01125));
#3722=CARTESIAN_POINT('',(0.00242487113059639,-0.00420000000000002,0.011375));
#3723=CARTESIAN_POINT('',(0.00363730669589463,-0.00210000000000003,0.0115));
#3724=CARTESIAN_POINT('',(0.00484974226119285,-1.99391786140534E-17,0.011625));
#3725=CARTESIAN_POINT('',(0.00363730669589466,0.00209999999999997,0.01175));
#3726=CARTESIAN_POINT('',(0.00242487113059643,0.00419999999999998,0.011875));
#3727=CARTESIAN_POINT('',(4.0129828014762E-17,0.0042,0.012));
#3728=CARTESIAN_POINT('',(-0.0024248711305964,0.00420000000000001,0.012125));
#3729=CARTESIAN_POINT('',(-0.00363730669589464,0.0021,0.01225));
#3730=CARTESIAN_POINT('',(-0.00484974226119285,3.8277198073378E-17,0.012375));
#3731=CARTESIAN_POINT('',(-0.00363730669589466,-0.0021,0.0125));
#3732=CARTESIAN_POINT('',(-0.00242487113059643,-0.0042,0.012625));
#3733=CARTESIAN_POINT('',(-5.5565577121366E-17,-0.0042,0.01275));
#3734=CARTESIAN_POINT('',(0.00242487113059639,-0.00420000000000002,0.012875));
#3735=CARTESIAN_POINT('',(0.00363730669589463,-0.00210000000000003,0.013));
#3736=CARTESIAN_POINT('',(0.00484974226119285,-2.11270228814253E-17,0.013125));
#3737=CARTESIAN_POINT('',(0.00363730669589465,0.0021,0.01325));
#3738=CARTESIAN_POINT('',(0.00242487113059648,0.00419999999999997,0.013375));
#3739=CARTESIAN_POINT('',(4.11585313260457E-17,0.0042,0.0135));
#3740=CARTESIAN_POINT('',(-0.0024248711305964,0.00420000000000001,0.013625));
#3741=CARTESIAN_POINT('',(-0.00363730669589464,0.0021,0.01375));
#3742=CARTESIAN_POINT('',(-0.00484974226119285,5.0055510007564E-18,0.013875));
#3743=CARTESIAN_POINT('',(-0.00363730669589467,-0.00209999999999995,0.014));
#3744=CARTESIAN_POINT('',(-0.00242487113059647,-0.00419999999999998,0.014125));
#3745=CARTESIAN_POINT('',(-2.67514855307255E-17,-0.0042,0.01425));
#3746=CARTESIAN_POINT('',(0.00242487113059643,-0.00420000000000001,0.014375));
#3747=CARTESIAN_POINT('',(0.00363730669589461,-0.00210000000000005,0.0145));
#3748=CARTESIAN_POINT('',(0.00484974226119285,-5.67743584887906E-17,0.014625));
#3749=CARTESIAN_POINT('',(0.00363730669589466,0.00209999999999997,0.01475));
#3750=CARTESIAN_POINT('',(0.00242487113059643,0.00419999999999998,0.014875));
#3751=CARTESIAN_POINT('',(1.23444397354053E-17,0.0042,0.015));
#3752=CARTESIAN_POINT('',(-0.00242487113059637,0.00420000000000004,0.015125));
#3753=CARTESIAN_POINT('',(-0.00363730669589462,0.00210000000000004,0.01525));
#3754=CARTESIAN_POINT('',(-0.00484974226119285,4.06528866081218E-17,0.015375));
#3755=CARTESIAN_POINT('',(-0.00363730669589466,-0.0021,0.0155));
#3756=CARTESIAN_POINT('',(-0.00242487113059643,-0.00419999999999999,0.015625));
#3757=CARTESIAN_POINT('',(-5.76229837439335E-17,-0.0042,0.01575));
#3758=CARTESIAN_POINT('',(0.00242487113059638,-0.00420000000000002,0.015875));
#3759=CARTESIAN_POINT('',(0.00363730669589463,-0.00210000000000003,0.016));
#3760=CARTESIAN_POINT('',(0.00484974226119285,-2.35027114161691E-17,0.016125));
#3761=CARTESIAN_POINT('',(0.00363730669589465,0.0021,0.01625));
#3762=CARTESIAN_POINT('',(0.00242487113059648,0.00419999999999997,0.016375));
#3763=CARTESIAN_POINT('',(4.32159379486133E-17,0.0042,0.0165));
#3764=CARTESIAN_POINT('',(-0.0024248711305964,0.00420000000000002,0.016625));
#3765=CARTESIAN_POINT('',(-0.00363730669589464,0.0021,0.01675));
#3766=CARTESIAN_POINT('',(-0.00484974226119285,7.63002222154871E-17,0.016875));
#3767=CARTESIAN_POINT('',(-0.00363730669589467,-0.00209999999999995,0.017));
#3768=CARTESIAN_POINT('',(-0.00242487113059647,-0.00419999999999997,0.017125));
#3769=CARTESIAN_POINT('',(-2.88088921532931E-17,-0.0042,0.01725));
#3770=CARTESIAN_POINT('',(0.00242487113059643,-0.00420000000000001,0.017375));
#3771=CARTESIAN_POINT('',(0.00363730669589461,-0.00210000000000005,0.0175));
#3772=CARTESIAN_POINT('',(0.00484974226119285,-5.91500470235345E-17,0.017625));
#3773=CARTESIAN_POINT('',(0.00363730669589466,0.00209999999999996,0.01775));
#3774=CARTESIAN_POINT('',(0.00242487113059646,0.00419999999999998,0.017875));
#3775=CARTESIAN_POINT('',(1.44018463579729E-17,0.0042,0.018));
#3776=CARTESIAN_POINT('',(-0.00242487113059636,0.00420000000000004,0.018125));
#3777=CARTESIAN_POINT('',(-0.00363730669589462,0.00210000000000004,0.01825));
#3778=CARTESIAN_POINT('',(-0.00484974226119285,4.30285751428655E-17,0.018375));
#3779=CARTESIAN_POINT('',(-0.00363730669589466,-0.0021,0.0185));
#3780=CARTESIAN_POINT('',(-0.00242487113059643,-0.00419999999999999,0.018625));
#3781=CARTESIAN_POINT('',(-5.96803903665011E-17,-0.0042,0.01875));
#3782=CARTESIAN_POINT('',(0.00242487113059638,-0.00420000000000002,0.018875));
#3783=CARTESIAN_POINT('',(0.00363730669589463,-0.00210000000000003,0.019));
#3784=CARTESIAN_POINT('',(0.00484974226119285,-2.58783999509129E-17,0.019125));
#3785=CARTESIAN_POINT('',(0.00363730669589468,0.00209999999999994,0.01925));
#3786=CARTESIAN_POINT('',(0.00242487113059648,0.00419999999999997,0.019375));
#3787=CARTESIAN_POINT('',(4.52733445711809E-17,0.0042,0.0195));
#3788=CARTESIAN_POINT('',(-0.00242487113059639,0.00420000000000002,0.019625));
#3789=CARTESIAN_POINT('',(-0.00363730669589464,0.0021,0.01975));
#3790=CARTESIAN_POINT('',(-0.00484974226119285,7.86759107502309E-17,0.019875));
#3791=CARTESIAN_POINT('',(-0.00363730669589467,-0.00209999999999995,0.02));
#3792=CARTESIAN_POINT('',(-0.00242487113059647,-0.00419999999999997,0.020125));
#3793=CARTESIAN_POINT('',(-3.08662987758606E-17,-0.0042,0.02025));
#3794=CARTESIAN_POINT('',(0.00242487113059643,-0.00420000000000001,0.020375));
#3795=CARTESIAN_POINT('',(0.00363730669589461,-0.00210000000000005,0.0205));
#3796=CARTESIAN_POINT('',(0.00484974226119285,-6.15257355582782E-17,0.020625));
#3797=CARTESIAN_POINT('',(0.00363730669589467,0.00209999999999996,0.02075));
#3798=CARTESIAN_POINT('',(0.00242487113059646,0.00419999999999998,0.020875));
#3799=CARTESIAN_POINT('',(1.64592529805404E-17,0.0042,0.021));
#3800=CARTESIAN_POINT('',(-0.00242487113059636,0.00420000000000004,0.021125));
#3801=CARTESIAN_POINT('',(-0.00363730669589462,0.00210000000000004,0.02125));
#3802=CARTESIAN_POINT('',(-0.00484974226119285,4.54042636776093E-17,0.021375));
#3803=CARTESIAN_POINT('',(-0.00363730669589466,-0.00209999999999997,0.0215));
#3804=CARTESIAN_POINT('',(-0.0024248711305965,-0.00419999999999996,0.021625));
#3805=CARTESIAN_POINT('',(-6.17377969890686E-17,-0.0042,0.02175));
#3806=CARTESIAN_POINT('',(0.00242487113059638,-0.00420000000000003,0.021875));
#3807=CARTESIAN_POINT('',(0.00363730669589463,-0.00210000000000003,0.022));
#3808=CARTESIAN_POINT('',(0.00484974226119285,-2.82540884856567E-17,0.022125));
#3809=CARTESIAN_POINT('',(0.00363730669589468,0.00209999999999994,0.02225));
#3810=CARTESIAN_POINT('',(0.00242487113059648,0.00419999999999997,0.022375));
#3811=CARTESIAN_POINT('',(4.73307511937484E-17,0.0042,0.0225));
#3812=CARTESIAN_POINT('',(-0.00242487113059639,0.00420000000000002,0.022625));
#3813=CARTESIAN_POINT('',(-0.00363730669589463,0.0021,0.02275));
#3814=CARTESIAN_POINT('',(-0.00484974226119285,8.10515992849747E-17,0.022875));
#3815=CARTESIAN_POINT('',(-0.00363730669589467,-0.00209999999999995,0.023));
#3816=CARTESIAN_POINT('',(-0.00242487113059647,-0.00419999999999997,0.023125));
#3817=CARTESIAN_POINT('',(-3.29237053984282E-17,-0.0042,0.02325));
#3818=CARTESIAN_POINT('',(0.00242487113059635,-0.00420000000000005,0.023375));
#3819=CARTESIAN_POINT('',(0.00363730669589461,-0.00210000000000006,0.0235));
#3820=CARTESIAN_POINT('',(0.00484974226119285,-6.39014240930221E-17,0.023625));
#3821=CARTESIAN_POINT('',(0.00363730669589467,0.00209999999999996,0.02375));
#3822=CARTESIAN_POINT('',(0.00242487113059646,0.00419999999999998,0.023875));
#3823=CARTESIAN_POINT('',(7.82022494069564E-17,0.0042,0.024));
#3824=CARTESIAN_POINT('',(-0.00242487113059636,0.00420000000000004,0.024125));
#3825=CARTESIAN_POINT('',(-0.00363730669589462,0.00210000000000004,0.02425));
#3826=CARTESIAN_POINT('',(-0.00484974226119285,4.77799522123531E-17,0.024375));
#3827=CARTESIAN_POINT('',(-0.00363730669589466,-0.00209999999999997,0.0245));
#3828=CARTESIAN_POINT('',(-0.0024248711305965,-0.00419999999999996,0.024625));
#3829=CARTESIAN_POINT('',(-6.37952036116362E-17,-0.0042,0.02475));
#3830=CARTESIAN_POINT('',(0.00242487113059638,-0.00420000000000003,0.024875));
#3831=CARTESIAN_POINT('',(0.00363730669589463,-0.00210000000000003,0.025));
#3832=CARTESIAN_POINT('',(0.00484974226119285,-3.06297770204005E-17,0.025125));
#3833=CARTESIAN_POINT('',(0.00363730669589468,0.00209999999999993,0.02525));
#3834=CARTESIAN_POINT('',(0.00242487113059649,0.00419999999999996,0.025375));
#3835=CARTESIAN_POINT('',(4.9388157816316E-17,0.0042,0.0255));
#3836=CARTESIAN_POINT('',(-0.00242487113059639,0.00420000000000002,0.025625));
#3837=CARTESIAN_POINT('',(-0.0036373066958946,0.00210000000000007,0.02575));
#3838=CARTESIAN_POINT('',(-0.00484974226119285,8.34272878197185E-17,0.025875));
#3839=CARTESIAN_POINT('',(-0.00363730669589468,-0.00209999999999995,0.026));
#3840=CARTESIAN_POINT('',(-0.00242487113059647,-0.00419999999999997,0.026125));
#3841=CARTESIAN_POINT('',(-3.49811120209957E-17,-0.0042,0.02625));
#3842=CARTESIAN_POINT('',(0.00242487113059635,-0.00420000000000005,0.026375));
#3843=CARTESIAN_POINT('',(0.00363730669589461,-0.00210000000000006,0.0265));
#3844=CARTESIAN_POINT('',(0.00484974226119285,-6.62771126277658E-17,0.026625));
#3845=CARTESIAN_POINT('',(0.00363730669589467,0.00209999999999996,0.02675));
#3846=CARTESIAN_POINT('',(0.00242487113059646,0.00419999999999998,0.026875));
#3847=CARTESIAN_POINT('',(8.0259656029524E-17,0.0042,0.027));
#3848=CARTESIAN_POINT('',(0.,0.,0.025));
#3849=CARTESIAN_POINT('',(0.00406663251351778,0.00105000000000003,0.025));
#3850=CARTESIAN_POINT('',(0.00385189243339791,0.00163433408421481,0.025));
#3851=CARTESIAN_POINT('',(0.00316630686481232,0.00272243199926632,0.025));
#3852=CARTESIAN_POINT('',(0.00148319084561844,0.00368086413469199,0.0249999999999999));
#3853=CARTESIAN_POINT('',(-0.000450711415622301,0.00375653919223231,0.0250000000000002));
#3854=CARTESIAN_POINT('',(-0.00159501214538918,0.00314267058575308,0.025));
#3855=CARTESIAN_POINT('',(-0.00204753642965486,0.00269941182963532,0.025));
#3856=CARTESIAN_POINT('',(-0.00204753642965487,0.00269941182963532,0.025));
#3857=CARTESIAN_POINT('',(-0.00267074506841674,-0.00208479026193681,0.025));
#3858=CARTESIAN_POINT('',(-0.00316386274473944,-0.00134833772965357,0.025));
#3859=CARTESIAN_POINT('',(-0.00350433457615466,4.03193458912861E-6,0.025));
#3860=CARTESIAN_POINT('',(-0.00294336375431142,0.00171714101151329,0.025));
#3861=CARTESIAN_POINT('',(-0.00237845981239113,0.00240516399022355,0.025));
#3862=CARTESIAN_POINT('',(-0.00204753642965477,0.00269941182963527,0.025));
#3863=CARTESIAN_POINT('',(-0.00267074506841674,-0.00208479026193681,0.025));
#3864=CARTESIAN_POINT('',(0.00363730669589464,-0.0021,0.025));
#3865=CARTESIAN_POINT('',(0.00327624845579618,-0.00261369264529248,0.025));
#3866=CARTESIAN_POINT('',(0.00232134459898626,-0.00345288704115936,0.025));
#3867=CARTESIAN_POINT('',(0.000467212241498805,-0.0039383708326544,0.025));
#3868=CARTESIAN_POINT('',(-0.00141236150657204,-0.00350905529861763,0.025));
#3869=CARTESIAN_POINT('',(-0.00234498768477837,-0.00262227883477343,0.025));
#3870=CARTESIAN_POINT('',(-0.00267074506841674,-0.00208479026193681,0.025));
#3871=CARTESIAN_POINT('',(-0.00292057759378361,-0.00171739808298136,-0.000529519292739324));
#3872=CARTESIAN_POINT('',(-0.00193814784596986,-0.0033881011875,-0.000405101471518365));
#3873=CARTESIAN_POINT('',(-4.14922727445922E-19,-0.0033881011875,-0.00028125));
#3874=CARTESIAN_POINT('',(0.00195612113264482,-0.0033881011875,-0.000156249999999999));
#3875=CARTESIAN_POINT('',(0.00293418169896722,-0.00169405059375,-3.12499999999992E-5));
#3876=CARTESIAN_POINT('',(0.00391224226528963,-4.61491417330447E-19,9.3750000000001E-5));
#3877=CARTESIAN_POINT('',(0.00293418169896722,0.00169405059375,0.00021875));
#3878=CARTESIAN_POINT('',(0.00195612113264482,0.0033881011875,0.000343750000000001));
#3879=CARTESIAN_POINT('',(0.,0.0033881011875,0.00046875));
#3880=CARTESIAN_POINT('',(-0.00195612113264482,0.0033881011875,0.00059375));
#3881=CARTESIAN_POINT('',(-0.00293418169896722,0.00169405059375,0.00071875));
#3882=CARTESIAN_POINT('',(-0.00391224226528963,4.96731576204741E-19,0.000843750000000001));
#3883=CARTESIAN_POINT('',(-0.00293418169896722,-0.00169405059375,0.00096875));
#3884=CARTESIAN_POINT('',(-0.00195612113264482,-0.0033881011875,0.00109375));
#3885=CARTESIAN_POINT('',(-4.14922727445922E-19,-0.0033881011875,0.00121875));
#3886=CARTESIAN_POINT('',(0.00195612113264482,-0.0033881011875,0.00134375));
#3887=CARTESIAN_POINT('',(0.00293418169896722,-0.00169405059375,0.00146875));
#3888=CARTESIAN_POINT('',(0.00391224226528963,-4.61491417330447E-19,0.00159375));
#3889=CARTESIAN_POINT('',(0.00293418169896722,0.00169405059375,0.00171875));
#3890=CARTESIAN_POINT('',(0.00195612113264482,0.0033881011875,0.00184375));
#3891=CARTESIAN_POINT('',(0.,0.0033881011875,0.00196875));
#3892=CARTESIAN_POINT('',(-0.00195612113264482,0.0033881011875,0.00209375));
#3893=CARTESIAN_POINT('',(-0.00293418169896722,0.00169405059375,0.00221875));
#3894=CARTESIAN_POINT('',(-0.00391224226528963,4.96731576204741E-19,0.00234375));
#3895=CARTESIAN_POINT('',(-0.00293418169896722,-0.00169405059375,0.00246875));
#3896=CARTESIAN_POINT('',(-0.00195612113264482,-0.0033881011875,0.00259375));
#3897=CARTESIAN_POINT('',(-4.14922727445922E-19,-0.0033881011875,0.00271875));
#3898=CARTESIAN_POINT('',(0.00195612113264482,-0.0033881011875,0.00284375));
#3899=CARTESIAN_POINT('',(0.00293418169896722,-0.00169405059375,0.00296875));
#3900=CARTESIAN_POINT('',(0.00391224226528963,-4.61491417330447E-19,0.00309375));
#3901=CARTESIAN_POINT('',(0.00293418169896722,0.00169405059375,0.00321875));
#3902=CARTESIAN_POINT('',(0.00195612113264482,0.0033881011875,0.00334375));
#3903=CARTESIAN_POINT('',(0.,0.0033881011875,0.00346875));
#3904=CARTESIAN_POINT('',(-0.00195612113264482,0.0033881011875,0.00359375));
#3905=CARTESIAN_POINT('',(-0.00293418169896722,0.00169405059375,0.00371875));
#3906=CARTESIAN_POINT('',(-0.00391224226528963,4.96731576204741E-19,0.00384375));
#3907=CARTESIAN_POINT('',(-0.00293418169896722,-0.00169405059375,0.00396875));
#3908=CARTESIAN_POINT('',(-0.00195612113264482,-0.0033881011875,0.00409375));
#3909=CARTESIAN_POINT('',(-4.14922727445922E-19,-0.0033881011875,0.00421875));
#3910=CARTESIAN_POINT('',(0.00195612113264482,-0.0033881011875,0.00434375));
#3911=CARTESIAN_POINT('',(0.00293418169896722,-0.00169405059375,0.00446875));
#3912=CARTESIAN_POINT('',(0.00391224226528963,-4.61491417330447E-19,0.00459375));
#3913=CARTESIAN_POINT('',(0.00293418169896722,0.00169405059375,0.00471875));
#3914=CARTESIAN_POINT('',(0.00195612113264482,0.0033881011875,0.00484375));
#3915=CARTESIAN_POINT('',(0.,0.0033881011875,0.00496875));
#3916=CARTESIAN_POINT('',(-0.00195612113264482,0.0033881011875,0.00509375));
#3917=CARTESIAN_POINT('',(-0.00293418169896722,0.00169405059375,0.00521875));
#3918=CARTESIAN_POINT('',(-0.00391224226528963,4.96731576204741E-19,0.00534375000000001));
#3919=CARTESIAN_POINT('',(-0.00293418169896722,-0.00169405059375,0.00546875));
#3920=CARTESIAN_POINT('',(-0.00195612113264482,-0.0033881011875,0.00559375));
#3921=CARTESIAN_POINT('',(-4.14922727445922E-19,-0.0033881011875,0.00571875));
#3922=CARTESIAN_POINT('',(0.00195612113264482,-0.0033881011875,0.00584375000000001));
#3923=CARTESIAN_POINT('',(0.00293418169896722,-0.00169405059375,0.00596875));
#3924=CARTESIAN_POINT('',(0.00391224226528963,-4.61491417330447E-19,0.00609375000000001));
#3925=CARTESIAN_POINT('',(0.00293418169896722,0.00169405059375,0.00621875));
#3926=CARTESIAN_POINT('',(0.00195612113264482,0.0033881011875,0.00634375000000001));
#3927=CARTESIAN_POINT('',(0.,0.0033881011875,0.00646875));
#3928=CARTESIAN_POINT('',(-0.00195612113264482,0.0033881011875,0.00659375));
#3929=CARTESIAN_POINT('',(-0.00293418169896722,0.00169405059375,0.00671875));
#3930=CARTESIAN_POINT('',(-0.00391224226528963,4.96731576204741E-19,0.00684375));
#3931=CARTESIAN_POINT('',(-0.00293418169896722,-0.00169405059375,0.00696875));
#3932=CARTESIAN_POINT('',(-0.00195612113264482,-0.0033881011875,0.00709375));
#3933=CARTESIAN_POINT('',(-4.14922727445922E-19,-0.0033881011875,0.00721875));
#3934=CARTESIAN_POINT('',(0.00195612113264482,-0.0033881011875,0.00734375));
#3935=CARTESIAN_POINT('',(0.00293418169896722,-0.00169405059375,0.00746875));
#3936=CARTESIAN_POINT('',(0.00391224226528963,-4.61491417330447E-19,0.00759375));
#3937=CARTESIAN_POINT('',(0.00293418169896722,0.00169405059375,0.00771875));
#3938=CARTESIAN_POINT('',(0.00195612113264482,0.0033881011875,0.00784375));
#3939=CARTESIAN_POINT('',(0.,0.0033881011875,0.00796875));
#3940=CARTESIAN_POINT('',(-0.00195612113264482,0.0033881011875,0.00809375));
#3941=CARTESIAN_POINT('',(-0.00293418169896722,0.00169405059375,0.00821875));
#3942=CARTESIAN_POINT('',(-0.00391224226528963,4.96731576204741E-19,0.00834375));
#3943=CARTESIAN_POINT('',(-0.00293418169896722,-0.00169405059375,0.00846875));
#3944=CARTESIAN_POINT('',(-0.00195612113264482,-0.0033881011875,0.00859375));
#3945=CARTESIAN_POINT('',(-4.14922727445922E-19,-0.0033881011875,0.00871875));
#3946=CARTESIAN_POINT('',(0.00195612113264482,-0.0033881011875,0.00884375));
#3947=CARTESIAN_POINT('',(0.00293418169896722,-0.00169405059375,0.00896875));
#3948=CARTESIAN_POINT('',(0.00391224226528963,-4.61491417330447E-19,0.00909375));
#3949=CARTESIAN_POINT('',(0.00293418169896722,0.00169405059375,0.00921875));
#3950=CARTESIAN_POINT('',(0.00195612113264482,0.0033881011875,0.00934375));
#3951=CARTESIAN_POINT('',(0.,0.0033881011875,0.00946875));
#3952=CARTESIAN_POINT('',(-0.00195612113264482,0.0033881011875,0.00959375));
#3953=CARTESIAN_POINT('',(-0.00293418169896722,0.00169405059375,0.00971875));
#3954=CARTESIAN_POINT('',(-0.00391224226528963,4.96731576204741E-19,0.00984375));
#3955=CARTESIAN_POINT('',(-0.00293418169896722,-0.00169405059375,0.00996875));
#3956=CARTESIAN_POINT('',(-0.00195612113264482,-0.0033881011875,0.01009375));
#3957=CARTESIAN_POINT('',(-4.14922727445922E-19,-0.0033881011875,0.01021875));
#3958=CARTESIAN_POINT('',(0.00195612113264482,-0.0033881011875,0.01034375));
#3959=CARTESIAN_POINT('',(0.00293418169896722,-0.00169405059375,0.01046875));
#3960=CARTESIAN_POINT('',(0.00391224226528963,-4.61491417330447E-19,0.01059375));
#3961=CARTESIAN_POINT('',(0.00293418169896722,0.00169405059375,0.01071875));
#3962=CARTESIAN_POINT('',(0.00195612113264482,0.0033881011875,0.01084375));
#3963=CARTESIAN_POINT('',(0.,0.0033881011875,0.01096875));
#3964=CARTESIAN_POINT('',(-0.00195612113264482,0.0033881011875,0.01109375));
#3965=CARTESIAN_POINT('',(-0.00293418169896722,0.00169405059375,0.01121875));
#3966=CARTESIAN_POINT('',(-0.00391224226528963,4.96731576204741E-19,0.01134375));
#3967=CARTESIAN_POINT('',(-0.00293418169896722,-0.00169405059375,0.01146875));
#3968=CARTESIAN_POINT('',(-0.00195612113264482,-0.0033881011875,0.01159375));
#3969=CARTESIAN_POINT('',(-4.14922727445922E-19,-0.0033881011875,0.01171875));
#3970=CARTESIAN_POINT('',(0.00195612113264482,-0.0033881011875,0.01184375));
#3971=CARTESIAN_POINT('',(0.00293418169896722,-0.00169405059375,0.01196875));
#3972=CARTESIAN_POINT('',(0.00391224226528963,-4.61491417330447E-19,0.01209375));
#3973=CARTESIAN_POINT('',(0.00293418169896722,0.00169405059375,0.01221875));
#3974=CARTESIAN_POINT('',(0.00195612113264482,0.0033881011875,0.01234375));
#3975=CARTESIAN_POINT('',(0.,0.0033881011875,0.01246875));
#3976=CARTESIAN_POINT('',(-0.00195612113264482,0.0033881011875,0.01259375));
#3977=CARTESIAN_POINT('',(-0.00293418169896722,0.00169405059375,0.01271875));
#3978=CARTESIAN_POINT('',(-0.00391224226528963,4.96731576204741E-19,0.01284375));
#3979=CARTESIAN_POINT('',(-0.00293418169896722,-0.00169405059375,0.01296875));
#3980=CARTESIAN_POINT('',(-0.00195612113264482,-0.0033881011875,0.01309375));
#3981=CARTESIAN_POINT('',(-4.14922727445922E-19,-0.0033881011875,0.01321875));
#3982=CARTESIAN_POINT('',(0.00195612113264482,-0.0033881011875,0.01334375));
#3983=CARTESIAN_POINT('',(0.00293418169896722,-0.00169405059375,0.01346875));
#3984=CARTESIAN_POINT('',(0.00391224226528963,-4.61491417330447E-19,0.01359375));
#3985=CARTESIAN_POINT('',(0.00293418169896722,0.00169405059375,0.01371875));
#3986=CARTESIAN_POINT('',(0.00195612113264482,0.0033881011875,0.01384375));
#3987=CARTESIAN_POINT('',(0.,0.0033881011875,0.01396875));
#3988=CARTESIAN_POINT('',(-0.00195612113264482,0.0033881011875,0.01409375));
#3989=CARTESIAN_POINT('',(-0.00293418169896722,0.00169405059375,0.01421875));
#3990=CARTESIAN_POINT('',(-0.00391224226528963,4.96731576204741E-19,0.01434375));
#3991=CARTESIAN_POINT('',(-0.00293418169896722,-0.00169405059375,0.01446875));
#3992=CARTESIAN_POINT('',(-0.00195612113264482,-0.0033881011875,0.01459375));
#3993=CARTESIAN_POINT('',(-4.14922727445922E-19,-0.0033881011875,0.01471875));
#3994=CARTESIAN_POINT('',(0.00195612113264482,-0.0033881011875,0.01484375));
#3995=CARTESIAN_POINT('',(0.00293418169896722,-0.00169405059375,0.01496875));
#3996=CARTESIAN_POINT('',(0.00391224226528963,-4.61491417330447E-19,0.01509375));
#3997=CARTESIAN_POINT('',(0.00293418169896722,0.00169405059375,0.01521875));
#3998=CARTESIAN_POINT('',(0.00195612113264482,0.0033881011875,0.01534375));
#3999=CARTESIAN_POINT('',(0.,0.0033881011875,0.01546875));
#4000=CARTESIAN_POINT('',(-0.00195612113264482,0.0033881011875,0.01559375));
#4001=CARTESIAN_POINT('',(-0.00293418169896722,0.00169405059375,0.01571875));
#4002=CARTESIAN_POINT('',(-0.00391224226528963,4.96731576204741E-19,0.01584375));
#4003=CARTESIAN_POINT('',(-0.00293418169896722,-0.00169405059375,0.01596875));
#4004=CARTESIAN_POINT('',(-0.00195612113264482,-0.0033881011875,0.01609375));
#4005=CARTESIAN_POINT('',(-4.14922727445922E-19,-0.0033881011875,0.01621875));
#4006=CARTESIAN_POINT('',(0.00195612113264482,-0.0033881011875,0.01634375));
#4007=CARTESIAN_POINT('',(0.00293418169896722,-0.00169405059375,0.01646875));
#4008=CARTESIAN_POINT('',(0.00391224226528963,-4.61491417330447E-19,0.01659375));
#4009=CARTESIAN_POINT('',(0.00293418169896722,0.00169405059375,0.01671875));
#4010=CARTESIAN_POINT('',(0.00195612113264482,0.0033881011875,0.01684375));
#4011=CARTESIAN_POINT('',(0.,0.0033881011875,0.01696875));
#4012=CARTESIAN_POINT('',(-0.00195612113264482,0.0033881011875,0.01709375));
#4013=CARTESIAN_POINT('',(-0.00293418169896722,0.00169405059375,0.01721875));
#4014=CARTESIAN_POINT('',(-0.00391224226528963,4.96731576204741E-19,0.01734375));
#4015=CARTESIAN_POINT('',(-0.00293418169896722,-0.00169405059375,0.01746875));
#4016=CARTESIAN_POINT('',(-0.00195612113264482,-0.0033881011875,0.01759375));
#4017=CARTESIAN_POINT('',(-4.14922727445922E-19,-0.0033881011875,0.01771875));
#4018=CARTESIAN_POINT('',(0.00195612113264482,-0.0033881011875,0.01784375));
#4019=CARTESIAN_POINT('',(0.00293418169896722,-0.00169405059375,0.01796875));
#4020=CARTESIAN_POINT('',(0.00391224226528963,-4.61491417330447E-19,0.01809375));
#4021=CARTESIAN_POINT('',(0.00293418169896722,0.00169405059375,0.01821875));
#4022=CARTESIAN_POINT('',(0.00195612113264482,0.0033881011875,0.01834375));
#4023=CARTESIAN_POINT('',(0.,0.0033881011875,0.01846875));
#4024=CARTESIAN_POINT('',(-0.00195612113264482,0.0033881011875,0.01859375));
#4025=CARTESIAN_POINT('',(-0.00293418169896722,0.00169405059375,0.01871875));
#4026=CARTESIAN_POINT('',(-0.00391224226528963,4.96731576204741E-19,0.01884375));
#4027=CARTESIAN_POINT('',(-0.00293418169896722,-0.00169405059375,0.01896875));
#4028=CARTESIAN_POINT('',(-0.00195612113264482,-0.0033881011875,0.01909375));
#4029=CARTESIAN_POINT('',(-4.14922727445922E-19,-0.0033881011875,0.01921875));
#4030=CARTESIAN_POINT('',(0.00195612113264482,-0.0033881011875,0.01934375));
#4031=CARTESIAN_POINT('',(0.00293418169896722,-0.00169405059375,0.01946875));
#4032=CARTESIAN_POINT('',(0.00391224226528963,-4.61491417330447E-19,0.01959375));
#4033=CARTESIAN_POINT('',(0.00293418169896722,0.00169405059375,0.01971875));
#4034=CARTESIAN_POINT('',(0.00195612113264482,0.0033881011875,0.01984375));
#4035=CARTESIAN_POINT('',(0.,0.0033881011875,0.01996875));
#4036=CARTESIAN_POINT('',(-0.00195612113264482,0.0033881011875,0.02009375));
#4037=CARTESIAN_POINT('',(-0.00293418169896722,0.00169405059375,0.02021875));
#4038=CARTESIAN_POINT('',(-0.00391224226528963,4.96731576204741E-19,0.02034375));
#4039=CARTESIAN_POINT('',(-0.00293418169896722,-0.00169405059375,0.02046875));
#4040=CARTESIAN_POINT('',(-0.00195612113264482,-0.0033881011875,0.02059375));
#4041=CARTESIAN_POINT('',(-4.14922727445922E-19,-0.0033881011875,0.02071875));
#4042=CARTESIAN_POINT('',(0.00195612113264482,-0.0033881011875,0.02084375));
#4043=CARTESIAN_POINT('',(0.00293418169896722,-0.00169405059375,0.02096875));
#4044=CARTESIAN_POINT('',(0.00391224226528963,-4.61491417330447E-19,0.02109375));
#4045=CARTESIAN_POINT('',(0.00293418169896722,0.00169405059375,0.02121875));
#4046=CARTESIAN_POINT('',(0.00195612113264482,0.0033881011875,0.02134375));
#4047=CARTESIAN_POINT('',(0.,0.0033881011875,0.02146875));
#4048=CARTESIAN_POINT('',(-0.00195612113264482,0.0033881011875,0.02159375));
#4049=CARTESIAN_POINT('',(-0.00293418169896722,0.00169405059375,0.02171875));
#4050=CARTESIAN_POINT('',(-0.00391224226528963,4.96731576204741E-19,0.02184375));
#4051=CARTESIAN_POINT('',(-0.00293418169896722,-0.00169405059375,0.02196875));
#4052=CARTESIAN_POINT('',(-0.00195612113264482,-0.0033881011875,0.02209375));
#4053=CARTESIAN_POINT('',(-4.14922727445922E-19,-0.0033881011875,0.02221875));
#4054=CARTESIAN_POINT('',(0.00195612113264482,-0.0033881011875,0.02234375));
#4055=CARTESIAN_POINT('',(0.00293418169896722,-0.00169405059375,0.02246875));
#4056=CARTESIAN_POINT('',(0.00391224226528963,-4.61491417330447E-19,0.02259375));
#4057=CARTESIAN_POINT('',(0.00293418169896722,0.00169405059375,0.02271875));
#4058=CARTESIAN_POINT('',(0.00195612113264482,0.0033881011875,0.02284375));
#4059=CARTESIAN_POINT('',(0.,0.0033881011875,0.02296875));
#4060=CARTESIAN_POINT('',(-0.00195612113264482,0.0033881011875,0.02309375));
#4061=CARTESIAN_POINT('',(-0.00293418169896722,0.00169405059375,0.02321875));
#4062=CARTESIAN_POINT('',(-0.00391224226528963,4.96731576204741E-19,0.02334375));
#4063=CARTESIAN_POINT('',(-0.00293418169896722,-0.00169405059375,0.02346875));
#4064=CARTESIAN_POINT('',(-0.00195612113264482,-0.0033881011875,0.02359375));
#4065=CARTESIAN_POINT('',(-4.14922727445922E-19,-0.0033881011875,0.02371875));
#4066=CARTESIAN_POINT('',(0.00195612113264482,-0.0033881011875,0.02384375));
#4067=CARTESIAN_POINT('',(0.00293418169896722,-0.00169405059375,0.02396875));
#4068=CARTESIAN_POINT('',(0.00391224226528963,-4.61491417330447E-19,0.02409375));
#4069=CARTESIAN_POINT('',(0.00293418169896722,0.00169405059375,0.02421875));
#4070=CARTESIAN_POINT('',(0.00195612113264482,0.0033881011875,0.02434375));
#4071=CARTESIAN_POINT('',(0.,0.0033881011875,0.02446875));
#4072=CARTESIAN_POINT('',(-0.00195612113264482,0.0033881011875,0.02459375));
#4073=CARTESIAN_POINT('',(-0.00293418169896722,0.00169405059375,0.02471875));
#4074=CARTESIAN_POINT('',(-0.00391224226528963,4.96731576204741E-19,0.02484375));
#4075=CARTESIAN_POINT('',(-0.00293418169896722,-0.00169405059375,0.02496875));
#4076=CARTESIAN_POINT('',(-0.00223214597383624,-0.00291001213840532,0.0250584729360461));
#4077=CARTESIAN_POINT('',(-0.000875793777396185,-0.00327295201862371,0.0251585367567275));
#4078=CARTESIAN_POINT('',(-0.0028210412364971,-0.00165886734935023,-0.000421185959250615));
#4079=CARTESIAN_POINT('',(-0.00187209372815387,-0.00327263113423395,-0.000296768138029657));
#4080=CARTESIAN_POINT('',(-4.00781724332958E-19,-0.00327263113423395,-0.000172916666511291));
#4081=CARTESIAN_POINT('',(0.00188945446630832,-0.00327263113423395,-4.79166665112918E-5));
#4082=CARTESIAN_POINT('',(0.00283418169946248,-0.00163631556711697,7.70833334887084E-5));
#4083=CARTESIAN_POINT('',(0.00377890893261664,-4.36998481468802E-19,0.000202083333488709));
#4084=CARTESIAN_POINT('',(0.00283418169946248,0.00163631556711697,0.000327083333488708));
#4085=CARTESIAN_POINT('',(0.00188945446630832,0.00327263113423395,0.000452083333488709));
#4086=CARTESIAN_POINT('',(0.,0.00327263113423395,0.000577083333488709));
#4087=CARTESIAN_POINT('',(-0.00188945446630832,0.00327263113423395,0.000702083333488708));
#4088=CARTESIAN_POINT('',(-0.00283418169946248,0.00163631556711697,0.000827083333488709));
#4089=CARTESIAN_POINT('',(-0.00377890893261664,4.8856726425086E-19,0.000952083333488709));
#4090=CARTESIAN_POINT('',(-0.00283418169946248,-0.00163631556711697,0.00107708333348871));
#4091=CARTESIAN_POINT('',(-0.00188945446630832,-0.00327263113423395,0.00120208333348871));
#4092=CARTESIAN_POINT('',(-4.00781724332958E-19,-0.00327263113423395,0.00132708333348871));
#4093=CARTESIAN_POINT('',(0.00188945446630832,-0.00327263113423395,0.00145208333348871));
#4094=CARTESIAN_POINT('',(0.00283418169946248,-0.00163631556711697,0.00157708333348871));
#4095=CARTESIAN_POINT('',(0.00377890893261664,-4.36998481468802E-19,0.00170208333348871));
#4096=CARTESIAN_POINT('',(0.00283418169946248,0.00163631556711697,0.00182708333348871));
#4097=CARTESIAN_POINT('',(0.00188945446630832,0.00327263113423395,0.00195208333348871));
#4098=CARTESIAN_POINT('',(0.,0.00327263113423395,0.00207708333348871));
#4099=CARTESIAN_POINT('',(-0.00188945446630832,0.00327263113423395,0.00220208333348871));
#4100=CARTESIAN_POINT('',(-0.00283418169946248,0.00163631556711697,0.00232708333348871));
#4101=CARTESIAN_POINT('',(-0.00377890893261664,4.8856726425086E-19,0.00245208333348871));
#4102=CARTESIAN_POINT('',(-0.00283418169946248,-0.00163631556711697,0.00257708333348871));
#4103=CARTESIAN_POINT('',(-0.00188945446630832,-0.00327263113423395,0.00270208333348871));
#4104=CARTESIAN_POINT('',(-4.00781724332958E-19,-0.00327263113423395,0.00282708333348871));
#4105=CARTESIAN_POINT('',(0.00188945446630832,-0.00327263113423395,0.00295208333348871));
#4106=CARTESIAN_POINT('',(0.00283418169946248,-0.00163631556711697,0.00307708333348871));
#4107=CARTESIAN_POINT('',(0.00377890893261664,-4.36998481468802E-19,0.00320208333348871));
#4108=CARTESIAN_POINT('',(0.00283418169946248,0.00163631556711697,0.00332708333348871));
#4109=CARTESIAN_POINT('',(0.00188945446630832,0.00327263113423395,0.00345208333348871));
#4110=CARTESIAN_POINT('',(0.,0.00327263113423395,0.00357708333348871));
#4111=CARTESIAN_POINT('',(-0.00188945446630832,0.00327263113423395,0.00370208333348871));
#4112=CARTESIAN_POINT('',(-0.00283418169946248,0.00163631556711697,0.00382708333348871));
#4113=CARTESIAN_POINT('',(-0.00377890893261664,4.8856726425086E-19,0.00395208333348871));
#4114=CARTESIAN_POINT('',(-0.00283418169946248,-0.00163631556711697,0.00407708333348871));
#4115=CARTESIAN_POINT('',(-0.00188945446630832,-0.00327263113423395,0.00420208333348871));
#4116=CARTESIAN_POINT('',(-4.00781724332958E-19,-0.00327263113423395,0.00432708333348871));
#4117=CARTESIAN_POINT('',(0.00188945446630832,-0.00327263113423395,0.00445208333348871));
#4118=CARTESIAN_POINT('',(0.00283418169946248,-0.00163631556711697,0.00457708333348871));
#4119=CARTESIAN_POINT('',(0.00377890893261664,-4.36998481468802E-19,0.00470208333348871));
#4120=CARTESIAN_POINT('',(0.00283418169946248,0.00163631556711697,0.00482708333348871));
#4121=CARTESIAN_POINT('',(0.00188945446630832,0.00327263113423395,0.00495208333348871));
#4122=CARTESIAN_POINT('',(0.,0.00327263113423395,0.00507708333348871));
#4123=CARTESIAN_POINT('',(-0.00188945446630832,0.00327263113423395,0.00520208333348871));
#4124=CARTESIAN_POINT('',(-0.00283418169946248,0.00163631556711697,0.00532708333348871));
#4125=CARTESIAN_POINT('',(-0.00377890893261664,4.8856726425086E-19,0.00545208333348871));
#4126=CARTESIAN_POINT('',(-0.00283418169946248,-0.00163631556711697,0.00557708333348871));
#4127=CARTESIAN_POINT('',(-0.00188945446630832,-0.00327263113423395,0.00570208333348871));
#4128=CARTESIAN_POINT('',(-4.00781724332958E-19,-0.00327263113423395,0.00582708333348871));
#4129=CARTESIAN_POINT('',(0.00188945446630832,-0.00327263113423395,0.00595208333348871));
#4130=CARTESIAN_POINT('',(0.00283418169946248,-0.00163631556711697,0.00607708333348872));
#4131=CARTESIAN_POINT('',(0.00377890893261664,-4.36998481468802E-19,0.00620208333348871));
#4132=CARTESIAN_POINT('',(0.00283418169946248,0.00163631556711697,0.00632708333348872));
#4133=CARTESIAN_POINT('',(0.00188945446630832,0.00327263113423395,0.00645208333348871));
#4134=CARTESIAN_POINT('',(0.,0.00327263113423395,0.00657708333348872));
#4135=CARTESIAN_POINT('',(-0.00188945446630832,0.00327263113423395,0.00670208333348871));
#4136=CARTESIAN_POINT('',(-0.00283418169946248,0.00163631556711697,0.00682708333348871));
#4137=CARTESIAN_POINT('',(-0.00377890893261664,4.8856726425086E-19,0.00695208333348872));
#4138=CARTESIAN_POINT('',(-0.00283418169946248,-0.00163631556711697,0.00707708333348871));
#4139=CARTESIAN_POINT('',(-0.00188945446630832,-0.00327263113423395,0.00720208333348871));
#4140=CARTESIAN_POINT('',(-4.00781724332958E-19,-0.00327263113423395,0.00732708333348871));
#4141=CARTESIAN_POINT('',(0.00188945446630832,-0.00327263113423395,0.00745208333348872));
#4142=CARTESIAN_POINT('',(0.00283418169946248,-0.00163631556711697,0.00757708333348871));
#4143=CARTESIAN_POINT('',(0.00377890893261664,-4.36998481468802E-19,0.00770208333348871));
#4144=CARTESIAN_POINT('',(0.00283418169946248,0.00163631556711697,0.00782708333348871));
#4145=CARTESIAN_POINT('',(0.00188945446630832,0.00327263113423395,0.00795208333348872));
#4146=CARTESIAN_POINT('',(0.,0.00327263113423395,0.00807708333348871));
#4147=CARTESIAN_POINT('',(-0.00188945446630832,0.00327263113423395,0.00820208333348871));
#4148=CARTESIAN_POINT('',(-0.00283418169946248,0.00163631556711697,0.00832708333348871));
#4149=CARTESIAN_POINT('',(-0.00377890893261664,4.8856726425086E-19,0.00845208333348872));
#4150=CARTESIAN_POINT('',(-0.00283418169946248,-0.00163631556711697,0.00857708333348871));
#4151=CARTESIAN_POINT('',(-0.00188945446630832,-0.00327263113423395,0.00870208333348871));
#4152=CARTESIAN_POINT('',(-4.00781724332958E-19,-0.00327263113423395,0.00882708333348871));
#4153=CARTESIAN_POINT('',(0.00188945446630832,-0.00327263113423395,0.00895208333348872));
#4154=CARTESIAN_POINT('',(0.00283418169946248,-0.00163631556711697,0.00907708333348872));
#4155=CARTESIAN_POINT('',(0.00377890893261664,-4.36998481468802E-19,0.00920208333348871));
#4156=CARTESIAN_POINT('',(0.00283418169946248,0.00163631556711697,0.00932708333348872));
#4157=CARTESIAN_POINT('',(0.00188945446630832,0.00327263113423395,0.00945208333348872));
#4158=CARTESIAN_POINT('',(0.,0.00327263113423395,0.00957708333348872));
#4159=CARTESIAN_POINT('',(-0.00188945446630832,0.00327263113423395,0.00970208333348871));
#4160=CARTESIAN_POINT('',(-0.00283418169946248,0.00163631556711697,0.00982708333348872));
#4161=CARTESIAN_POINT('',(-0.00377890893261664,4.8856726425086E-19,0.00995208333348871));
#4162=CARTESIAN_POINT('',(-0.00283418169946248,-0.00163631556711697,0.0100770833334887));
#4163=CARTESIAN_POINT('',(-0.00188945446630832,-0.00327263113423395,0.0102020833334887));
#4164=CARTESIAN_POINT('',(-4.00781724332958E-19,-0.00327263113423395,0.0103270833334887));
#4165=CARTESIAN_POINT('',(0.00188945446630832,-0.00327263113423395,0.0104520833334887));
#4166=CARTESIAN_POINT('',(0.00283418169946248,-0.00163631556711697,0.0105770833334887));
#4167=CARTESIAN_POINT('',(0.00377890893261664,-4.36998481468802E-19,0.0107020833334887));
#4168=CARTESIAN_POINT('',(0.00283418169946248,0.00163631556711697,0.0108270833334887));
#4169=CARTESIAN_POINT('',(0.00188945446630832,0.00327263113423395,0.0109520833334887));
#4170=CARTESIAN_POINT('',(0.,0.00327263113423395,0.0110770833334887));
#4171=CARTESIAN_POINT('',(-0.00188945446630832,0.00327263113423395,0.0112020833334887));
#4172=CARTESIAN_POINT('',(-0.00283418169946248,0.00163631556711697,0.0113270833334887));
#4173=CARTESIAN_POINT('',(-0.00377890893261664,4.8856726425086E-19,0.0114520833334887));
#4174=CARTESIAN_POINT('',(-0.00283418169946248,-0.00163631556711697,0.0115770833334887));
#4175=CARTESIAN_POINT('',(-0.00188945446630832,-0.00327263113423395,0.0117020833334887));
#4176=CARTESIAN_POINT('',(-4.00781724332958E-19,-0.00327263113423395,0.0118270833334887));
#4177=CARTESIAN_POINT('',(0.00188945446630832,-0.00327263113423395,0.0119520833334887));
#4178=CARTESIAN_POINT('',(0.00283418169946248,-0.00163631556711697,0.0120770833334887));
#4179=CARTESIAN_POINT('',(0.00377890893261664,-4.36998481468802E-19,0.0122020833334887));
#4180=CARTESIAN_POINT('',(0.00283418169946248,0.00163631556711697,0.0123270833334887));
#4181=CARTESIAN_POINT('',(0.00188945446630832,0.00327263113423395,0.0124520833334887));
#4182=CARTESIAN_POINT('',(0.,0.00327263113423395,0.0125770833334887));
#4183=CARTESIAN_POINT('',(-0.00188945446630832,0.00327263113423395,0.0127020833334887));
#4184=CARTESIAN_POINT('',(-0.00283418169946248,0.00163631556711697,0.0128270833334887));
#4185=CARTESIAN_POINT('',(-0.00377890893261664,4.8856726425086E-19,0.0129520833334887));
#4186=CARTESIAN_POINT('',(-0.00283418169946248,-0.00163631556711697,0.0130770833334887));
#4187=CARTESIAN_POINT('',(-0.00188945446630832,-0.00327263113423395,0.0132020833334887));
#4188=CARTESIAN_POINT('',(-4.00781724332958E-19,-0.00327263113423395,0.0133270833334887));
#4189=CARTESIAN_POINT('',(0.00188945446630832,-0.00327263113423395,0.0134520833334887));
#4190=CARTESIAN_POINT('',(0.00283418169946248,-0.00163631556711697,0.0135770833334887));
#4191=CARTESIAN_POINT('',(0.00377890893261664,-4.36998481468802E-19,0.0137020833334887));
#4192=CARTESIAN_POINT('',(0.00283418169946248,0.00163631556711697,0.0138270833334887));
#4193=CARTESIAN_POINT('',(0.00188945446630832,0.00327263113423395,0.0139520833334887));
#4194=CARTESIAN_POINT('',(0.,0.00327263113423395,0.0140770833334887));
#4195=CARTESIAN_POINT('',(-0.00188945446630832,0.00327263113423395,0.0142020833334887));
#4196=CARTESIAN_POINT('',(-0.00283418169946248,0.00163631556711697,0.0143270833334887));
#4197=CARTESIAN_POINT('',(-0.00377890893261664,4.8856726425086E-19,0.0144520833334887));
#4198=CARTESIAN_POINT('',(-0.00283418169946248,-0.00163631556711697,0.0145770833334887));
#4199=CARTESIAN_POINT('',(-0.00188945446630832,-0.00327263113423395,0.0147020833334887));
#4200=CARTESIAN_POINT('',(-4.00781724332958E-19,-0.00327263113423395,0.0148270833334887));
#4201=CARTESIAN_POINT('',(0.00188945446630832,-0.00327263113423395,0.0149520833334887));
#4202=CARTESIAN_POINT('',(0.00283418169946248,-0.00163631556711697,0.0150770833334887));
#4203=CARTESIAN_POINT('',(0.00377890893261664,-4.36998481468802E-19,0.0152020833334887));
#4204=CARTESIAN_POINT('',(0.00283418169946248,0.00163631556711697,0.0153270833334887));
#4205=CARTESIAN_POINT('',(0.00188945446630832,0.00327263113423395,0.0154520833334887));
#4206=CARTESIAN_POINT('',(0.,0.00327263113423395,0.0155770833334887));
#4207=CARTESIAN_POINT('',(-0.00188945446630832,0.00327263113423395,0.0157020833334887));
#4208=CARTESIAN_POINT('',(-0.00283418169946248,0.00163631556711697,0.0158270833334887));
#4209=CARTESIAN_POINT('',(-0.00377890893261664,4.8856726425086E-19,0.0159520833334887));
#4210=CARTESIAN_POINT('',(-0.00283418169946248,-0.00163631556711697,0.0160770833334887));
#4211=CARTESIAN_POINT('',(-0.00188945446630832,-0.00327263113423395,0.0162020833334887));
#4212=CARTESIAN_POINT('',(-4.00781724332958E-19,-0.00327263113423395,0.0163270833334887));
#4213=CARTESIAN_POINT('',(0.00188945446630832,-0.00327263113423395,0.0164520833334887));
#4214=CARTESIAN_POINT('',(0.00283418169946248,-0.00163631556711697,0.0165770833334887));
#4215=CARTESIAN_POINT('',(0.00377890893261664,-4.36998481468802E-19,0.0167020833334887));
#4216=CARTESIAN_POINT('',(0.00283418169946248,0.00163631556711697,0.0168270833334887));
#4217=CARTESIAN_POINT('',(0.00188945446630832,0.00327263113423395,0.0169520833334887));
#4218=CARTESIAN_POINT('',(0.,0.00327263113423395,0.0170770833334887));
#4219=CARTESIAN_POINT('',(-0.00188945446630832,0.00327263113423395,0.0172020833334887));
#4220=CARTESIAN_POINT('',(-0.00283418169946248,0.00163631556711697,0.0173270833334887));
#4221=CARTESIAN_POINT('',(-0.00377890893261664,4.8856726425086E-19,0.0174520833334887));
#4222=CARTESIAN_POINT('',(-0.00283418169946248,-0.00163631556711697,0.0175770833334887));
#4223=CARTESIAN_POINT('',(-0.00188945446630832,-0.00327263113423395,0.0177020833334887));
#4224=CARTESIAN_POINT('',(-4.00781724332958E-19,-0.00327263113423395,0.0178270833334887));
#4225=CARTESIAN_POINT('',(0.00188945446630832,-0.00327263113423395,0.0179520833334887));
#4226=CARTESIAN_POINT('',(0.00283418169946248,-0.00163631556711697,0.0180770833334887));
#4227=CARTESIAN_POINT('',(0.00377890893261664,-4.36998481468802E-19,0.0182020833334887));
#4228=CARTESIAN_POINT('',(0.00283418169946248,0.00163631556711697,0.0183270833334887));
#4229=CARTESIAN_POINT('',(0.00188945446630832,0.00327263113423395,0.0184520833334887));
#4230=CARTESIAN_POINT('',(0.,0.00327263113423395,0.0185770833334887));
#4231=CARTESIAN_POINT('',(-0.00188945446630832,0.00327263113423395,0.0187020833334887));
#4232=CARTESIAN_POINT('',(-0.00283418169946248,0.00163631556711697,0.0188270833334887));
#4233=CARTESIAN_POINT('',(-0.00377890893261664,4.8856726425086E-19,0.0189520833334887));
#4234=CARTESIAN_POINT('',(-0.00283418169946248,-0.00163631556711697,0.0190770833334887));
#4235=CARTESIAN_POINT('',(-0.00188945446630832,-0.00327263113423395,0.0192020833334887));
#4236=CARTESIAN_POINT('',(-4.00781724332958E-19,-0.00327263113423395,0.0193270833334887));
#4237=CARTESIAN_POINT('',(0.00188945446630832,-0.00327263113423395,0.0194520833334887));
#4238=CARTESIAN_POINT('',(0.00283418169946248,-0.00163631556711697,0.0195770833334887));
#4239=CARTESIAN_POINT('',(0.00377890893261664,-4.36998481468802E-19,0.0197020833334887));
#4240=CARTESIAN_POINT('',(0.00283418169946248,0.00163631556711697,0.0198270833334887));
#4241=CARTESIAN_POINT('',(0.00188945446630832,0.00327263113423395,0.0199520833334887));
#4242=CARTESIAN_POINT('',(0.,0.00327263113423395,0.0200770833334887));
#4243=CARTESIAN_POINT('',(-0.00188945446630832,0.00327263113423395,0.0202020833334887));
#4244=CARTESIAN_POINT('',(-0.00283418169946248,0.00163631556711697,0.0203270833334887));
#4245=CARTESIAN_POINT('',(-0.00377890893261664,4.8856726425086E-19,0.0204520833334887));
#4246=CARTESIAN_POINT('',(-0.00283418169946248,-0.00163631556711697,0.0205770833334887));
#4247=CARTESIAN_POINT('',(-0.00188945446630832,-0.00327263113423395,0.0207020833334887));
#4248=CARTESIAN_POINT('',(-4.00781724332958E-19,-0.00327263113423395,0.0208270833334887));
#4249=CARTESIAN_POINT('',(0.00188945446630832,-0.00327263113423395,0.0209520833334887));
#4250=CARTESIAN_POINT('',(0.00283418169946248,-0.00163631556711697,0.0210770833334887));
#4251=CARTESIAN_POINT('',(0.00377890893261664,-4.36998481468802E-19,0.0212020833334887));
#4252=CARTESIAN_POINT('',(0.00283418169946248,0.00163631556711697,0.0213270833334887));
#4253=CARTESIAN_POINT('',(0.00188945446630832,0.00327263113423395,0.0214520833334887));
#4254=CARTESIAN_POINT('',(0.,0.00327263113423395,0.0215770833334887));
#4255=CARTESIAN_POINT('',(-0.00188945446630832,0.00327263113423395,0.0217020833334887));
#4256=CARTESIAN_POINT('',(-0.00283418169946248,0.00163631556711697,0.0218270833334887));
#4257=CARTESIAN_POINT('',(-0.00377890893261664,4.8856726425086E-19,0.0219520833334887));
#4258=CARTESIAN_POINT('',(-0.00283418169946248,-0.00163631556711697,0.0220770833334887));
#4259=CARTESIAN_POINT('',(-0.00188945446630832,-0.00327263113423395,0.0222020833334887));
#4260=CARTESIAN_POINT('',(-4.00781724332958E-19,-0.00327263113423395,0.0223270833334887));
#4261=CARTESIAN_POINT('',(0.00188945446630832,-0.00327263113423395,0.0224520833334887));
#4262=CARTESIAN_POINT('',(0.00283418169946248,-0.00163631556711697,0.0225770833334887));
#4263=CARTESIAN_POINT('',(0.00377890893261664,-4.36998481468802E-19,0.0227020833334887));
#4264=CARTESIAN_POINT('',(0.00283418169946248,0.00163631556711697,0.0228270833334887));
#4265=CARTESIAN_POINT('',(0.00188945446630832,0.00327263113423395,0.0229520833334887));
#4266=CARTESIAN_POINT('',(0.,0.00327263113423395,0.0230770833334887));
#4267=CARTESIAN_POINT('',(-0.00188945446630832,0.00327263113423395,0.0232020833334887));
#4268=CARTESIAN_POINT('',(-0.00283418169946248,0.00163631556711697,0.0233270833334887));
#4269=CARTESIAN_POINT('',(-0.00377890893261664,4.8856726425086E-19,0.0234520833334887));
#4270=CARTESIAN_POINT('',(-0.00283418169946248,-0.00163631556711697,0.0235770833334887));
#4271=CARTESIAN_POINT('',(-0.00188945446630832,-0.00327263113423395,0.0237020833334887));
#4272=CARTESIAN_POINT('',(-4.00781724332958E-19,-0.00327263113423395,0.0238270833334887));
#4273=CARTESIAN_POINT('',(0.00188945446630832,-0.00327263113423395,0.0239520833334888));
#4274=CARTESIAN_POINT('',(0.00283418169946248,-0.00163631556711697,0.0240770833334887));
#4275=CARTESIAN_POINT('',(0.00377890893261664,-4.36998481468802E-19,0.0242020833334887));
#4276=CARTESIAN_POINT('',(0.00283418169946248,0.00163631556711697,0.0243270833334887));
#4277=CARTESIAN_POINT('',(0.00188945446630832,0.00327263113423395,0.0244520833334887));
#4278=CARTESIAN_POINT('',(0.,0.00327263113423395,0.0245770833334887));
#4279=CARTESIAN_POINT('',(-0.00188945446630832,0.00327263113423395,0.0247020833334887));
#4280=CARTESIAN_POINT('',(-0.00283418169946248,0.00163631556711697,0.0248270833334887));
#4281=CARTESIAN_POINT('',(-0.00377890893261664,4.8856726425086E-19,0.0249520833334887));
#4282=CARTESIAN_POINT('',(-0.00283418169946248,-0.00163631556711697,0.0250770833334887));
#4283=CARTESIAN_POINT('',(-0.00215607209049197,-0.00281083586295456,0.0251668062695348));
#4284=CARTESIAN_POINT('',(-0.000845945803994708,-0.00316140637018735,0.0252668700902162));
#4285=CARTESIAN_POINT('',(-0.0028210412364971,-0.00165886734935023,-0.00026285262622803));
#4286=CARTESIAN_POINT('',(-0.00187209372815387,-0.00327263113423395,-0.000138434805007072));
#4287=CARTESIAN_POINT('',(-4.00781724332958E-19,-0.00327263113423395,-1.45833334887061E-5));
#4288=CARTESIAN_POINT('',(0.00188945446630832,-0.00327263113423395,0.000110416666511294));
#4289=CARTESIAN_POINT('',(0.00283418169946248,-0.00163631556711697,0.000235416666511294));
#4290=CARTESIAN_POINT('',(0.00377890893261664,-4.36998481468802E-19,0.000360416666511294));
#4291=CARTESIAN_POINT('',(0.00283418169946248,0.00163631556711697,0.000485416666511294));
#4292=CARTESIAN_POINT('',(0.00188945446630832,0.00327263113423395,0.000610416666511294));
#4293=CARTESIAN_POINT('',(0.,0.00327263113423395,0.000735416666511294));
#4294=CARTESIAN_POINT('',(-0.00188945446630832,0.00327263113423395,0.000860416666511294));
#4295=CARTESIAN_POINT('',(-0.00283418169946248,0.00163631556711697,0.000985416666511295));
#4296=CARTESIAN_POINT('',(-0.00377890893261664,4.8856726425086E-19,0.00111041666651129));
#4297=CARTESIAN_POINT('',(-0.00283418169946248,-0.00163631556711697,0.00123541666651129));
#4298=CARTESIAN_POINT('',(-0.00188945446630832,-0.00327263113423395,0.00136041666651129));
#4299=CARTESIAN_POINT('',(-4.00781724332958E-19,-0.00327263113423395,0.00148541666651129));
#4300=CARTESIAN_POINT('',(0.00188945446630832,-0.00327263113423395,0.00161041666651129));
#4301=CARTESIAN_POINT('',(0.00283418169946248,-0.00163631556711697,0.00173541666651129));
#4302=CARTESIAN_POINT('',(0.00377890893261664,-4.36998481468802E-19,0.0018604166665113));
#4303=CARTESIAN_POINT('',(0.00283418169946248,0.00163631556711697,0.00198541666651129));
#4304=CARTESIAN_POINT('',(0.00188945446630832,0.00327263113423395,0.00211041666651129));
#4305=CARTESIAN_POINT('',(0.,0.00327263113423395,0.00223541666651129));
#4306=CARTESIAN_POINT('',(-0.00188945446630832,0.00327263113423395,0.0023604166665113));
#4307=CARTESIAN_POINT('',(-0.00283418169946248,0.00163631556711697,0.00248541666651129));
#4308=CARTESIAN_POINT('',(-0.00377890893261664,4.8856726425086E-19,0.0026104166665113));
#4309=CARTESIAN_POINT('',(-0.00283418169946248,-0.00163631556711697,0.0027354166665113));
#4310=CARTESIAN_POINT('',(-0.00188945446630832,-0.00327263113423395,0.0028604166665113));
#4311=CARTESIAN_POINT('',(-4.00781724332958E-19,-0.00327263113423395,0.0029854166665113));
#4312=CARTESIAN_POINT('',(0.00188945446630832,-0.00327263113423395,0.00311041666651129));
#4313=CARTESIAN_POINT('',(0.00283418169946248,-0.00163631556711697,0.00323541666651129));
#4314=CARTESIAN_POINT('',(0.00377890893261664,-4.36998481468802E-19,0.00336041666651129));
#4315=CARTESIAN_POINT('',(0.00283418169946248,0.00163631556711697,0.00348541666651129));
#4316=CARTESIAN_POINT('',(0.00188945446630832,0.00327263113423395,0.00361041666651129));
#4317=CARTESIAN_POINT('',(0.,0.00327263113423395,0.00373541666651129));
#4318=CARTESIAN_POINT('',(-0.00188945446630832,0.00327263113423395,0.00386041666651129));
#4319=CARTESIAN_POINT('',(-0.00283418169946248,0.00163631556711697,0.0039854166665113));
#4320=CARTESIAN_POINT('',(-0.00377890893261664,4.8856726425086E-19,0.00411041666651129));
#4321=CARTESIAN_POINT('',(-0.00283418169946248,-0.00163631556711697,0.0042354166665113));
#4322=CARTESIAN_POINT('',(-0.00188945446630832,-0.00327263113423395,0.00436041666651129));
#4323=CARTESIAN_POINT('',(-4.00781724332958E-19,-0.00327263113423395,0.0044854166665113));
#4324=CARTESIAN_POINT('',(0.00188945446630832,-0.00327263113423395,0.00461041666651129));
#4325=CARTESIAN_POINT('',(0.00283418169946248,-0.00163631556711697,0.0047354166665113));
#4326=CARTESIAN_POINT('',(0.00377890893261664,-4.36998481468802E-19,0.00486041666651129));
#4327=CARTESIAN_POINT('',(0.00283418169946248,0.00163631556711697,0.00498541666651129));
#4328=CARTESIAN_POINT('',(0.00188945446630832,0.00327263113423395,0.0051104166665113));
#4329=CARTESIAN_POINT('',(0.,0.00327263113423395,0.00523541666651129));
#4330=CARTESIAN_POINT('',(-0.00188945446630832,0.00327263113423395,0.0053604166665113));
#4331=CARTESIAN_POINT('',(-0.00283418169946248,0.00163631556711697,0.0054854166665113));
#4332=CARTESIAN_POINT('',(-0.00377890893261664,4.8856726425086E-19,0.0056104166665113));
#4333=CARTESIAN_POINT('',(-0.00283418169946248,-0.00163631556711697,0.00573541666651129));
#4334=CARTESIAN_POINT('',(-0.00188945446630832,-0.00327263113423395,0.0058604166665113));
#4335=CARTESIAN_POINT('',(-4.00781724332958E-19,-0.00327263113423395,0.00598541666651129));
#4336=CARTESIAN_POINT('',(0.00188945446630832,-0.00327263113423395,0.0061104166665113));
#4337=CARTESIAN_POINT('',(0.00283418169946248,-0.00163631556711697,0.0062354166665113));
#4338=CARTESIAN_POINT('',(0.00377890893261664,-4.36998481468802E-19,0.0063604166665113));
#4339=CARTESIAN_POINT('',(0.00283418169946248,0.00163631556711697,0.0064854166665113));
#4340=CARTESIAN_POINT('',(0.00188945446630832,0.00327263113423395,0.0066104166665113));
#4341=CARTESIAN_POINT('',(0.,0.00327263113423395,0.0067354166665113));
#4342=CARTESIAN_POINT('',(-0.00188945446630832,0.00327263113423395,0.0068604166665113));
#4343=CARTESIAN_POINT('',(-0.00283418169946248,0.00163631556711697,0.0069854166665113));
#4344=CARTESIAN_POINT('',(-0.00377890893261664,4.8856726425086E-19,0.0071104166665113));
#4345=CARTESIAN_POINT('',(-0.00283418169946248,-0.00163631556711697,0.0072354166665113));
#4346=CARTESIAN_POINT('',(-0.00188945446630832,-0.00327263113423395,0.0073604166665113));
#4347=CARTESIAN_POINT('',(-4.00781724332958E-19,-0.00327263113423395,0.0074854166665113));
#4348=CARTESIAN_POINT('',(0.00188945446630832,-0.00327263113423395,0.0076104166665113));
#4349=CARTESIAN_POINT('',(0.00283418169946248,-0.00163631556711697,0.0077354166665113));
#4350=CARTESIAN_POINT('',(0.00377890893261664,-4.36998481468802E-19,0.0078604166665113));
#4351=CARTESIAN_POINT('',(0.00283418169946248,0.00163631556711697,0.0079854166665113));
#4352=CARTESIAN_POINT('',(0.00188945446630832,0.00327263113423395,0.00811041666651129));
#4353=CARTESIAN_POINT('',(0.,0.00327263113423395,0.00823541666651129));
#4354=CARTESIAN_POINT('',(-0.00188945446630832,0.00327263113423395,0.0083604166665113));
#4355=CARTESIAN_POINT('',(-0.00283418169946248,0.00163631556711697,0.00848541666651129));
#4356=CARTESIAN_POINT('',(-0.00377890893261664,4.8856726425086E-19,0.0086104166665113));
#4357=CARTESIAN_POINT('',(-0.00283418169946248,-0.00163631556711697,0.00873541666651129));
#4358=CARTESIAN_POINT('',(-0.00188945446630832,-0.00327263113423395,0.0088604166665113));
#4359=CARTESIAN_POINT('',(-4.00781724332958E-19,-0.00327263113423395,0.00898541666651129));
#4360=CARTESIAN_POINT('',(0.00188945446630832,-0.00327263113423395,0.00911041666651129));
#4361=CARTESIAN_POINT('',(0.00283418169946248,-0.00163631556711697,0.0092354166665113));
#4362=CARTESIAN_POINT('',(0.00377890893261664,-4.36998481468802E-19,0.0093604166665113));
#4363=CARTESIAN_POINT('',(0.00283418169946248,0.00163631556711697,0.0094854166665113));
#4364=CARTESIAN_POINT('',(0.00188945446630832,0.00327263113423395,0.00961041666651129));
#4365=CARTESIAN_POINT('',(0.,0.00327263113423395,0.0097354166665113));
#4366=CARTESIAN_POINT('',(-0.00188945446630832,0.00327263113423395,0.0098604166665113));
#4367=CARTESIAN_POINT('',(-0.00283418169946248,0.00163631556711697,0.0099854166665113));
#4368=CARTESIAN_POINT('',(-0.00377890893261664,4.8856726425086E-19,0.0101104166665113));
#4369=CARTESIAN_POINT('',(-0.00283418169946248,-0.00163631556711697,0.0102354166665113));
#4370=CARTESIAN_POINT('',(-0.00188945446630832,-0.00327263113423395,0.0103604166665113));
#4371=CARTESIAN_POINT('',(-4.00781724332958E-19,-0.00327263113423395,0.0104854166665113));
#4372=CARTESIAN_POINT('',(0.00188945446630832,-0.00327263113423395,0.0106104166665113));
#4373=CARTESIAN_POINT('',(0.00283418169946248,-0.00163631556711697,0.0107354166665113));
#4374=CARTESIAN_POINT('',(0.00377890893261664,-4.36998481468802E-19,0.0108604166665113));
#4375=CARTESIAN_POINT('',(0.00283418169946248,0.00163631556711697,0.0109854166665113));
#4376=CARTESIAN_POINT('',(0.00188945446630832,0.00327263113423395,0.0111104166665113));
#4377=CARTESIAN_POINT('',(0.,0.00327263113423395,0.0112354166665113));
#4378=CARTESIAN_POINT('',(-0.00188945446630832,0.00327263113423395,0.0113604166665113));
#4379=CARTESIAN_POINT('',(-0.00283418169946248,0.00163631556711697,0.0114854166665113));
#4380=CARTESIAN_POINT('',(-0.00377890893261664,4.8856726425086E-19,0.0116104166665113));
#4381=CARTESIAN_POINT('',(-0.00283418169946248,-0.00163631556711697,0.0117354166665113));
#4382=CARTESIAN_POINT('',(-0.00188945446630832,-0.00327263113423395,0.0118604166665113));
#4383=CARTESIAN_POINT('',(-4.00781724332958E-19,-0.00327263113423395,0.0119854166665113));
#4384=CARTESIAN_POINT('',(0.00188945446630832,-0.00327263113423395,0.0121104166665113));
#4385=CARTESIAN_POINT('',(0.00283418169946248,-0.00163631556711697,0.0122354166665113));
#4386=CARTESIAN_POINT('',(0.00377890893261664,-4.36998481468802E-19,0.0123604166665113));
#4387=CARTESIAN_POINT('',(0.00283418169946248,0.00163631556711697,0.0124854166665113));
#4388=CARTESIAN_POINT('',(0.00188945446630832,0.00327263113423395,0.0126104166665113));
#4389=CARTESIAN_POINT('',(0.,0.00327263113423395,0.0127354166665113));
#4390=CARTESIAN_POINT('',(-0.00188945446630832,0.00327263113423395,0.0128604166665113));
#4391=CARTESIAN_POINT('',(-0.00283418169946248,0.00163631556711697,0.0129854166665113));
#4392=CARTESIAN_POINT('',(-0.00377890893261664,4.8856726425086E-19,0.0131104166665113));
#4393=CARTESIAN_POINT('',(-0.00283418169946248,-0.00163631556711697,0.0132354166665113));
#4394=CARTESIAN_POINT('',(-0.00188945446630832,-0.00327263113423395,0.0133604166665113));
#4395=CARTESIAN_POINT('',(-4.00781724332958E-19,-0.00327263113423395,0.0134854166665113));
#4396=CARTESIAN_POINT('',(0.00188945446630832,-0.00327263113423395,0.0136104166665113));
#4397=CARTESIAN_POINT('',(0.00283418169946248,-0.00163631556711697,0.0137354166665113));
#4398=CARTESIAN_POINT('',(0.00377890893261664,-4.36998481468802E-19,0.0138604166665113));
#4399=CARTESIAN_POINT('',(0.00283418169946248,0.00163631556711697,0.0139854166665113));
#4400=CARTESIAN_POINT('',(0.00188945446630832,0.00327263113423395,0.0141104166665113));
#4401=CARTESIAN_POINT('',(0.,0.00327263113423395,0.0142354166665113));
#4402=CARTESIAN_POINT('',(-0.00188945446630832,0.00327263113423395,0.0143604166665113));
#4403=CARTESIAN_POINT('',(-0.00283418169946248,0.00163631556711697,0.0144854166665113));
#4404=CARTESIAN_POINT('',(-0.00377890893261664,4.8856726425086E-19,0.0146104166665113));
#4405=CARTESIAN_POINT('',(-0.00283418169946248,-0.00163631556711697,0.0147354166665113));
#4406=CARTESIAN_POINT('',(-0.00188945446630832,-0.00327263113423395,0.0148604166665113));
#4407=CARTESIAN_POINT('',(-4.00781724332958E-19,-0.00327263113423395,0.0149854166665113));
#4408=CARTESIAN_POINT('',(0.00188945446630832,-0.00327263113423395,0.0151104166665113));
#4409=CARTESIAN_POINT('',(0.00283418169946248,-0.00163631556711697,0.0152354166665113));
#4410=CARTESIAN_POINT('',(0.00377890893261664,-4.36998481468802E-19,0.0153604166665113));
#4411=CARTESIAN_POINT('',(0.00283418169946248,0.00163631556711697,0.0154854166665113));
#4412=CARTESIAN_POINT('',(0.00188945446630832,0.00327263113423395,0.0156104166665113));
#4413=CARTESIAN_POINT('',(0.,0.00327263113423395,0.0157354166665113));
#4414=CARTESIAN_POINT('',(-0.00188945446630832,0.00327263113423395,0.0158604166665113));
#4415=CARTESIAN_POINT('',(-0.00283418169946248,0.00163631556711697,0.0159854166665113));
#4416=CARTESIAN_POINT('',(-0.00377890893261664,4.8856726425086E-19,0.0161104166665113));
#4417=CARTESIAN_POINT('',(-0.00283418169946248,-0.00163631556711697,0.0162354166665113));
#4418=CARTESIAN_POINT('',(-0.00188945446630832,-0.00327263113423395,0.0163604166665113));
#4419=CARTESIAN_POINT('',(-4.00781724332958E-19,-0.00327263113423395,0.0164854166665113));
#4420=CARTESIAN_POINT('',(0.00188945446630832,-0.00327263113423395,0.0166104166665113));
#4421=CARTESIAN_POINT('',(0.00283418169946248,-0.00163631556711697,0.0167354166665113));
#4422=CARTESIAN_POINT('',(0.00377890893261664,-4.36998481468802E-19,0.0168604166665113));
#4423=CARTESIAN_POINT('',(0.00283418169946248,0.00163631556711697,0.0169854166665113));
#4424=CARTESIAN_POINT('',(0.00188945446630832,0.00327263113423395,0.0171104166665113));
#4425=CARTESIAN_POINT('',(0.,0.00327263113423395,0.0172354166665113));
#4426=CARTESIAN_POINT('',(-0.00188945446630832,0.00327263113423395,0.0173604166665113));
#4427=CARTESIAN_POINT('',(-0.00283418169946248,0.00163631556711697,0.0174854166665113));
#4428=CARTESIAN_POINT('',(-0.00377890893261664,4.8856726425086E-19,0.0176104166665113));
#4429=CARTESIAN_POINT('',(-0.00283418169946248,-0.00163631556711697,0.0177354166665113));
#4430=CARTESIAN_POINT('',(-0.00188945446630832,-0.00327263113423395,0.0178604166665113));
#4431=CARTESIAN_POINT('',(-4.00781724332958E-19,-0.00327263113423395,0.0179854166665113));
#4432=CARTESIAN_POINT('',(0.00188945446630832,-0.00327263113423395,0.0181104166665113));
#4433=CARTESIAN_POINT('',(0.00283418169946248,-0.00163631556711697,0.0182354166665113));
#4434=CARTESIAN_POINT('',(0.00377890893261664,-4.36998481468802E-19,0.0183604166665113));
#4435=CARTESIAN_POINT('',(0.00283418169946248,0.00163631556711697,0.0184854166665113));
#4436=CARTESIAN_POINT('',(0.00188945446630832,0.00327263113423395,0.0186104166665113));
#4437=CARTESIAN_POINT('',(0.,0.00327263113423395,0.0187354166665113));
#4438=CARTESIAN_POINT('',(-0.00188945446630832,0.00327263113423395,0.0188604166665113));
#4439=CARTESIAN_POINT('',(-0.00283418169946248,0.00163631556711697,0.0189854166665113));
#4440=CARTESIAN_POINT('',(-0.00377890893261664,4.8856726425086E-19,0.0191104166665113));
#4441=CARTESIAN_POINT('',(-0.00283418169946248,-0.00163631556711697,0.0192354166665113));
#4442=CARTESIAN_POINT('',(-0.00188945446630832,-0.00327263113423395,0.0193604166665113));
#4443=CARTESIAN_POINT('',(-4.00781724332958E-19,-0.00327263113423395,0.0194854166665113));
#4444=CARTESIAN_POINT('',(0.00188945446630832,-0.00327263113423395,0.0196104166665113));
#4445=CARTESIAN_POINT('',(0.00283418169946248,-0.00163631556711697,0.0197354166665113));
#4446=CARTESIAN_POINT('',(0.00377890893261664,-4.36998481468802E-19,0.0198604166665113));
#4447=CARTESIAN_POINT('',(0.00283418169946248,0.00163631556711697,0.0199854166665113));
#4448=CARTESIAN_POINT('',(0.00188945446630832,0.00327263113423395,0.0201104166665113));
#4449=CARTESIAN_POINT('',(0.,0.00327263113423395,0.0202354166665113));
#4450=CARTESIAN_POINT('',(-0.00188945446630832,0.00327263113423395,0.0203604166665113));
#4451=CARTESIAN_POINT('',(-0.00283418169946248,0.00163631556711697,0.0204854166665113));
#4452=CARTESIAN_POINT('',(-0.00377890893261664,4.8856726425086E-19,0.0206104166665113));
#4453=CARTESIAN_POINT('',(-0.00283418169946248,-0.00163631556711697,0.0207354166665113));
#4454=CARTESIAN_POINT('',(-0.00188945446630832,-0.00327263113423395,0.0208604166665113));
#4455=CARTESIAN_POINT('',(-4.00781724332958E-19,-0.00327263113423395,0.0209854166665113));
#4456=CARTESIAN_POINT('',(0.00188945446630832,-0.00327263113423395,0.0211104166665113));
#4457=CARTESIAN_POINT('',(0.00283418169946248,-0.00163631556711697,0.0212354166665113));
#4458=CARTESIAN_POINT('',(0.00377890893261664,-4.36998481468802E-19,0.0213604166665113));
#4459=CARTESIAN_POINT('',(0.00283418169946248,0.00163631556711697,0.0214854166665113));
#4460=CARTESIAN_POINT('',(0.00188945446630832,0.00327263113423395,0.0216104166665113));
#4461=CARTESIAN_POINT('',(0.,0.00327263113423395,0.0217354166665113));
#4462=CARTESIAN_POINT('',(-0.00188945446630832,0.00327263113423395,0.0218604166665113));
#4463=CARTESIAN_POINT('',(-0.00283418169946248,0.00163631556711697,0.0219854166665113));
#4464=CARTESIAN_POINT('',(-0.00377890893261664,4.8856726425086E-19,0.0221104166665113));
#4465=CARTESIAN_POINT('',(-0.00283418169946248,-0.00163631556711697,0.0222354166665113));
#4466=CARTESIAN_POINT('',(-0.00188945446630832,-0.00327263113423395,0.0223604166665113));
#4467=CARTESIAN_POINT('',(-4.00781724332958E-19,-0.00327263113423395,0.0224854166665113));
#4468=CARTESIAN_POINT('',(0.00188945446630832,-0.00327263113423395,0.0226104166665113));
#4469=CARTESIAN_POINT('',(0.00283418169946248,-0.00163631556711697,0.0227354166665113));
#4470=CARTESIAN_POINT('',(0.00377890893261664,-4.36998481468802E-19,0.0228604166665113));
#4471=CARTESIAN_POINT('',(0.00283418169946248,0.00163631556711697,0.0229854166665113));
#4472=CARTESIAN_POINT('',(0.00188945446630832,0.00327263113423395,0.0231104166665114));
#4473=CARTESIAN_POINT('',(0.,0.00327263113423395,0.0232354166665113));
#4474=CARTESIAN_POINT('',(-0.00188945446630832,0.00327263113423395,0.0233604166665113));
#4475=CARTESIAN_POINT('',(-0.00283418169946248,0.00163631556711697,0.0234854166665113));
#4476=CARTESIAN_POINT('',(-0.00377890893261664,4.8856726425086E-19,0.0236104166665113));
#4477=CARTESIAN_POINT('',(-0.00283418169946248,-0.00163631556711697,0.0237354166665113));
#4478=CARTESIAN_POINT('',(-0.00188945446630832,-0.00327263113423395,0.0238604166665113));
#4479=CARTESIAN_POINT('',(-4.00781724332958E-19,-0.00327263113423395,0.0239854166665113));
#4480=CARTESIAN_POINT('',(0.00188945446630832,-0.00327263113423395,0.0241104166665113));
#4481=CARTESIAN_POINT('',(0.00283418169946248,-0.00163631556711697,0.0242354166665113));
#4482=CARTESIAN_POINT('',(0.00377890893261664,-4.36998481468802E-19,0.0243604166665113));
#4483=CARTESIAN_POINT('',(0.00283418169946248,0.00163631556711697,0.0244854166665113));
#4484=CARTESIAN_POINT('',(0.00188945446630832,0.00327263113423395,0.0246104166665113));
#4485=CARTESIAN_POINT('',(0.,0.00327263113423395,0.0247354166665113));
#4486=CARTESIAN_POINT('',(-0.00188945446630832,0.00327263113423395,0.0248604166665113));
#4487=CARTESIAN_POINT('',(-0.00283418169946248,0.00163631556711697,0.0249854166665113));
#4488=CARTESIAN_POINT('',(-0.00377890893261664,4.8856726425086E-19,0.0251104166665113));
#4489=CARTESIAN_POINT('',(-0.00283418169946248,-0.00163631556711697,0.0252354166665113));
#4490=CARTESIAN_POINT('',(-0.00215607209049197,-0.00281083586295456,0.0253251396025574));
#4491=CARTESIAN_POINT('',(-0.000845945803994708,-0.00316140637018735,0.0254252034232388));
#4492=CARTESIAN_POINT('',(-0.00292057759378361,-0.00171739808298136,-0.000154519292739324));
#4493=CARTESIAN_POINT('',(-0.00193814784596986,-0.0033881011875,-3.01014715183647E-5));
#4494=CARTESIAN_POINT('',(-4.14922727445922E-19,-0.0033881011875,9.3750000000001E-5));
#4495=CARTESIAN_POINT('',(0.00195612113264482,-0.0033881011875,0.000218750000000001));
#4496=CARTESIAN_POINT('',(0.00293418169896722,-0.00169405059375,0.00034375));
#4497=CARTESIAN_POINT('',(0.00391224226528963,-4.61491417330447E-19,0.000468750000000001));
#4498=CARTESIAN_POINT('',(0.00293418169896722,0.00169405059375,0.00059375));
#4499=CARTESIAN_POINT('',(0.00195612113264482,0.0033881011875,0.000718750000000001));
#4500=CARTESIAN_POINT('',(0.,0.0033881011875,0.00084375));
#4501=CARTESIAN_POINT('',(-0.00195612113264482,0.0033881011875,0.000968750000000001));
#4502=CARTESIAN_POINT('',(-0.00293418169896722,0.00169405059375,0.00109375));
#4503=CARTESIAN_POINT('',(-0.00391224226528963,4.96731576204741E-19,0.00121875));
#4504=CARTESIAN_POINT('',(-0.00293418169896722,-0.00169405059375,0.00134375));
#4505=CARTESIAN_POINT('',(-0.00195612113264482,-0.0033881011875,0.00146875));
#4506=CARTESIAN_POINT('',(-4.14922727445922E-19,-0.0033881011875,0.00159375));
#4507=CARTESIAN_POINT('',(0.00195612113264482,-0.0033881011875,0.00171875));
#4508=CARTESIAN_POINT('',(0.00293418169896722,-0.00169405059375,0.00184375));
#4509=CARTESIAN_POINT('',(0.00391224226528963,-4.61491417330447E-19,0.00196875));
#4510=CARTESIAN_POINT('',(0.00293418169896722,0.00169405059375,0.00209375));
#4511=CARTESIAN_POINT('',(0.00195612113264482,0.0033881011875,0.00221875));
#4512=CARTESIAN_POINT('',(0.,0.0033881011875,0.00234375));
#4513=CARTESIAN_POINT('',(-0.00195612113264482,0.0033881011875,0.00246875));
#4514=CARTESIAN_POINT('',(-0.00293418169896722,0.00169405059375,0.00259375));
#4515=CARTESIAN_POINT('',(-0.00391224226528963,4.96731576204741E-19,0.00271875));
#4516=CARTESIAN_POINT('',(-0.00293418169896722,-0.00169405059375,0.00284375));
#4517=CARTESIAN_POINT('',(-0.00195612113264482,-0.0033881011875,0.00296875));
#4518=CARTESIAN_POINT('',(-4.14922727445922E-19,-0.0033881011875,0.00309375));
#4519=CARTESIAN_POINT('',(0.00195612113264482,-0.0033881011875,0.00321875));
#4520=CARTESIAN_POINT('',(0.00293418169896722,-0.00169405059375,0.00334375));
#4521=CARTESIAN_POINT('',(0.00391224226528963,-4.61491417330447E-19,0.00346875));
#4522=CARTESIAN_POINT('',(0.00293418169896722,0.00169405059375,0.00359375));
#4523=CARTESIAN_POINT('',(0.00195612113264482,0.0033881011875,0.00371875));
#4524=CARTESIAN_POINT('',(0.,0.0033881011875,0.00384375));
#4525=CARTESIAN_POINT('',(-0.00195612113264482,0.0033881011875,0.00396875));
#4526=CARTESIAN_POINT('',(-0.00293418169896722,0.00169405059375,0.00409375));
#4527=CARTESIAN_POINT('',(-0.00391224226528963,4.96731576204741E-19,0.00421875));
#4528=CARTESIAN_POINT('',(-0.00293418169896722,-0.00169405059375,0.00434375));
#4529=CARTESIAN_POINT('',(-0.00195612113264482,-0.0033881011875,0.00446875));
#4530=CARTESIAN_POINT('',(-4.14922727445922E-19,-0.0033881011875,0.00459375));
#4531=CARTESIAN_POINT('',(0.00195612113264482,-0.0033881011875,0.00471875));
#4532=CARTESIAN_POINT('',(0.00293418169896722,-0.00169405059375,0.00484375));
#4533=CARTESIAN_POINT('',(0.00391224226528963,-4.61491417330447E-19,0.00496875));
#4534=CARTESIAN_POINT('',(0.00293418169896722,0.00169405059375,0.00509375));
#4535=CARTESIAN_POINT('',(0.00195612113264482,0.0033881011875,0.00521875));
#4536=CARTESIAN_POINT('',(0.,0.0033881011875,0.00534375));
#4537=CARTESIAN_POINT('',(-0.00195612113264482,0.0033881011875,0.00546875));
#4538=CARTESIAN_POINT('',(-0.00293418169896722,0.00169405059375,0.00559375));
#4539=CARTESIAN_POINT('',(-0.00391224226528963,4.96731576204741E-19,0.00571875));
#4540=CARTESIAN_POINT('',(-0.00293418169896722,-0.00169405059375,0.00584375));
#4541=CARTESIAN_POINT('',(-0.00195612113264482,-0.0033881011875,0.00596875));
#4542=CARTESIAN_POINT('',(-4.14922727445922E-19,-0.0033881011875,0.00609375));
#4543=CARTESIAN_POINT('',(0.00195612113264482,-0.0033881011875,0.00621875));
#4544=CARTESIAN_POINT('',(0.00293418169896722,-0.00169405059375,0.00634375));
#4545=CARTESIAN_POINT('',(0.00391224226528963,-4.61491417330447E-19,0.00646875));
#4546=CARTESIAN_POINT('',(0.00293418169896722,0.00169405059375,0.00659375));
#4547=CARTESIAN_POINT('',(0.00195612113264482,0.0033881011875,0.00671875));
#4548=CARTESIAN_POINT('',(0.,0.0033881011875,0.00684375));
#4549=CARTESIAN_POINT('',(-0.00195612113264482,0.0033881011875,0.00696875));
#4550=CARTESIAN_POINT('',(-0.00293418169896722,0.00169405059375,0.00709375));
#4551=CARTESIAN_POINT('',(-0.00391224226528963,4.96731576204741E-19,0.00721875));
#4552=CARTESIAN_POINT('',(-0.00293418169896722,-0.00169405059375,0.00734375));
#4553=CARTESIAN_POINT('',(-0.00195612113264482,-0.0033881011875,0.00746875));
#4554=CARTESIAN_POINT('',(-4.14922727445922E-19,-0.0033881011875,0.00759375));
#4555=CARTESIAN_POINT('',(0.00195612113264482,-0.0033881011875,0.00771875));
#4556=CARTESIAN_POINT('',(0.00293418169896722,-0.00169405059375,0.00784375));
#4557=CARTESIAN_POINT('',(0.00391224226528963,-4.61491417330447E-19,0.00796875));
#4558=CARTESIAN_POINT('',(0.00293418169896722,0.00169405059375,0.00809375));
#4559=CARTESIAN_POINT('',(0.00195612113264482,0.0033881011875,0.00821875));
#4560=CARTESIAN_POINT('',(0.,0.0033881011875,0.00834375));
#4561=CARTESIAN_POINT('',(-0.00195612113264482,0.0033881011875,0.00846875));
#4562=CARTESIAN_POINT('',(-0.00293418169896722,0.00169405059375,0.00859375));
#4563=CARTESIAN_POINT('',(-0.00391224226528963,4.96731576204741E-19,0.00871875));
#4564=CARTESIAN_POINT('',(-0.00293418169896722,-0.00169405059375,0.00884375));
#4565=CARTESIAN_POINT('',(-0.00195612113264482,-0.0033881011875,0.00896875));
#4566=CARTESIAN_POINT('',(-4.14922727445922E-19,-0.0033881011875,0.00909375));
#4567=CARTESIAN_POINT('',(0.00195612113264482,-0.0033881011875,0.00921875));
#4568=CARTESIAN_POINT('',(0.00293418169896722,-0.00169405059375,0.00934375));
#4569=CARTESIAN_POINT('',(0.00391224226528963,-4.61491417330447E-19,0.00946875));
#4570=CARTESIAN_POINT('',(0.00293418169896722,0.00169405059375,0.00959375));
#4571=CARTESIAN_POINT('',(0.00195612113264482,0.0033881011875,0.00971875000000001));
#4572=CARTESIAN_POINT('',(0.,0.0033881011875,0.00984375));
#4573=CARTESIAN_POINT('',(-0.00195612113264482,0.0033881011875,0.00996874999999999));
#4574=CARTESIAN_POINT('',(-0.00293418169896722,0.00169405059375,0.01009375));
#4575=CARTESIAN_POINT('',(-0.00391224226528963,4.96731576204741E-19,0.01021875));
#4576=CARTESIAN_POINT('',(-0.00293418169896722,-0.00169405059375,0.01034375));
#4577=CARTESIAN_POINT('',(-0.00195612113264482,-0.0033881011875,0.01046875));
#4578=CARTESIAN_POINT('',(-4.14922727445922E-19,-0.0033881011875,0.01059375));
#4579=CARTESIAN_POINT('',(0.00195612113264482,-0.0033881011875,0.01071875));
#4580=CARTESIAN_POINT('',(0.00293418169896722,-0.00169405059375,0.01084375));
#4581=CARTESIAN_POINT('',(0.00391224226528963,-4.61491417330447E-19,0.01096875));
#4582=CARTESIAN_POINT('',(0.00293418169896722,0.00169405059375,0.01109375));
#4583=CARTESIAN_POINT('',(0.00195612113264482,0.0033881011875,0.01121875));
#4584=CARTESIAN_POINT('',(0.,0.0033881011875,0.01134375));
#4585=CARTESIAN_POINT('',(-0.00195612113264482,0.0033881011875,0.01146875));
#4586=CARTESIAN_POINT('',(-0.00293418169896722,0.00169405059375,0.01159375));
#4587=CARTESIAN_POINT('',(-0.00391224226528963,4.96731576204741E-19,0.01171875));
#4588=CARTESIAN_POINT('',(-0.00293418169896722,-0.00169405059375,0.01184375));
#4589=CARTESIAN_POINT('',(-0.00195612113264482,-0.0033881011875,0.01196875));
#4590=CARTESIAN_POINT('',(-4.14922727445922E-19,-0.0033881011875,0.01209375));
#4591=CARTESIAN_POINT('',(0.00195612113264482,-0.0033881011875,0.01221875));
#4592=CARTESIAN_POINT('',(0.00293418169896722,-0.00169405059375,0.01234375));
#4593=CARTESIAN_POINT('',(0.00391224226528963,-4.61491417330447E-19,0.01246875));
#4594=CARTESIAN_POINT('',(0.00293418169896722,0.00169405059375,0.01259375));
#4595=CARTESIAN_POINT('',(0.00195612113264482,0.0033881011875,0.01271875));
#4596=CARTESIAN_POINT('',(0.,0.0033881011875,0.01284375));
#4597=CARTESIAN_POINT('',(-0.00195612113264482,0.0033881011875,0.01296875));
#4598=CARTESIAN_POINT('',(-0.00293418169896722,0.00169405059375,0.01309375));
#4599=CARTESIAN_POINT('',(-0.00391224226528963,4.96731576204741E-19,0.01321875));
#4600=CARTESIAN_POINT('',(-0.00293418169896722,-0.00169405059375,0.01334375));
#4601=CARTESIAN_POINT('',(-0.00195612113264482,-0.0033881011875,0.01346875));
#4602=CARTESIAN_POINT('',(-4.14922727445922E-19,-0.0033881011875,0.01359375));
#4603=CARTESIAN_POINT('',(0.00195612113264482,-0.0033881011875,0.01371875));
#4604=CARTESIAN_POINT('',(0.00293418169896722,-0.00169405059375,0.01384375));
#4605=CARTESIAN_POINT('',(0.00391224226528963,-4.61491417330447E-19,0.01396875));
#4606=CARTESIAN_POINT('',(0.00293418169896722,0.00169405059375,0.01409375));
#4607=CARTESIAN_POINT('',(0.00195612113264482,0.0033881011875,0.01421875));
#4608=CARTESIAN_POINT('',(0.,0.0033881011875,0.01434375));
#4609=CARTESIAN_POINT('',(-0.00195612113264482,0.0033881011875,0.01446875));
#4610=CARTESIAN_POINT('',(-0.00293418169896722,0.00169405059375,0.01459375));
#4611=CARTESIAN_POINT('',(-0.00391224226528963,4.96731576204741E-19,0.01471875));
#4612=CARTESIAN_POINT('',(-0.00293418169896722,-0.00169405059375,0.01484375));
#4613=CARTESIAN_POINT('',(-0.00195612113264482,-0.0033881011875,0.01496875));
#4614=CARTESIAN_POINT('',(-4.14922727445922E-19,-0.0033881011875,0.01509375));
#4615=CARTESIAN_POINT('',(0.00195612113264482,-0.0033881011875,0.01521875));
#4616=CARTESIAN_POINT('',(0.00293418169896722,-0.00169405059375,0.01534375));
#4617=CARTESIAN_POINT('',(0.00391224226528963,-4.61491417330447E-19,0.01546875));
#4618=CARTESIAN_POINT('',(0.00293418169896722,0.00169405059375,0.01559375));
#4619=CARTESIAN_POINT('',(0.00195612113264482,0.0033881011875,0.01571875));
#4620=CARTESIAN_POINT('',(0.,0.0033881011875,0.01584375));
#4621=CARTESIAN_POINT('',(-0.00195612113264482,0.0033881011875,0.01596875));
#4622=CARTESIAN_POINT('',(-0.00293418169896722,0.00169405059375,0.01609375));
#4623=CARTESIAN_POINT('',(-0.00391224226528963,4.96731576204741E-19,0.01621875));
#4624=CARTESIAN_POINT('',(-0.00293418169896722,-0.00169405059375,0.01634375));
#4625=CARTESIAN_POINT('',(-0.00195612113264482,-0.0033881011875,0.01646875));
#4626=CARTESIAN_POINT('',(-4.14922727445922E-19,-0.0033881011875,0.01659375));
#4627=CARTESIAN_POINT('',(0.00195612113264482,-0.0033881011875,0.01671875));
#4628=CARTESIAN_POINT('',(0.00293418169896722,-0.00169405059375,0.01684375));
#4629=CARTESIAN_POINT('',(0.00391224226528963,-4.61491417330447E-19,0.01696875));
#4630=CARTESIAN_POINT('',(0.00293418169896722,0.00169405059375,0.01709375));
#4631=CARTESIAN_POINT('',(0.00195612113264482,0.0033881011875,0.01721875));
#4632=CARTESIAN_POINT('',(0.,0.0033881011875,0.01734375));
#4633=CARTESIAN_POINT('',(-0.00195612113264482,0.0033881011875,0.01746875));
#4634=CARTESIAN_POINT('',(-0.00293418169896722,0.00169405059375,0.01759375));
#4635=CARTESIAN_POINT('',(-0.00391224226528963,4.96731576204741E-19,0.01771875));
#4636=CARTESIAN_POINT('',(-0.00293418169896722,-0.00169405059375,0.01784375));
#4637=CARTESIAN_POINT('',(-0.00195612113264482,-0.0033881011875,0.01796875));
#4638=CARTESIAN_POINT('',(-4.14922727445922E-19,-0.0033881011875,0.01809375));
#4639=CARTESIAN_POINT('',(0.00195612113264482,-0.0033881011875,0.01821875));
#4640=CARTESIAN_POINT('',(0.00293418169896722,-0.00169405059375,0.01834375));
#4641=CARTESIAN_POINT('',(0.00391224226528963,-4.61491417330447E-19,0.01846875));
#4642=CARTESIAN_POINT('',(0.00293418169896722,0.00169405059375,0.01859375));
#4643=CARTESIAN_POINT('',(0.00195612113264482,0.0033881011875,0.01871875));
#4644=CARTESIAN_POINT('',(0.,0.0033881011875,0.01884375));
#4645=CARTESIAN_POINT('',(-0.00195612113264482,0.0033881011875,0.01896875));
#4646=CARTESIAN_POINT('',(-0.00293418169896722,0.00169405059375,0.01909375));
#4647=CARTESIAN_POINT('',(-0.00391224226528963,4.96731576204741E-19,0.01921875));
#4648=CARTESIAN_POINT('',(-0.00293418169896722,-0.00169405059375,0.01934375));
#4649=CARTESIAN_POINT('',(-0.00195612113264482,-0.0033881011875,0.01946875));
#4650=CARTESIAN_POINT('',(-4.14922727445922E-19,-0.0033881011875,0.01959375));
#4651=CARTESIAN_POINT('',(0.00195612113264482,-0.0033881011875,0.01971875));
#4652=CARTESIAN_POINT('',(0.00293418169896722,-0.00169405059375,0.01984375));
#4653=CARTESIAN_POINT('',(0.00391224226528963,-4.61491417330447E-19,0.01996875));
#4654=CARTESIAN_POINT('',(0.00293418169896722,0.00169405059375,0.02009375));
#4655=CARTESIAN_POINT('',(0.00195612113264482,0.0033881011875,0.02021875));
#4656=CARTESIAN_POINT('',(0.,0.0033881011875,0.02034375));
#4657=CARTESIAN_POINT('',(-0.00195612113264482,0.0033881011875,0.02046875));
#4658=CARTESIAN_POINT('',(-0.00293418169896722,0.00169405059375,0.02059375));
#4659=CARTESIAN_POINT('',(-0.00391224226528963,4.96731576204741E-19,0.02071875));
#4660=CARTESIAN_POINT('',(-0.00293418169896722,-0.00169405059375,0.02084375));
#4661=CARTESIAN_POINT('',(-0.00195612113264482,-0.0033881011875,0.02096875));
#4662=CARTESIAN_POINT('',(-4.14922727445922E-19,-0.0033881011875,0.02109375));
#4663=CARTESIAN_POINT('',(0.00195612113264482,-0.0033881011875,0.02121875));
#4664=CARTESIAN_POINT('',(0.00293418169896722,-0.00169405059375,0.02134375));
#4665=CARTESIAN_POINT('',(0.00391224226528963,-4.61491417330447E-19,0.02146875));
#4666=CARTESIAN_POINT('',(0.00293418169896722,0.00169405059375,0.02159375));
#4667=CARTESIAN_POINT('',(0.00195612113264482,0.0033881011875,0.02171875));
#4668=CARTESIAN_POINT('',(0.,0.0033881011875,0.02184375));
#4669=CARTESIAN_POINT('',(-0.00195612113264482,0.0033881011875,0.02196875));
#4670=CARTESIAN_POINT('',(-0.00293418169896722,0.00169405059375,0.02209375));
#4671=CARTESIAN_POINT('',(-0.00391224226528963,4.96731576204741E-19,0.02221875));
#4672=CARTESIAN_POINT('',(-0.00293418169896722,-0.00169405059375,0.02234375));
#4673=CARTESIAN_POINT('',(-0.00195612113264482,-0.0033881011875,0.02246875));
#4674=CARTESIAN_POINT('',(-4.14922727445922E-19,-0.0033881011875,0.02259375));
#4675=CARTESIAN_POINT('',(0.00195612113264482,-0.0033881011875,0.02271875));
#4676=CARTESIAN_POINT('',(0.00293418169896722,-0.00169405059375,0.02284375));
#4677=CARTESIAN_POINT('',(0.00391224226528963,-4.61491417330447E-19,0.02296875));
#4678=CARTESIAN_POINT('',(0.00293418169896722,0.00169405059375,0.02309375));
#4679=CARTESIAN_POINT('',(0.00195612113264482,0.0033881011875,0.02321875));
#4680=CARTESIAN_POINT('',(0.,0.0033881011875,0.02334375));
#4681=CARTESIAN_POINT('',(-0.00195612113264482,0.0033881011875,0.02346875));
#4682=CARTESIAN_POINT('',(-0.00293418169896722,0.00169405059375,0.02359375));
#4683=CARTESIAN_POINT('',(-0.00391224226528963,4.96731576204741E-19,0.02371875));
#4684=CARTESIAN_POINT('',(-0.00293418169896722,-0.00169405059375,0.02384375));
#4685=CARTESIAN_POINT('',(-0.00195612113264482,-0.0033881011875,0.02396875));
#4686=CARTESIAN_POINT('',(-4.14922727445922E-19,-0.0033881011875,0.02409375));
#4687=CARTESIAN_POINT('',(0.00195612113264482,-0.0033881011875,0.02421875));
#4688=CARTESIAN_POINT('',(0.00293418169896722,-0.00169405059375,0.02434375));
#4689=CARTESIAN_POINT('',(0.00391224226528963,-4.61491417330447E-19,0.02446875));
#4690=CARTESIAN_POINT('',(0.00293418169896722,0.00169405059375,0.02459375));
#4691=CARTESIAN_POINT('',(0.00195612113264482,0.0033881011875,0.02471875));
#4692=CARTESIAN_POINT('',(0.,0.0033881011875,0.02484375));
#4693=CARTESIAN_POINT('',(-0.00195612113264482,0.0033881011875,0.02496875));
#4694=CARTESIAN_POINT('',(-0.00293418169896722,0.00169405059375,0.02509375));
#4695=CARTESIAN_POINT('',(-0.00391224226528963,4.96731576204741E-19,0.02521875));
#4696=CARTESIAN_POINT('',(-0.00293418169896722,-0.00169405059375,0.02534375));
#4697=CARTESIAN_POINT('',(-0.00223214597383624,-0.00291001213840532,0.0254334729360461));
#4698=CARTESIAN_POINT('',(-0.000875793777396185,-0.00327295201862371,0.0255335367567275));
#4699=CARTESIAN_POINT('',(0.,0.0033881011875,-0.00253125));
#4700=CARTESIAN_POINT('',(-0.00195612113264482,0.0033881011875,-0.00240625));
#4701=CARTESIAN_POINT('',(-0.00293418169896722,0.00169405059375,-0.00228125));
#4702=CARTESIAN_POINT('',(-0.00391224226528963,4.96731576204741E-19,-0.00215625));
#4703=CARTESIAN_POINT('',(-0.00293418169896722,-0.00169405059375,-0.00203125));
#4704=CARTESIAN_POINT('',(-0.00195612113264482,-0.0033881011875,-0.00190625));
#4705=CARTESIAN_POINT('',(-4.14922727445922E-19,-0.0033881011875,-0.00178125));
#4706=CARTESIAN_POINT('',(0.00195612113264482,-0.0033881011875,-0.00165625));
#4707=CARTESIAN_POINT('',(0.00293418169896722,-0.00169405059375,-0.00153125));
#4708=CARTESIAN_POINT('',(0.00391224226528963,-4.61491417330447E-19,-0.00140625));
#4709=CARTESIAN_POINT('',(0.00293418169896722,0.00169405059375,-0.00128125));
#4710=CARTESIAN_POINT('',(0.00195612113264482,0.0033881011875,-0.00115625));
#4711=CARTESIAN_POINT('',(8.29845454891844E-19,0.0033881011875,-0.00103125));
#4712=CARTESIAN_POINT('',(-0.00195612113264482,0.0033881011875,-0.000906249999999998));
#4713=CARTESIAN_POINT('',(-0.00293418169896722,0.00169405059375001,-0.00078125));
#4714=CARTESIAN_POINT('',(-0.00391224226528963,4.92972372240891E-18,-0.000656249999999999));
#4715=CARTESIAN_POINT('',(-0.00293418169896722,-0.00169405059375,-0.00053125));
#4716=CARTESIAN_POINT('',(-0.00195612113264482,-0.00338810118749999,-0.000406249999999998));
#4717=CARTESIAN_POINT('',(-1.24476818233777E-18,-0.0033881011875,-0.00028125));
#4718=CARTESIAN_POINT('',(0.00195612113264482,-0.0033881011875,-0.000156249999999999));
#4719=CARTESIAN_POINT('',(0.00293418169896722,-0.00169405059375001,-3.12499999999988E-5));
#4720=CARTESIAN_POINT('',(0.00391224226528963,-1.41971441086563E-18,9.37500000000013E-5));
#4721=CARTESIAN_POINT('',(0.00293418169896722,0.00169405059375,0.00021875));
#4722=CARTESIAN_POINT('',(0.00195612113264482,0.00338810118749999,0.000343750000000001));
#4723=CARTESIAN_POINT('',(1.65969090978369E-18,0.0033881011875,0.00046875));
#4724=CARTESIAN_POINT('',(-0.00195612113264481,0.0033881011875,0.000593750000000002));
#4725=CARTESIAN_POINT('',(-0.00293418169896722,0.00169405059375001,0.00071875));
#4726=CARTESIAN_POINT('',(-0.00391224226528963,9.36271586861308E-18,0.000843750000000001));
#4727=CARTESIAN_POINT('',(-0.00293418169896722,-0.00169405059374999,0.00096875));
#4728=CARTESIAN_POINT('',(-0.00195612113264482,-0.00338810118749999,0.00109375));
#4729=CARTESIAN_POINT('',(-8.09309035422535E-18,-0.0033881011875,0.00121875));
#4730=CARTESIAN_POINT('',(0.00195612113264481,-0.0033881011875,0.00134375));
#4731=CARTESIAN_POINT('',(0.00293418169896722,-0.00169405059375001,0.00146875));
#4732=CARTESIAN_POINT('',(0.00391224226528963,-9.32747570973879E-18,0.00159375));
#4733=CARTESIAN_POINT('',(0.00293418169896723,0.00169405059374999,0.00171875));
#4734=CARTESIAN_POINT('',(0.00195612113264483,0.00338810118749999,0.00184375));
#4735=CARTESIAN_POINT('',(2.48953636467554E-18,0.0033881011875,0.00196875));
#4736=CARTESIAN_POINT('',(-0.00195612113264481,0.0033881011875,0.00209375));
#4737=CARTESIAN_POINT('',(-0.00293418169896722,0.00169405059375001,0.00221875));
#4738=CARTESIAN_POINT('',(-0.00391224226528963,1.03209388621483E-17,0.00234375));
#4739=CARTESIAN_POINT('',(-0.00293418169896723,-0.00169405059374999,0.00246875));
#4740=CARTESIAN_POINT('',(-0.00195612113264483,-0.00338810118749999,0.00259375));
#4741=CARTESIAN_POINT('',(-2.90445909212145E-18,-0.0033881011875,0.00271875));
#4742=CARTESIAN_POINT('',(0.00195612113264481,-0.0033881011875,0.00284375));
#4743=CARTESIAN_POINT('',(0.00293418169896722,-0.00169405059375001,0.00296875));
#4744=CARTESIAN_POINT('',(0.00391224226528963,-1.0285698703274E-17,0.00309375));
#4745=CARTESIAN_POINT('',(0.00293418169896723,0.00169405059374999,0.00321875));
#4746=CARTESIAN_POINT('',(0.00195612113264483,0.00338810118749999,0.00334375));
#4747=CARTESIAN_POINT('',(3.31938181956738E-18,0.0033881011875,0.00346875));
#4748=CARTESIAN_POINT('',(-0.00195612113264481,0.0033881011875,0.00359375));
#4749=CARTESIAN_POINT('',(-0.00293418169896722,0.00169405059375001,0.00371875));
#4750=CARTESIAN_POINT('',(-0.00391224226528963,1.12791618556834E-17,0.00384375));
#4751=CARTESIAN_POINT('',(-0.00293418169896723,-0.00169405059374999,0.00396875));
#4752=CARTESIAN_POINT('',(-0.00195612113264483,-0.00338810118749999,0.00409375));
#4753=CARTESIAN_POINT('',(-1.57712579810047E-17,-0.0033881011875,0.00421875));
#4754=CARTESIAN_POINT('',(0.00195612113264481,-0.0033881011875,0.00434375));
#4755=CARTESIAN_POINT('',(0.00293418169896722,-0.00169405059375001,0.00446875));
#4756=CARTESIAN_POINT('',(0.00391224226528963,-1.12439216968092E-17,0.00459375));
#4757=CARTESIAN_POINT('',(0.00293418169896723,0.00169405059374999,0.00471875));
#4758=CARTESIAN_POINT('',(0.00195612113264483,0.00338810118749999,0.00484375));
#4759=CARTESIAN_POINT('',(1.61861807084507E-17,0.0033881011875,0.00496875));
#4760=CARTESIAN_POINT('',(-0.00195612113264481,0.00338810118750001,0.00509375));
#4761=CARTESIAN_POINT('',(-0.00293418169896722,0.00169405059375001,0.00521875));
#4762=CARTESIAN_POINT('',(-0.00391224226528963,2.61364614598945E-17,0.00534375000000001));
#4763=CARTESIAN_POINT('',(-0.00293418169896723,-0.00169405059374999,0.00546875));
#4764=CARTESIAN_POINT('',(-0.00195612113264482,-0.0033881011875,0.00559375));
#4765=CARTESIAN_POINT('',(-1.66011034358966E-17,-0.0033881011875,0.00571875));
#4766=CARTESIAN_POINT('',(0.00195612113264481,-0.0033881011875,0.00584375000000001));
#4767=CARTESIAN_POINT('',(0.00293418169896721,-0.00169405059375002,0.00596875));
#4768=CARTESIAN_POINT('',(0.00391224226528963,-1.22021446903443E-17,0.00609375000000001));
#4769=CARTESIAN_POINT('',(0.00293418169896723,0.00169405059374998,0.00621875));
#4770=CARTESIAN_POINT('',(0.00195612113264483,0.00338810118749999,0.00634375000000001));
#4771=CARTESIAN_POINT('',(4.97907272935107E-18,0.0033881011875,0.00646875));
#4772=CARTESIAN_POINT('',(-0.0019561211326448,0.00338810118750001,0.00659375));
#4773=CARTESIAN_POINT('',(-0.00293418169896722,0.00169405059375001,0.00671875));
#4774=CARTESIAN_POINT('',(-0.00391224226528963,2.70946844534297E-17,0.00684375));
#4775=CARTESIAN_POINT('',(-0.00293418169896723,-0.00169405059374999,0.00696875));
#4776=CARTESIAN_POINT('',(-0.00195612113264482,-0.00338810118749999,0.00709375));
#4777=CARTESIAN_POINT('',(-1.74309488907885E-17,-0.0033881011875,0.00721875));
#4778=CARTESIAN_POINT('',(0.00195612113264481,-0.0033881011875,0.00734375));
#4779=CARTESIAN_POINT('',(0.00293418169896721,-0.00169405059375002,0.00746875));
#4780=CARTESIAN_POINT('',(0.00391224226528963,-1.31603676838795E-17,0.00759375));
#4781=CARTESIAN_POINT('',(0.00293418169896723,0.00169405059374998,0.00771875));
#4782=CARTESIAN_POINT('',(0.00195612113264483,0.00338810118749999,0.00784375));
#4783=CARTESIAN_POINT('',(5.80891818424291E-18,0.0033881011875,0.00796875));
#4784=CARTESIAN_POINT('',(-0.0019561211326448,0.00338810118750001,0.00809375));
#4785=CARTESIAN_POINT('',(-0.00293418169896722,0.00169405059375001,0.00821875));
#4786=CARTESIAN_POINT('',(-0.00391224226528963,2.80529074469649E-17,0.00834375));
#4787=CARTESIAN_POINT('',(-0.00293418169896723,-0.00169405059374999,0.00846875));
#4788=CARTESIAN_POINT('',(-0.00195612113264484,-0.00338810118749998,0.00859375));
#4789=CARTESIAN_POINT('',(-1.82607943456803E-17,-0.0033881011875,0.00871875));
#4790=CARTESIAN_POINT('',(0.00195612113264481,-0.00338810118750001,0.00884375));
#4791=CARTESIAN_POINT('',(0.00293418169896721,-0.00169405059375002,0.00896875));
#4792=CARTESIAN_POINT('',(0.00391224226528963,-1.41185906774147E-17,0.00909375));
#4793=CARTESIAN_POINT('',(0.00293418169896724,0.00169405059374998,0.00921875));
#4794=CARTESIAN_POINT('',(0.00195612113264483,0.00338810118749999,0.00934375));
#4795=CARTESIAN_POINT('',(6.63876363913476E-18,0.0033881011875,0.00946875));
#4796=CARTESIAN_POINT('',(-0.0019561211326448,0.00338810118750001,0.00959375));
#4797=CARTESIAN_POINT('',(-0.00293418169896722,0.00169405059375001,0.00971875));
#4798=CARTESIAN_POINT('',(-0.00391224226528963,2.90111304405001E-17,0.00984375));
#4799=CARTESIAN_POINT('',(-0.00293418169896723,-0.00169405059374998,0.00996875));
#4800=CARTESIAN_POINT('',(-0.00195612113264484,-0.00338810118749998,0.01009375));
#4801=CARTESIAN_POINT('',(-1.90906398005721E-17,-0.0033881011875,0.01021875));
#4802=CARTESIAN_POINT('',(0.00195612113264481,-0.00338810118750001,0.01034375));
#4803=CARTESIAN_POINT('',(0.00293418169896721,-0.00169405059375002,0.01046875));
#4804=CARTESIAN_POINT('',(0.00391224226528963,-1.50768136709499E-17,0.01059375));
#4805=CARTESIAN_POINT('',(0.00293418169896724,0.00169405059374997,0.01071875));
#4806=CARTESIAN_POINT('',(0.00195612113264483,0.00338810118749999,0.01084375));
#4807=CARTESIAN_POINT('',(3.15425159620096E-17,0.0033881011875,0.01096875));
#4808=CARTESIAN_POINT('',(-0.00195612113264479,0.00338810118750001,0.01109375));
#4809=CARTESIAN_POINT('',(-0.00293418169896722,0.00169405059375001,0.01121875));
#4810=CARTESIAN_POINT('',(-0.00391224226528963,2.99693534340353E-17,0.01134375));
#4811=CARTESIAN_POINT('',(-0.00293418169896723,-0.00169405059374998,0.01146875));
#4812=CARTESIAN_POINT('',(-0.00195612113264484,-0.00338810118749998,0.01159375));
#4813=CARTESIAN_POINT('',(-1.9920485255464E-17,-0.0033881011875,0.01171875));
#4814=CARTESIAN_POINT('',(0.00195612113264478,-0.00338810118750002,0.01184375));
#4815=CARTESIAN_POINT('',(0.00293418169896721,-0.00169405059375002,0.01196875));
#4816=CARTESIAN_POINT('',(0.00391224226528963,-1.60350366644851E-17,0.01209375));
#4817=CARTESIAN_POINT('',(0.00293418169896724,0.00169405059374997,0.01221875));
#4818=CARTESIAN_POINT('',(0.00195612113264483,0.00338810118749999,0.01234375));
#4819=CARTESIAN_POINT('',(3.23723614169014E-17,0.0033881011875,0.01246875));
#4820=CARTESIAN_POINT('',(-0.00195612113264479,0.00338810118750001,0.01259375));
#4821=CARTESIAN_POINT('',(-0.00293418169896722,0.00169405059375001,0.01271875));
#4822=CARTESIAN_POINT('',(-0.00391224226528963,3.09275764275705E-17,0.01284375));
#4823=CARTESIAN_POINT('',(-0.00293418169896723,-0.00169405059374998,0.01296875));
#4824=CARTESIAN_POINT('',(-0.00195612113264482,-0.00338810118749999,0.01309375));
#4825=CARTESIAN_POINT('',(-4.48242375783388E-17,-0.0033881011875,0.01321875));
#4826=CARTESIAN_POINT('',(0.00195612113264478,-0.00338810118750002,0.01334375));
#4827=CARTESIAN_POINT('',(0.00293418169896721,-0.00169405059375002,0.01346875));
#4828=CARTESIAN_POINT('',(0.00391224226528963,-1.69932596580203E-17,0.01359375));
#4829=CARTESIAN_POINT('',(0.00293418169896722,0.00169405059374999,0.01371875));
#4830=CARTESIAN_POINT('',(0.00195612113264486,0.00338810118749998,0.01384375));
#4831=CARTESIAN_POINT('',(3.32022068717932E-17,0.0033881011875,0.01396875));
#4832=CARTESIAN_POINT('',(-0.00195612113264479,0.00338810118750001,0.01409375));
#4833=CARTESIAN_POINT('',(-0.00293418169896722,0.00169405059375001,0.01421875));
#4834=CARTESIAN_POINT('',(-0.00391224226528963,4.08764619975384E-18,0.01434375));
#4835=CARTESIAN_POINT('',(-0.00293418169896724,-0.00169405059374996,0.01446875));
#4836=CARTESIAN_POINT('',(-0.00195612113264484,-0.00338810118749998,0.01459375));
#4837=CARTESIAN_POINT('',(-2.15801761652477E-17,-0.0033881011875,0.01471875));
#4838=CARTESIAN_POINT('',(0.0019561211326448,-0.00338810118750001,0.01484375));
#4839=CARTESIAN_POINT('',(0.0029341816989672,-0.00169405059375004,0.01496875));
#4840=CARTESIAN_POINT('',(0.00391224226528963,-4.57496358729074E-17,0.01509375));
#4841=CARTESIAN_POINT('',(0.00293418169896724,0.00169405059374997,0.01521875));
#4842=CARTESIAN_POINT('',(0.00195612113264484,0.00338810118749999,0.01534375));
#4843=CARTESIAN_POINT('',(9.95814545870213E-18,0.0033881011875,0.01546875));
#4844=CARTESIAN_POINT('',(-0.00195612113264477,0.00338810118750003,0.01559375));
#4845=CARTESIAN_POINT('',(-0.0029341816989672,0.00169405059375003,0.01571875));
#4846=CARTESIAN_POINT('',(-0.00391224226528963,3.28440224146409E-17,0.01584375));
#4847=CARTESIAN_POINT('',(-0.00293418169896723,-0.00169405059374998,0.01596875));
#4848=CARTESIAN_POINT('',(-0.00195612113264483,-0.00338810118749999,0.01609375));
#4849=CARTESIAN_POINT('',(-4.64839284881225E-17,-0.0033881011875,0.01621875));
#4850=CARTESIAN_POINT('',(0.00195612113264478,-0.00338810118750002,0.01634375));
#4851=CARTESIAN_POINT('',(0.00293418169896721,-0.00169405059375002,0.01646875));
#4852=CARTESIAN_POINT('',(0.00391224226528963,-1.89097056450906E-17,0.01659375));
#4853=CARTESIAN_POINT('',(0.00293418169896722,0.00169405059374999,0.01671875));
#4854=CARTESIAN_POINT('',(0.00195612113264486,0.00338810118749997,0.01684375));
#4855=CARTESIAN_POINT('',(3.48618977815769E-17,0.0033881011875,0.01696875));
#4856=CARTESIAN_POINT('',(-0.00195612113264479,0.00338810118750001,0.01709375));
#4857=CARTESIAN_POINT('',(-0.00293418169896721,0.00169405059375001,0.01721875));
#4858=CARTESIAN_POINT('',(-0.00391224226528963,6.16003986295279E-17,0.01734375));
#4859=CARTESIAN_POINT('',(-0.00293418169896724,-0.00169405059374996,0.01746875));
#4860=CARTESIAN_POINT('',(-0.00195612113264485,-0.00338810118749998,0.01759375));
#4861=CARTESIAN_POINT('',(-2.32398670750314E-17,-0.0033881011875,0.01771875));
#4862=CARTESIAN_POINT('',(0.0019561211326448,-0.00338810118750001,0.01784375));
#4863=CARTESIAN_POINT('',(0.0029341816989672,-0.00169405059375004,0.01796875));
#4864=CARTESIAN_POINT('',(0.00391224226528963,-4.76660818599777E-17,0.01809375));
#4865=CARTESIAN_POINT('',(0.00293418169896724,0.00169405059374997,0.01821875));
#4866=CARTESIAN_POINT('',(0.00195612113264484,0.00338810118749999,0.01834375));
#4867=CARTESIAN_POINT('',(1.16178363684858E-17,0.0033881011875,0.01846875));
#4868=CARTESIAN_POINT('',(-0.00195612113264476,0.00338810118750003,0.01859375));
#4869=CARTESIAN_POINT('',(-0.0029341816989672,0.00169405059375003,0.01871875));
#4870=CARTESIAN_POINT('',(-0.00391224226528963,3.47604684017112E-17,0.01884375));
#4871=CARTESIAN_POINT('',(-0.00293418169896723,-0.00169405059374998,0.01896875));
#4872=CARTESIAN_POINT('',(-0.00195612113264483,-0.00338810118749999,0.01909375));
#4873=CARTESIAN_POINT('',(-4.81436193979062E-17,-0.0033881011875,0.01921875));
#4874=CARTESIAN_POINT('',(0.00195612113264477,-0.00338810118750002,0.01934375));
#4875=CARTESIAN_POINT('',(0.00293418169896721,-0.00169405059375002,0.01946875));
#4876=CARTESIAN_POINT('',(0.00391224226528963,-2.0826151632161E-17,0.01959375));
#4877=CARTESIAN_POINT('',(0.00293418169896725,0.00169405059374995,0.01971875));
#4878=CARTESIAN_POINT('',(0.00195612113264486,0.00338810118749997,0.01984375));
#4879=CARTESIAN_POINT('',(3.65215886913606E-17,0.0033881011875,0.01996875));
#4880=CARTESIAN_POINT('',(-0.00195612113264479,0.00338810118750002,0.02009375));
#4881=CARTESIAN_POINT('',(-0.00293418169896721,0.00169405059375001,0.02021875));
#4882=CARTESIAN_POINT('',(-0.00391224226528963,6.35168446165983E-17,0.02034375));
#4883=CARTESIAN_POINT('',(-0.00293418169896724,-0.00169405059374996,0.02046875));
#4884=CARTESIAN_POINT('',(-0.00195612113264485,-0.00338810118749998,0.02059375));
#4885=CARTESIAN_POINT('',(-2.4899557984815E-17,-0.0033881011875,0.02071875));
#4886=CARTESIAN_POINT('',(0.0019561211326448,-0.00338810118750001,0.02084375));
#4887=CARTESIAN_POINT('',(0.0029341816989672,-0.00169405059375004,0.02096875));
#4888=CARTESIAN_POINT('',(0.00391224226528963,-4.95825278470481E-17,0.02109375));
#4889=CARTESIAN_POINT('',(0.00293418169896724,0.00169405059374997,0.02121875));
#4890=CARTESIAN_POINT('',(0.00195612113264484,0.00338810118749999,0.02134375));
#4891=CARTESIAN_POINT('',(1.32775272782695E-17,0.0033881011875,0.02146875));
#4892=CARTESIAN_POINT('',(-0.00195612113264476,0.00338810118750003,0.02159375));
#4893=CARTESIAN_POINT('',(-0.0029341816989672,0.00169405059375003,0.02171875));
#4894=CARTESIAN_POINT('',(-0.00391224226528963,3.66769143887816E-17,0.02184375));
#4895=CARTESIAN_POINT('',(-0.00293418169896723,-0.00169405059374998,0.02196875));
#4896=CARTESIAN_POINT('',(-0.00195612113264487,-0.00338810118749997,0.02209375));
#4897=CARTESIAN_POINT('',(-4.98033103076899E-17,-0.0033881011875,0.02221875));
#4898=CARTESIAN_POINT('',(0.00195612113264477,-0.00338810118750002,0.02234375));
#4899=CARTESIAN_POINT('',(0.00293418169896721,-0.00169405059375002,0.02246875));
#4900=CARTESIAN_POINT('',(0.00391224226528963,-2.27425976192314E-17,0.02259375));
#4901=CARTESIAN_POINT('',(0.00293418169896725,0.00169405059374995,0.02271875));
#4902=CARTESIAN_POINT('',(0.00195612113264486,0.00338810118749997,0.02284375));
#4903=CARTESIAN_POINT('',(3.81812796011443E-17,0.0033881011875,0.02296875));
#4904=CARTESIAN_POINT('',(-0.00195612113264479,0.00338810118750002,0.02309375));
#4905=CARTESIAN_POINT('',(-0.00293418169896721,0.00169405059375001,0.02321875));
#4906=CARTESIAN_POINT('',(-0.00391224226528963,6.54332906036687E-17,0.02334375));
#4907=CARTESIAN_POINT('',(-0.00293418169896724,-0.00169405059374996,0.02346875));
#4908=CARTESIAN_POINT('',(-0.00195612113264485,-0.00338810118749998,0.02359375));
#4909=CARTESIAN_POINT('',(-2.65592488945987E-17,-0.0033881011875,0.02371875));
#4910=CARTESIAN_POINT('',(0.00195612113264475,-0.00338810118750004,0.02384375));
#4911=CARTESIAN_POINT('',(0.0029341816989672,-0.00169405059375005,0.02396875));
#4912=CARTESIAN_POINT('',(0.00391224226528963,-5.14989738341185E-17,0.02409375));
#4913=CARTESIAN_POINT('',(0.00293418169896724,0.00169405059374997,0.02421875));
#4914=CARTESIAN_POINT('',(0.00195612113264484,0.00338810118749998,0.02434375));
#4915=CARTESIAN_POINT('',(6.30850319240191E-17,0.0033881011875,0.02446875));
#4916=CARTESIAN_POINT('',(-0.00195612113264476,0.00338810118750003,0.02459375));
#4917=CARTESIAN_POINT('',(-0.0029341816989672,0.00169405059375004,0.02471875));
#4918=CARTESIAN_POINT('',(-0.00391224226528963,3.8593360375852E-17,0.02484375));
#4919=CARTESIAN_POINT('',(-0.00293418169896723,-0.00169405059374998,0.02496875));
#4920=CARTESIAN_POINT('',(-0.00195612113264488,-0.00338810118749997,0.02509375));
#4921=CARTESIAN_POINT('',(-5.14630012174735E-17,-0.0033881011875,0.02521875));
#4922=CARTESIAN_POINT('',(0.00195612113264477,-0.00338810118750002,0.02534375));
#4923=CARTESIAN_POINT('',(0.00293418169896721,-0.00169405059375003,0.02546875));
#4924=CARTESIAN_POINT('',(0.00391224226528963,-2.46590436063018E-17,0.02559375));
#4925=CARTESIAN_POINT('',(0.00293418169896725,0.00169405059374995,0.02571875));
#4926=CARTESIAN_POINT('',(0.00195612113264487,0.00338810118749997,0.02584375));
#4927=CARTESIAN_POINT('',(3.9840970510928E-17,0.0033881011875,0.02596875));
#4928=CARTESIAN_POINT('',(-0.00195612113264479,0.00338810118750002,0.02609375));
#4929=CARTESIAN_POINT('',(-0.00293418169896719,0.00169405059375006,0.02621875));
#4930=CARTESIAN_POINT('',(-0.00391224226528963,6.73497365907391E-17,0.02634375));
#4931=CARTESIAN_POINT('',(-0.00293418169896725,-0.00169405059374996,0.02646875));
#4932=CARTESIAN_POINT('',(-0.00195612113264486,-0.00338810118749998,0.02659375));
#4933=CARTESIAN_POINT('',(-2.82189398043824E-17,-0.0033881011875,0.02671875));
#4934=CARTESIAN_POINT('',(0.00195612113264475,-0.00338810118750004,0.02684375));
#4935=CARTESIAN_POINT('',(0.0029341816989672,-0.00169405059375005,0.02696875));
#4936=CARTESIAN_POINT('',(0.00391224226528963,-5.34154198211888E-17,0.02709375));
#4937=CARTESIAN_POINT('',(0.00293418169896724,0.00169405059374997,0.02721875));
#4938=CARTESIAN_POINT('',(0.00195612113264484,0.00338810118749998,0.02734375));
#4939=CARTESIAN_POINT('',(6.47447228338028E-17,0.0033881011875,0.02746875));
#4940=CARTESIAN_POINT('',(0.00314085386260806,-0.00127053794531252,-8.04744255652905E-20));
#4941=CARTESIAN_POINT('',(0.,0.0033881011875,-0.00215625));
#4942=CARTESIAN_POINT('',(-0.00195612113264482,0.0033881011875,-0.00203125));
#4943=CARTESIAN_POINT('',(-0.00293418169896722,0.00169405059375,-0.00190625));
#4944=CARTESIAN_POINT('',(-0.00391224226528963,4.96731576204741E-19,-0.00178125));
#4945=CARTESIAN_POINT('',(-0.00293418169896722,-0.00169405059375,-0.00165625));
#4946=CARTESIAN_POINT('',(-0.00195612113264482,-0.0033881011875,-0.00153125));
#4947=CARTESIAN_POINT('',(-4.14922727445922E-19,-0.0033881011875,-0.00140625));
#4948=CARTESIAN_POINT('',(0.00195612113264482,-0.0033881011875,-0.00128125));
#4949=CARTESIAN_POINT('',(0.00293418169896722,-0.00169405059375,-0.00115625));
#4950=CARTESIAN_POINT('',(0.00391224226528963,-4.61491417330447E-19,-0.00103125));
#4951=CARTESIAN_POINT('',(0.00293418169896722,0.00169405059375,-0.00090625));
#4952=CARTESIAN_POINT('',(0.00195612113264482,0.0033881011875,-0.000781249999999999));
#4953=CARTESIAN_POINT('',(8.29845454891844E-19,0.0033881011875,-0.00065625));
#4954=CARTESIAN_POINT('',(-0.00195612113264482,0.0033881011875,-0.000531249999999999));
#4955=CARTESIAN_POINT('',(-0.00293418169896722,0.00169405059375001,-0.00040625));
#4956=CARTESIAN_POINT('',(-0.00391224226528963,4.92972372240891E-18,-0.000281249999999999));
#4957=CARTESIAN_POINT('',(-0.00293418169896722,-0.00169405059375,-0.00015625));
#4958=CARTESIAN_POINT('',(-0.00195612113264482,-0.00338810118749999,-3.12499999999992E-5));
#4959=CARTESIAN_POINT('',(-1.24476818233777E-18,-0.0033881011875,9.3750000000001E-5));
#4960=CARTESIAN_POINT('',(0.00195612113264482,-0.0033881011875,0.000218750000000001));
#4961=CARTESIAN_POINT('',(0.00293418169896722,-0.00169405059375001,0.00034375));
#4962=CARTESIAN_POINT('',(0.00391224226528963,-1.41971441086563E-18,0.000468750000000001));
#4963=CARTESIAN_POINT('',(0.00293418169896722,0.00169405059375,0.00059375));
#4964=CARTESIAN_POINT('',(0.00195612113264482,0.00338810118749999,0.000718750000000001));
#4965=CARTESIAN_POINT('',(1.65969090978369E-18,0.0033881011875,0.00084375));
#4966=CARTESIAN_POINT('',(-0.00195612113264481,0.0033881011875,0.000968750000000001));
#4967=CARTESIAN_POINT('',(-0.00293418169896722,0.00169405059375001,0.00109375));
#4968=CARTESIAN_POINT('',(-0.00391224226528963,9.36271586861308E-18,0.00121875));
#4969=CARTESIAN_POINT('',(-0.00293418169896722,-0.00169405059374999,0.00134375));
#4970=CARTESIAN_POINT('',(-0.00195612113264482,-0.00338810118749999,0.00146875));
#4971=CARTESIAN_POINT('',(-8.09309035422535E-18,-0.0033881011875,0.00159375));
#4972=CARTESIAN_POINT('',(0.00195612113264481,-0.0033881011875,0.00171875));
#4973=CARTESIAN_POINT('',(0.00293418169896722,-0.00169405059375001,0.00184375));
#4974=CARTESIAN_POINT('',(0.00391224226528963,-9.32747570973879E-18,0.00196875));
#4975=CARTESIAN_POINT('',(0.00293418169896723,0.00169405059374999,0.00209375));
#4976=CARTESIAN_POINT('',(0.00195612113264483,0.00338810118749999,0.00221875));
#4977=CARTESIAN_POINT('',(2.48953636467554E-18,0.0033881011875,0.00234375));
#4978=CARTESIAN_POINT('',(-0.00195612113264481,0.0033881011875,0.00246875));
#4979=CARTESIAN_POINT('',(-0.00293418169896722,0.00169405059375001,0.00259375));
#4980=CARTESIAN_POINT('',(-0.00391224226528963,1.03209388621483E-17,0.00271875));
#4981=CARTESIAN_POINT('',(-0.00293418169896723,-0.00169405059374999,0.00284375));
#4982=CARTESIAN_POINT('',(-0.00195612113264483,-0.00338810118749999,0.00296875));
#4983=CARTESIAN_POINT('',(-2.90445909212145E-18,-0.0033881011875,0.00309375));
#4984=CARTESIAN_POINT('',(0.00195612113264481,-0.0033881011875,0.00321875));
#4985=CARTESIAN_POINT('',(0.00293418169896722,-0.00169405059375001,0.00334375));
#4986=CARTESIAN_POINT('',(0.00391224226528963,-1.0285698703274E-17,0.00346875));
#4987=CARTESIAN_POINT('',(0.00293418169896723,0.00169405059374999,0.00359375));
#4988=CARTESIAN_POINT('',(0.00195612113264483,0.00338810118749999,0.00371875));
#4989=CARTESIAN_POINT('',(3.31938181956738E-18,0.0033881011875,0.00384375));
#4990=CARTESIAN_POINT('',(-0.00195612113264481,0.0033881011875,0.00396875));
#4991=CARTESIAN_POINT('',(-0.00293418169896722,0.00169405059375001,0.00409375));
#4992=CARTESIAN_POINT('',(-0.00391224226528963,1.12791618556834E-17,0.00421875));
#4993=CARTESIAN_POINT('',(-0.00293418169896723,-0.00169405059374999,0.00434375));
#4994=CARTESIAN_POINT('',(-0.00195612113264483,-0.00338810118749999,0.00446875));
#4995=CARTESIAN_POINT('',(-1.57712579810047E-17,-0.0033881011875,0.00459375));
#4996=CARTESIAN_POINT('',(0.00195612113264481,-0.0033881011875,0.00471875));
#4997=CARTESIAN_POINT('',(0.00293418169896722,-0.00169405059375001,0.00484375));
#4998=CARTESIAN_POINT('',(0.00391224226528963,-1.12439216968092E-17,0.00496875));
#4999=CARTESIAN_POINT('',(0.00293418169896723,0.00169405059374999,0.00509375));
#5000=CARTESIAN_POINT('',(0.00195612113264483,0.00338810118749999,0.00521875));
#5001=CARTESIAN_POINT('',(1.61861807084507E-17,0.0033881011875,0.00534375));
#5002=CARTESIAN_POINT('',(-0.00195612113264481,0.00338810118750001,0.00546875));
#5003=CARTESIAN_POINT('',(-0.00293418169896722,0.00169405059375001,0.00559375));
#5004=CARTESIAN_POINT('',(-0.00391224226528963,2.61364614598945E-17,0.00571875));
#5005=CARTESIAN_POINT('',(-0.00293418169896723,-0.00169405059374999,0.00584375));
#5006=CARTESIAN_POINT('',(-0.00195612113264482,-0.0033881011875,0.00596875));
#5007=CARTESIAN_POINT('',(-1.66011034358966E-17,-0.0033881011875,0.00609375));
#5008=CARTESIAN_POINT('',(0.00195612113264481,-0.0033881011875,0.00621875));
#5009=CARTESIAN_POINT('',(0.00293418169896721,-0.00169405059375002,0.00634375));
#5010=CARTESIAN_POINT('',(0.00391224226528963,-1.22021446903443E-17,0.00646875));
#5011=CARTESIAN_POINT('',(0.00293418169896723,0.00169405059374998,0.00659375));
#5012=CARTESIAN_POINT('',(0.00195612113264483,0.00338810118749999,0.00671875));
#5013=CARTESIAN_POINT('',(4.97907272935107E-18,0.0033881011875,0.00684375));
#5014=CARTESIAN_POINT('',(-0.0019561211326448,0.00338810118750001,0.00696875));
#5015=CARTESIAN_POINT('',(-0.00293418169896722,0.00169405059375001,0.00709375));
#5016=CARTESIAN_POINT('',(-0.00391224226528963,2.70946844534297E-17,0.00721875));
#5017=CARTESIAN_POINT('',(-0.00293418169896723,-0.00169405059374999,0.00734375));
#5018=CARTESIAN_POINT('',(-0.00195612113264482,-0.00338810118749999,0.00746875));
#5019=CARTESIAN_POINT('',(-1.74309488907885E-17,-0.0033881011875,0.00759375));
#5020=CARTESIAN_POINT('',(0.00195612113264481,-0.0033881011875,0.00771875));
#5021=CARTESIAN_POINT('',(0.00293418169896721,-0.00169405059375002,0.00784375));
#5022=CARTESIAN_POINT('',(0.00391224226528963,-1.31603676838795E-17,0.00796875));
#5023=CARTESIAN_POINT('',(0.00293418169896723,0.00169405059374998,0.00809375));
#5024=CARTESIAN_POINT('',(0.00195612113264483,0.00338810118749999,0.00821875));
#5025=CARTESIAN_POINT('',(5.80891818424291E-18,0.0033881011875,0.00834375));
#5026=CARTESIAN_POINT('',(-0.0019561211326448,0.00338810118750001,0.00846875));
#5027=CARTESIAN_POINT('',(-0.00293418169896722,0.00169405059375001,0.00859375));
#5028=CARTESIAN_POINT('',(-0.00391224226528963,2.80529074469649E-17,0.00871875));
#5029=CARTESIAN_POINT('',(-0.00293418169896723,-0.00169405059374999,0.00884375));
#5030=CARTESIAN_POINT('',(-0.00195612113264484,-0.00338810118749998,0.00896875));
#5031=CARTESIAN_POINT('',(-1.82607943456803E-17,-0.0033881011875,0.00909375));
#5032=CARTESIAN_POINT('',(0.00195612113264481,-0.00338810118750001,0.00921875));
#5033=CARTESIAN_POINT('',(0.00293418169896721,-0.00169405059375002,0.00934375));
#5034=CARTESIAN_POINT('',(0.00391224226528963,-1.41185906774147E-17,0.00946875));
#5035=CARTESIAN_POINT('',(0.00293418169896724,0.00169405059374998,0.00959375));
#5036=CARTESIAN_POINT('',(0.00195612113264483,0.00338810118749999,0.00971875000000001));
#5037=CARTESIAN_POINT('',(6.63876363913476E-18,0.0033881011875,0.00984375));
#5038=CARTESIAN_POINT('',(-0.0019561211326448,0.00338810118750001,0.00996874999999999));
#5039=CARTESIAN_POINT('',(-0.00293418169896722,0.00169405059375001,0.01009375));
#5040=CARTESIAN_POINT('',(-0.00391224226528963,2.90111304405001E-17,0.01021875));
#5041=CARTESIAN_POINT('',(-0.00293418169896723,-0.00169405059374998,0.01034375));
#5042=CARTESIAN_POINT('',(-0.00195612113264484,-0.00338810118749998,0.01046875));
#5043=CARTESIAN_POINT('',(-1.90906398005721E-17,-0.0033881011875,0.01059375));
#5044=CARTESIAN_POINT('',(0.00195612113264481,-0.00338810118750001,0.01071875));
#5045=CARTESIAN_POINT('',(0.00293418169896721,-0.00169405059375002,0.01084375));
#5046=CARTESIAN_POINT('',(0.00391224226528963,-1.50768136709499E-17,0.01096875));
#5047=CARTESIAN_POINT('',(0.00293418169896724,0.00169405059374997,0.01109375));
#5048=CARTESIAN_POINT('',(0.00195612113264483,0.00338810118749999,0.01121875));
#5049=CARTESIAN_POINT('',(3.15425159620096E-17,0.0033881011875,0.01134375));
#5050=CARTESIAN_POINT('',(-0.00195612113264479,0.00338810118750001,0.01146875));
#5051=CARTESIAN_POINT('',(-0.00293418169896722,0.00169405059375001,0.01159375));
#5052=CARTESIAN_POINT('',(-0.00391224226528963,2.99693534340353E-17,0.01171875));
#5053=CARTESIAN_POINT('',(-0.00293418169896723,-0.00169405059374998,0.01184375));
#5054=CARTESIAN_POINT('',(-0.00195612113264484,-0.00338810118749998,0.01196875));
#5055=CARTESIAN_POINT('',(-1.9920485255464E-17,-0.0033881011875,0.01209375));
#5056=CARTESIAN_POINT('',(0.00195612113264478,-0.00338810118750002,0.01221875));
#5057=CARTESIAN_POINT('',(0.00293418169896721,-0.00169405059375002,0.01234375));
#5058=CARTESIAN_POINT('',(0.00391224226528963,-1.60350366644851E-17,0.01246875));
#5059=CARTESIAN_POINT('',(0.00293418169896724,0.00169405059374997,0.01259375));
#5060=CARTESIAN_POINT('',(0.00195612113264483,0.00338810118749999,0.01271875));
#5061=CARTESIAN_POINT('',(3.23723614169014E-17,0.0033881011875,0.01284375));
#5062=CARTESIAN_POINT('',(-0.00195612113264479,0.00338810118750001,0.01296875));
#5063=CARTESIAN_POINT('',(-0.00293418169896722,0.00169405059375001,0.01309375));
#5064=CARTESIAN_POINT('',(-0.00391224226528963,3.09275764275705E-17,0.01321875));
#5065=CARTESIAN_POINT('',(-0.00293418169896723,-0.00169405059374998,0.01334375));
#5066=CARTESIAN_POINT('',(-0.00195612113264482,-0.00338810118749999,0.01346875));
#5067=CARTESIAN_POINT('',(-4.48242375783388E-17,-0.0033881011875,0.01359375));
#5068=CARTESIAN_POINT('',(0.00195612113264478,-0.00338810118750002,0.01371875));
#5069=CARTESIAN_POINT('',(0.00293418169896721,-0.00169405059375002,0.01384375));
#5070=CARTESIAN_POINT('',(0.00391224226528963,-1.69932596580203E-17,0.01396875));
#5071=CARTESIAN_POINT('',(0.00293418169896722,0.00169405059374999,0.01409375));
#5072=CARTESIAN_POINT('',(0.00195612113264486,0.00338810118749998,0.01421875));
#5073=CARTESIAN_POINT('',(3.32022068717932E-17,0.0033881011875,0.01434375));
#5074=CARTESIAN_POINT('',(-0.00195612113264479,0.00338810118750001,0.01446875));
#5075=CARTESIAN_POINT('',(-0.00293418169896722,0.00169405059375001,0.01459375));
#5076=CARTESIAN_POINT('',(-0.00391224226528963,4.08764619975384E-18,0.01471875));
#5077=CARTESIAN_POINT('',(-0.00293418169896724,-0.00169405059374996,0.01484375));
#5078=CARTESIAN_POINT('',(-0.00195612113264484,-0.00338810118749998,0.01496875));
#5079=CARTESIAN_POINT('',(-2.15801761652477E-17,-0.0033881011875,0.01509375));
#5080=CARTESIAN_POINT('',(0.0019561211326448,-0.00338810118750001,0.01521875));
#5081=CARTESIAN_POINT('',(0.0029341816989672,-0.00169405059375004,0.01534375));
#5082=CARTESIAN_POINT('',(0.00391224226528963,-4.57496358729074E-17,0.01546875));
#5083=CARTESIAN_POINT('',(0.00293418169896724,0.00169405059374997,0.01559375));
#5084=CARTESIAN_POINT('',(0.00195612113264484,0.00338810118749999,0.01571875));
#5085=CARTESIAN_POINT('',(9.95814545870213E-18,0.0033881011875,0.01584375));
#5086=CARTESIAN_POINT('',(-0.00195612113264477,0.00338810118750003,0.01596875));
#5087=CARTESIAN_POINT('',(-0.0029341816989672,0.00169405059375003,0.01609375));
#5088=CARTESIAN_POINT('',(-0.00391224226528963,3.28440224146409E-17,0.01621875));
#5089=CARTESIAN_POINT('',(-0.00293418169896723,-0.00169405059374998,0.01634375));
#5090=CARTESIAN_POINT('',(-0.00195612113264483,-0.00338810118749999,0.01646875));
#5091=CARTESIAN_POINT('',(-4.64839284881225E-17,-0.0033881011875,0.01659375));
#5092=CARTESIAN_POINT('',(0.00195612113264478,-0.00338810118750002,0.01671875));
#5093=CARTESIAN_POINT('',(0.00293418169896721,-0.00169405059375002,0.01684375));
#5094=CARTESIAN_POINT('',(0.00391224226528963,-1.89097056450906E-17,0.01696875));
#5095=CARTESIAN_POINT('',(0.00293418169896722,0.00169405059374999,0.01709375));
#5096=CARTESIAN_POINT('',(0.00195612113264486,0.00338810118749997,0.01721875));
#5097=CARTESIAN_POINT('',(3.48618977815769E-17,0.0033881011875,0.01734375));
#5098=CARTESIAN_POINT('',(-0.00195612113264479,0.00338810118750001,0.01746875));
#5099=CARTESIAN_POINT('',(-0.00293418169896721,0.00169405059375001,0.01759375));
#5100=CARTESIAN_POINT('',(-0.00391224226528963,6.16003986295279E-17,0.01771875));
#5101=CARTESIAN_POINT('',(-0.00293418169896724,-0.00169405059374996,0.01784375));
#5102=CARTESIAN_POINT('',(-0.00195612113264485,-0.00338810118749998,0.01796875));
#5103=CARTESIAN_POINT('',(-2.32398670750314E-17,-0.0033881011875,0.01809375));
#5104=CARTESIAN_POINT('',(0.0019561211326448,-0.00338810118750001,0.01821875));
#5105=CARTESIAN_POINT('',(0.0029341816989672,-0.00169405059375004,0.01834375));
#5106=CARTESIAN_POINT('',(0.00391224226528963,-4.76660818599777E-17,0.01846875));
#5107=CARTESIAN_POINT('',(0.00293418169896724,0.00169405059374997,0.01859375));
#5108=CARTESIAN_POINT('',(0.00195612113264484,0.00338810118749999,0.01871875));
#5109=CARTESIAN_POINT('',(1.16178363684858E-17,0.0033881011875,0.01884375));
#5110=CARTESIAN_POINT('',(-0.00195612113264476,0.00338810118750003,0.01896875));
#5111=CARTESIAN_POINT('',(-0.0029341816989672,0.00169405059375003,0.01909375));
#5112=CARTESIAN_POINT('',(-0.00391224226528963,3.47604684017112E-17,0.01921875));
#5113=CARTESIAN_POINT('',(-0.00293418169896723,-0.00169405059374998,0.01934375));
#5114=CARTESIAN_POINT('',(-0.00195612113264483,-0.00338810118749999,0.01946875));
#5115=CARTESIAN_POINT('',(-4.81436193979062E-17,-0.0033881011875,0.01959375));
#5116=CARTESIAN_POINT('',(0.00195612113264477,-0.00338810118750002,0.01971875));
#5117=CARTESIAN_POINT('',(0.00293418169896721,-0.00169405059375002,0.01984375));
#5118=CARTESIAN_POINT('',(0.00391224226528963,-2.0826151632161E-17,0.01996875));
#5119=CARTESIAN_POINT('',(0.00293418169896725,0.00169405059374995,0.02009375));
#5120=CARTESIAN_POINT('',(0.00195612113264486,0.00338810118749997,0.02021875));
#5121=CARTESIAN_POINT('',(3.65215886913606E-17,0.0033881011875,0.02034375));
#5122=CARTESIAN_POINT('',(-0.00195612113264479,0.00338810118750002,0.02046875));
#5123=CARTESIAN_POINT('',(-0.00293418169896721,0.00169405059375001,0.02059375));
#5124=CARTESIAN_POINT('',(-0.00391224226528963,6.35168446165983E-17,0.02071875));
#5125=CARTESIAN_POINT('',(-0.00293418169896724,-0.00169405059374996,0.02084375));
#5126=CARTESIAN_POINT('',(-0.00195612113264485,-0.00338810118749998,0.02096875));
#5127=CARTESIAN_POINT('',(-2.4899557984815E-17,-0.0033881011875,0.02109375));
#5128=CARTESIAN_POINT('',(0.0019561211326448,-0.00338810118750001,0.02121875));
#5129=CARTESIAN_POINT('',(0.0029341816989672,-0.00169405059375004,0.02134375));
#5130=CARTESIAN_POINT('',(0.00391224226528963,-4.95825278470481E-17,0.02146875));
#5131=CARTESIAN_POINT('',(0.00293418169896724,0.00169405059374997,0.02159375));
#5132=CARTESIAN_POINT('',(0.00195612113264484,0.00338810118749999,0.02171875));
#5133=CARTESIAN_POINT('',(1.32775272782695E-17,0.0033881011875,0.02184375));
#5134=CARTESIAN_POINT('',(-0.00195612113264476,0.00338810118750003,0.02196875));
#5135=CARTESIAN_POINT('',(-0.0029341816989672,0.00169405059375003,0.02209375));
#5136=CARTESIAN_POINT('',(-0.00391224226528963,3.66769143887816E-17,0.02221875));
#5137=CARTESIAN_POINT('',(-0.00293418169896723,-0.00169405059374998,0.02234375));
#5138=CARTESIAN_POINT('',(-0.00195612113264487,-0.00338810118749997,0.02246875));
#5139=CARTESIAN_POINT('',(-4.98033103076899E-17,-0.0033881011875,0.02259375));
#5140=CARTESIAN_POINT('',(0.00195612113264477,-0.00338810118750002,0.02271875));
#5141=CARTESIAN_POINT('',(0.00293418169896721,-0.00169405059375002,0.02284375));
#5142=CARTESIAN_POINT('',(0.00391224226528963,-2.27425976192314E-17,0.02296875));
#5143=CARTESIAN_POINT('',(0.00293418169896725,0.00169405059374995,0.02309375));
#5144=CARTESIAN_POINT('',(0.00195612113264486,0.00338810118749997,0.02321875));
#5145=CARTESIAN_POINT('',(3.81812796011443E-17,0.0033881011875,0.02334375));
#5146=CARTESIAN_POINT('',(-0.00195612113264479,0.00338810118750002,0.02346875));
#5147=CARTESIAN_POINT('',(-0.00293418169896721,0.00169405059375001,0.02359375));
#5148=CARTESIAN_POINT('',(-0.00391224226528963,6.54332906036687E-17,0.02371875));
#5149=CARTESIAN_POINT('',(-0.00293418169896724,-0.00169405059374996,0.02384375));
#5150=CARTESIAN_POINT('',(-0.00195612113264485,-0.00338810118749998,0.02396875));
#5151=CARTESIAN_POINT('',(-2.65592488945987E-17,-0.0033881011875,0.02409375));
#5152=CARTESIAN_POINT('',(0.00195612113264475,-0.00338810118750004,0.02421875));
#5153=CARTESIAN_POINT('',(0.0029341816989672,-0.00169405059375005,0.02434375));
#5154=CARTESIAN_POINT('',(0.00391224226528963,-5.14989738341185E-17,0.02446875));
#5155=CARTESIAN_POINT('',(0.00293418169896724,0.00169405059374997,0.02459375));
#5156=CARTESIAN_POINT('',(0.00195612113264484,0.00338810118749998,0.02471875));
#5157=CARTESIAN_POINT('',(6.30850319240191E-17,0.0033881011875,0.02484375));
#5158=CARTESIAN_POINT('',(-0.00195612113264476,0.00338810118750003,0.02496875));
#5159=CARTESIAN_POINT('',(-0.0029341816989672,0.00169405059375004,0.02509375));
#5160=CARTESIAN_POINT('',(-0.00391224226528963,3.8593360375852E-17,0.02521875));
#5161=CARTESIAN_POINT('',(-0.00293418169896723,-0.00169405059374998,0.02534375));
#5162=CARTESIAN_POINT('',(-0.00195612113264488,-0.00338810118749997,0.02546875));
#5163=CARTESIAN_POINT('',(-5.14630012174735E-17,-0.0033881011875,0.02559375));
#5164=CARTESIAN_POINT('',(0.00195612113264477,-0.00338810118750002,0.02571875));
#5165=CARTESIAN_POINT('',(0.00293418169896721,-0.00169405059375003,0.02584375));
#5166=CARTESIAN_POINT('',(0.00391224226528963,-2.46590436063018E-17,0.02596875));
#5167=CARTESIAN_POINT('',(0.00293418169896725,0.00169405059374995,0.02609375));
#5168=CARTESIAN_POINT('',(0.00195612113264487,0.00338810118749997,0.02621875));
#5169=CARTESIAN_POINT('',(3.9840970510928E-17,0.0033881011875,0.02634375));
#5170=CARTESIAN_POINT('',(-0.00195612113264479,0.00338810118750002,0.02646875));
#5171=CARTESIAN_POINT('',(-0.00293418169896719,0.00169405059375006,0.02659375));
#5172=CARTESIAN_POINT('',(-0.00391224226528963,6.73497365907391E-17,0.02671875));
#5173=CARTESIAN_POINT('',(-0.00293418169896725,-0.00169405059374996,0.02684375));
#5174=CARTESIAN_POINT('',(-0.00195612113264486,-0.00338810118749998,0.02696875));
#5175=CARTESIAN_POINT('',(-2.82189398043824E-17,-0.0033881011875,0.02709375));
#5176=CARTESIAN_POINT('',(0.00195612113264475,-0.00338810118750004,0.02721875));
#5177=CARTESIAN_POINT('',(0.0029341816989672,-0.00169405059375005,0.02734375));
#5178=CARTESIAN_POINT('',(0.00391224226528963,-5.34154198211888E-17,0.02746875));
#5179=CARTESIAN_POINT('',(0.00293418169896724,0.00169405059374997,0.02759375));
#5180=CARTESIAN_POINT('',(0.00195612113264484,0.00338810118749998,0.02771875));
#5181=CARTESIAN_POINT('',(6.47447228338028E-17,0.0033881011875,0.02784375));
#5182=CARTESIAN_POINT('',(-0.00131399100491304,-0.00312292447807284,1.73623091854534E-19));
#5183=CARTESIAN_POINT('',(0.00314085386260806,-0.00127053794531251,-1.15463306245852E-19));
#5184=CARTESIAN_POINT('',(0.00274962609913071,-0.00206581664620475,-1.15463306245852E-19));
#5185=CARTESIAN_POINT('',(0.00174867553029674,-0.00303685873360468,-2.64247344435886E-17));
#5186=CARTESIAN_POINT('',(-1.540586069493E-5,-0.00340759828956868,4.44082332698255E-17));
#5187=CARTESIAN_POINT('',(-0.000893703209605612,-0.00326238861452286,-9.85311046274714E-17));
#5188=CARTESIAN_POINT('',(-0.00131399100491303,-0.00312292447807274,-9.85311046274714E-17));
#5189=CARTESIAN_POINT('',(-0.000431540548494705,0.00336050627312966,-0.000627655625636686));
#5190=CARTESIAN_POINT('',(-0.00209541366478376,0.00314683944472042,-0.000513447864716253));
#5191=CARTESIAN_POINT('',(-0.00293418169896722,0.00169405059375,-0.00040625));
#5192=CARTESIAN_POINT('',(-0.00391224226528963,4.96731576204741E-19,-0.000281249999999999));
#5193=CARTESIAN_POINT('',(-0.00293418169896722,-0.00169405059375,-0.00015625));
#5194=CARTESIAN_POINT('',(-0.00195612113264482,-0.0033881011875,-3.12499999999992E-5));
#5195=CARTESIAN_POINT('',(-4.14922727445922E-19,-0.0033881011875,9.3750000000001E-5));
#5196=CARTESIAN_POINT('',(0.00195612113264482,-0.0033881011875,0.000218750000000001));
#5197=CARTESIAN_POINT('',(0.00293418169896722,-0.00169405059375,0.00034375));
#5198=CARTESIAN_POINT('',(0.00391224226528963,-4.61491417330447E-19,0.000468750000000001));
#5199=CARTESIAN_POINT('',(0.00293418169896722,0.00169405059375,0.00059375));
#5200=CARTESIAN_POINT('',(0.00195612113264482,0.0033881011875,0.000718750000000001));
#5201=CARTESIAN_POINT('',(0.,0.0033881011875,0.00084375));
#5202=CARTESIAN_POINT('',(-0.00195612113264482,0.0033881011875,0.000968750000000001));
#5203=CARTESIAN_POINT('',(-0.00293418169896722,0.00169405059375,0.00109375));
#5204=CARTESIAN_POINT('',(-0.00391224226528963,4.96731576204741E-19,0.00121875));
#5205=CARTESIAN_POINT('',(-0.00293418169896722,-0.00169405059375,0.00134375));
#5206=CARTESIAN_POINT('',(-0.00195612113264482,-0.0033881011875,0.00146875));
#5207=CARTESIAN_POINT('',(-4.14922727445922E-19,-0.0033881011875,0.00159375));
#5208=CARTESIAN_POINT('',(0.00195612113264482,-0.0033881011875,0.00171875));
#5209=CARTESIAN_POINT('',(0.00293418169896722,-0.00169405059375,0.00184375));
#5210=CARTESIAN_POINT('',(0.00391224226528963,-4.61491417330447E-19,0.00196875));
#5211=CARTESIAN_POINT('',(0.00293418169896722,0.00169405059375,0.00209375));
#5212=CARTESIAN_POINT('',(0.00195612113264482,0.0033881011875,0.00221875));
#5213=CARTESIAN_POINT('',(0.,0.0033881011875,0.00234375));
#5214=CARTESIAN_POINT('',(-0.00195612113264482,0.0033881011875,0.00246875));
#5215=CARTESIAN_POINT('',(-0.00293418169896722,0.00169405059375,0.00259375));
#5216=CARTESIAN_POINT('',(-0.00391224226528963,4.96731576204741E-19,0.00271875));
#5217=CARTESIAN_POINT('',(-0.00293418169896722,-0.00169405059375,0.00284375));
#5218=CARTESIAN_POINT('',(-0.00195612113264482,-0.0033881011875,0.00296875));
#5219=CARTESIAN_POINT('',(-4.14922727445922E-19,-0.0033881011875,0.00309375));
#5220=CARTESIAN_POINT('',(0.00195612113264482,-0.0033881011875,0.00321875));
#5221=CARTESIAN_POINT('',(0.00293418169896722,-0.00169405059375,0.00334375));
#5222=CARTESIAN_POINT('',(0.00391224226528963,-4.61491417330447E-19,0.00346875));
#5223=CARTESIAN_POINT('',(0.00293418169896722,0.00169405059375,0.00359375));
#5224=CARTESIAN_POINT('',(0.00195612113264482,0.0033881011875,0.00371875));
#5225=CARTESIAN_POINT('',(0.,0.0033881011875,0.00384375));
#5226=CARTESIAN_POINT('',(-0.00195612113264482,0.0033881011875,0.00396875));
#5227=CARTESIAN_POINT('',(-0.00293418169896722,0.00169405059375,0.00409375));
#5228=CARTESIAN_POINT('',(-0.00391224226528963,4.96731576204741E-19,0.00421875));
#5229=CARTESIAN_POINT('',(-0.00293418169896722,-0.00169405059375,0.00434375));
#5230=CARTESIAN_POINT('',(-0.00195612113264482,-0.0033881011875,0.00446875));
#5231=CARTESIAN_POINT('',(-4.14922727445922E-19,-0.0033881011875,0.00459375));
#5232=CARTESIAN_POINT('',(0.00195612113264482,-0.0033881011875,0.00471875));
#5233=CARTESIAN_POINT('',(0.00293418169896722,-0.00169405059375,0.00484375));
#5234=CARTESIAN_POINT('',(0.00391224226528963,-4.61491417330447E-19,0.00496875));
#5235=CARTESIAN_POINT('',(0.00293418169896722,0.00169405059375,0.00509375));
#5236=CARTESIAN_POINT('',(0.00195612113264482,0.0033881011875,0.00521875));
#5237=CARTESIAN_POINT('',(0.,0.0033881011875,0.00534375));
#5238=CARTESIAN_POINT('',(-0.00195612113264482,0.0033881011875,0.00546875));
#5239=CARTESIAN_POINT('',(-0.00293418169896722,0.00169405059375,0.00559375));
#5240=CARTESIAN_POINT('',(-0.00391224226528963,4.96731576204741E-19,0.00571875));
#5241=CARTESIAN_POINT('',(-0.00293418169896722,-0.00169405059375,0.00584375));
#5242=CARTESIAN_POINT('',(-0.00195612113264482,-0.0033881011875,0.00596875));
#5243=CARTESIAN_POINT('',(-4.14922727445922E-19,-0.0033881011875,0.00609375));
#5244=CARTESIAN_POINT('',(0.00195612113264482,-0.0033881011875,0.00621875));
#5245=CARTESIAN_POINT('',(0.00293418169896722,-0.00169405059375,0.00634375));
#5246=CARTESIAN_POINT('',(0.00391224226528963,-4.61491417330447E-19,0.00646875));
#5247=CARTESIAN_POINT('',(0.00293418169896722,0.00169405059375,0.00659375));
#5248=CARTESIAN_POINT('',(0.00195612113264482,0.0033881011875,0.00671875));
#5249=CARTESIAN_POINT('',(0.,0.0033881011875,0.00684375));
#5250=CARTESIAN_POINT('',(-0.00195612113264482,0.0033881011875,0.00696875));
#5251=CARTESIAN_POINT('',(-0.00293418169896722,0.00169405059375,0.00709375));
#5252=CARTESIAN_POINT('',(-0.00391224226528963,4.96731576204741E-19,0.00721875));
#5253=CARTESIAN_POINT('',(-0.00293418169896722,-0.00169405059375,0.00734375));
#5254=CARTESIAN_POINT('',(-0.00195612113264482,-0.0033881011875,0.00746875));
#5255=CARTESIAN_POINT('',(-4.14922727445922E-19,-0.0033881011875,0.00759375));
#5256=CARTESIAN_POINT('',(0.00195612113264482,-0.0033881011875,0.00771875));
#5257=CARTESIAN_POINT('',(0.00293418169896722,-0.00169405059375,0.00784375));
#5258=CARTESIAN_POINT('',(0.00391224226528963,-4.61491417330447E-19,0.00796875));
#5259=CARTESIAN_POINT('',(0.00293418169896722,0.00169405059375,0.00809375));
#5260=CARTESIAN_POINT('',(0.00195612113264482,0.0033881011875,0.00821875));
#5261=CARTESIAN_POINT('',(0.,0.0033881011875,0.00834375));
#5262=CARTESIAN_POINT('',(-0.00195612113264482,0.0033881011875,0.00846875));
#5263=CARTESIAN_POINT('',(-0.00293418169896722,0.00169405059375,0.00859375));
#5264=CARTESIAN_POINT('',(-0.00391224226528963,4.96731576204741E-19,0.00871875));
#5265=CARTESIAN_POINT('',(-0.00293418169896722,-0.00169405059375,0.00884375));
#5266=CARTESIAN_POINT('',(-0.00195612113264482,-0.0033881011875,0.00896875));
#5267=CARTESIAN_POINT('',(-4.14922727445922E-19,-0.0033881011875,0.00909375));
#5268=CARTESIAN_POINT('',(0.00195612113264482,-0.0033881011875,0.00921875));
#5269=CARTESIAN_POINT('',(0.00293418169896722,-0.00169405059375,0.00934375));
#5270=CARTESIAN_POINT('',(0.00391224226528963,-4.61491417330447E-19,0.00946875));
#5271=CARTESIAN_POINT('',(0.00293418169896722,0.00169405059375,0.00959375));
#5272=CARTESIAN_POINT('',(0.00195612113264482,0.0033881011875,0.00971875000000001));
#5273=CARTESIAN_POINT('',(0.,0.0033881011875,0.00984375));
#5274=CARTESIAN_POINT('',(-0.00195612113264482,0.0033881011875,0.00996874999999999));
#5275=CARTESIAN_POINT('',(-0.00293418169896722,0.00169405059375,0.01009375));
#5276=CARTESIAN_POINT('',(-0.00391224226528963,4.96731576204741E-19,0.01021875));
#5277=CARTESIAN_POINT('',(-0.00293418169896722,-0.00169405059375,0.01034375));
#5278=CARTESIAN_POINT('',(-0.00195612113264482,-0.0033881011875,0.01046875));
#5279=CARTESIAN_POINT('',(-4.14922727445922E-19,-0.0033881011875,0.01059375));
#5280=CARTESIAN_POINT('',(0.00195612113264482,-0.0033881011875,0.01071875));
#5281=CARTESIAN_POINT('',(0.00293418169896722,-0.00169405059375,0.01084375));
#5282=CARTESIAN_POINT('',(0.00391224226528963,-4.61491417330447E-19,0.01096875));
#5283=CARTESIAN_POINT('',(0.00293418169896722,0.00169405059375,0.01109375));
#5284=CARTESIAN_POINT('',(0.00195612113264482,0.0033881011875,0.01121875));
#5285=CARTESIAN_POINT('',(0.,0.0033881011875,0.01134375));
#5286=CARTESIAN_POINT('',(-0.00195612113264482,0.0033881011875,0.01146875));
#5287=CARTESIAN_POINT('',(-0.00293418169896722,0.00169405059375,0.01159375));
#5288=CARTESIAN_POINT('',(-0.00391224226528963,4.96731576204741E-19,0.01171875));
#5289=CARTESIAN_POINT('',(-0.00293418169896722,-0.00169405059375,0.01184375));
#5290=CARTESIAN_POINT('',(-0.00195612113264482,-0.0033881011875,0.01196875));
#5291=CARTESIAN_POINT('',(-4.14922727445922E-19,-0.0033881011875,0.01209375));
#5292=CARTESIAN_POINT('',(0.00195612113264482,-0.0033881011875,0.01221875));
#5293=CARTESIAN_POINT('',(0.00293418169896722,-0.00169405059375,0.01234375));
#5294=CARTESIAN_POINT('',(0.00391224226528963,-4.61491417330447E-19,0.01246875));
#5295=CARTESIAN_POINT('',(0.00293418169896722,0.00169405059375,0.01259375));
#5296=CARTESIAN_POINT('',(0.00195612113264482,0.0033881011875,0.01271875));
#5297=CARTESIAN_POINT('',(0.,0.0033881011875,0.01284375));
#5298=CARTESIAN_POINT('',(-0.00195612113264482,0.0033881011875,0.01296875));
#5299=CARTESIAN_POINT('',(-0.00293418169896722,0.00169405059375,0.01309375));
#5300=CARTESIAN_POINT('',(-0.00391224226528963,4.96731576204741E-19,0.01321875));
#5301=CARTESIAN_POINT('',(-0.00293418169896722,-0.00169405059375,0.01334375));
#5302=CARTESIAN_POINT('',(-0.00195612113264482,-0.0033881011875,0.01346875));
#5303=CARTESIAN_POINT('',(-4.14922727445922E-19,-0.0033881011875,0.01359375));
#5304=CARTESIAN_POINT('',(0.00195612113264482,-0.0033881011875,0.01371875));
#5305=CARTESIAN_POINT('',(0.00293418169896722,-0.00169405059375,0.01384375));
#5306=CARTESIAN_POINT('',(0.00391224226528963,-4.61491417330447E-19,0.01396875));
#5307=CARTESIAN_POINT('',(0.00293418169896722,0.00169405059375,0.01409375));
#5308=CARTESIAN_POINT('',(0.00195612113264482,0.0033881011875,0.01421875));
#5309=CARTESIAN_POINT('',(0.,0.0033881011875,0.01434375));
#5310=CARTESIAN_POINT('',(-0.00195612113264482,0.0033881011875,0.01446875));
#5311=CARTESIAN_POINT('',(-0.00293418169896722,0.00169405059375,0.01459375));
#5312=CARTESIAN_POINT('',(-0.00391224226528963,4.96731576204741E-19,0.01471875));
#5313=CARTESIAN_POINT('',(-0.00293418169896722,-0.00169405059375,0.01484375));
#5314=CARTESIAN_POINT('',(-0.00195612113264482,-0.0033881011875,0.01496875));
#5315=CARTESIAN_POINT('',(-4.14922727445922E-19,-0.0033881011875,0.01509375));
#5316=CARTESIAN_POINT('',(0.00195612113264482,-0.0033881011875,0.01521875));
#5317=CARTESIAN_POINT('',(0.00293418169896722,-0.00169405059375,0.01534375));
#5318=CARTESIAN_POINT('',(0.00391224226528963,-4.61491417330447E-19,0.01546875));
#5319=CARTESIAN_POINT('',(0.00293418169896722,0.00169405059375,0.01559375));
#5320=CARTESIAN_POINT('',(0.00195612113264482,0.0033881011875,0.01571875));
#5321=CARTESIAN_POINT('',(0.,0.0033881011875,0.01584375));
#5322=CARTESIAN_POINT('',(-0.00195612113264482,0.0033881011875,0.01596875));
#5323=CARTESIAN_POINT('',(-0.00293418169896722,0.00169405059375,0.01609375));
#5324=CARTESIAN_POINT('',(-0.00391224226528963,4.96731576204741E-19,0.01621875));
#5325=CARTESIAN_POINT('',(-0.00293418169896722,-0.00169405059375,0.01634375));
#5326=CARTESIAN_POINT('',(-0.00195612113264482,-0.0033881011875,0.01646875));
#5327=CARTESIAN_POINT('',(-4.14922727445922E-19,-0.0033881011875,0.01659375));
#5328=CARTESIAN_POINT('',(0.00195612113264482,-0.0033881011875,0.01671875));
#5329=CARTESIAN_POINT('',(0.00293418169896722,-0.00169405059375,0.01684375));
#5330=CARTESIAN_POINT('',(0.00391224226528963,-4.61491417330447E-19,0.01696875));
#5331=CARTESIAN_POINT('',(0.00293418169896722,0.00169405059375,0.01709375));
#5332=CARTESIAN_POINT('',(0.00195612113264482,0.0033881011875,0.01721875));
#5333=CARTESIAN_POINT('',(0.,0.0033881011875,0.01734375));
#5334=CARTESIAN_POINT('',(-0.00195612113264482,0.0033881011875,0.01746875));
#5335=CARTESIAN_POINT('',(-0.00293418169896722,0.00169405059375,0.01759375));
#5336=CARTESIAN_POINT('',(-0.00391224226528963,4.96731576204741E-19,0.01771875));
#5337=CARTESIAN_POINT('',(-0.00293418169896722,-0.00169405059375,0.01784375));
#5338=CARTESIAN_POINT('',(-0.00195612113264482,-0.0033881011875,0.01796875));
#5339=CARTESIAN_POINT('',(-4.14922727445922E-19,-0.0033881011875,0.01809375));
#5340=CARTESIAN_POINT('',(0.00195612113264482,-0.0033881011875,0.01821875));
#5341=CARTESIAN_POINT('',(0.00293418169896722,-0.00169405059375,0.01834375));
#5342=CARTESIAN_POINT('',(0.00391224226528963,-4.61491417330447E-19,0.01846875));
#5343=CARTESIAN_POINT('',(0.00293418169896722,0.00169405059375,0.01859375));
#5344=CARTESIAN_POINT('',(0.00195612113264482,0.0033881011875,0.01871875));
#5345=CARTESIAN_POINT('',(0.,0.0033881011875,0.01884375));
#5346=CARTESIAN_POINT('',(-0.00195612113264482,0.0033881011875,0.01896875));
#5347=CARTESIAN_POINT('',(-0.00293418169896722,0.00169405059375,0.01909375));
#5348=CARTESIAN_POINT('',(-0.00391224226528963,4.96731576204741E-19,0.01921875));
#5349=CARTESIAN_POINT('',(-0.00293418169896722,-0.00169405059375,0.01934375));
#5350=CARTESIAN_POINT('',(-0.00195612113264482,-0.0033881011875,0.01946875));
#5351=CARTESIAN_POINT('',(-4.14922727445922E-19,-0.0033881011875,0.01959375));
#5352=CARTESIAN_POINT('',(0.00195612113264482,-0.0033881011875,0.01971875));
#5353=CARTESIAN_POINT('',(0.00293418169896722,-0.00169405059375,0.01984375));
#5354=CARTESIAN_POINT('',(0.00391224226528963,-4.61491417330447E-19,0.01996875));
#5355=CARTESIAN_POINT('',(0.00293418169896722,0.00169405059375,0.02009375));
#5356=CARTESIAN_POINT('',(0.00195612113264482,0.0033881011875,0.02021875));
#5357=CARTESIAN_POINT('',(0.,0.0033881011875,0.02034375));
#5358=CARTESIAN_POINT('',(-0.00195612113264482,0.0033881011875,0.02046875));
#5359=CARTESIAN_POINT('',(-0.00293418169896722,0.00169405059375,0.02059375));
#5360=CARTESIAN_POINT('',(-0.00391224226528963,4.96731576204741E-19,0.02071875));
#5361=CARTESIAN_POINT('',(-0.00293418169896722,-0.00169405059375,0.02084375));
#5362=CARTESIAN_POINT('',(-0.00195612113264482,-0.0033881011875,0.02096875));
#5363=CARTESIAN_POINT('',(-4.14922727445922E-19,-0.0033881011875,0.02109375));
#5364=CARTESIAN_POINT('',(0.00195612113264482,-0.0033881011875,0.02121875));
#5365=CARTESIAN_POINT('',(0.00293418169896722,-0.00169405059375,0.02134375));
#5366=CARTESIAN_POINT('',(0.00391224226528963,-4.61491417330447E-19,0.02146875));
#5367=CARTESIAN_POINT('',(0.00293418169896722,0.00169405059375,0.02159375));
#5368=CARTESIAN_POINT('',(0.00195612113264482,0.0033881011875,0.02171875));
#5369=CARTESIAN_POINT('',(0.,0.0033881011875,0.02184375));
#5370=CARTESIAN_POINT('',(-0.00195612113264482,0.0033881011875,0.02196875));
#5371=CARTESIAN_POINT('',(-0.00293418169896722,0.00169405059375,0.02209375));
#5372=CARTESIAN_POINT('',(-0.00391224226528963,4.96731576204741E-19,0.02221875));
#5373=CARTESIAN_POINT('',(-0.00293418169896722,-0.00169405059375,0.02234375));
#5374=CARTESIAN_POINT('',(-0.00195612113264482,-0.0033881011875,0.02246875));
#5375=CARTESIAN_POINT('',(-4.14922727445922E-19,-0.0033881011875,0.02259375));
#5376=CARTESIAN_POINT('',(0.00195612113264482,-0.0033881011875,0.02271875));
#5377=CARTESIAN_POINT('',(0.00293418169896722,-0.00169405059375,0.02284375));
#5378=CARTESIAN_POINT('',(0.00391224226528963,-4.61491417330447E-19,0.02296875));
#5379=CARTESIAN_POINT('',(0.00293418169896722,0.00169405059375,0.02309375));
#5380=CARTESIAN_POINT('',(0.00195612113264482,0.0033881011875,0.02321875));
#5381=CARTESIAN_POINT('',(0.,0.0033881011875,0.02334375));
#5382=CARTESIAN_POINT('',(-0.00195612113264482,0.0033881011875,0.02346875));
#5383=CARTESIAN_POINT('',(-0.00293418169896722,0.00169405059375,0.02359375));
#5384=CARTESIAN_POINT('',(-0.00391224226528963,4.96731576204741E-19,0.02371875));
#5385=CARTESIAN_POINT('',(-0.00293418169896722,-0.00169405059375,0.02384375));
#5386=CARTESIAN_POINT('',(-0.00195612113264482,-0.0033881011875,0.02396875));
#5387=CARTESIAN_POINT('',(-4.14922727445922E-19,-0.0033881011875,0.02409375));
#5388=CARTESIAN_POINT('',(0.00195612113264482,-0.0033881011875,0.02421875));
#5389=CARTESIAN_POINT('',(0.00293418169896722,-0.00169405059375,0.02434375));
#5390=CARTESIAN_POINT('',(0.00391224226528963,-4.61491417330447E-19,0.02446875));
#5391=CARTESIAN_POINT('',(0.00293418169896722,0.00169405059375,0.02459375));
#5392=CARTESIAN_POINT('',(0.00195612113264482,0.0033881011875,0.02471875));
#5393=CARTESIAN_POINT('',(0.,0.0033881011875,0.02484375));
#5394=CARTESIAN_POINT('',(-0.00195612113264482,0.0033881011875,0.02496875));
#5395=CARTESIAN_POINT('',(-0.00293418169896722,0.00169405059375,0.02509375));
#5396=CARTESIAN_POINT('',(-0.00313371850462499,0.00134844270837076,0.0251192515911755));
#5397=CARTESIAN_POINT('',(-0.00324749242479638,0.000965930953862153,0.0251474762318621));
#5398=CARTESIAN_POINT('',(-0.000534951644999464,0.00416579245012427,-0.000158905625636686));
#5399=CARTESIAN_POINT('',(-0.00259754266624654,0.00390092412723307,-4.46978647162532E-5));
#5400=CARTESIAN_POINT('',(-0.00363730669589465,0.0021,6.25000000000007E-5));
#5401=CARTESIAN_POINT('',(-0.00484974226119285,5.54136894663918E-19,0.000187500000000001));
#5402=CARTESIAN_POINT('',(-0.00363730669589465,-0.0021,0.0003125));
#5403=CARTESIAN_POINT('',(-0.00242487113059643,-0.0042,0.000437500000000001));
#5404=CARTESIAN_POINT('',(-5.14351655641888E-19,-0.0042,0.0005625));
#5405=CARTESIAN_POINT('',(0.00242487113059643,-0.0042,0.0006875));
#5406=CARTESIAN_POINT('',(0.00363730669589464,-0.0021,0.0008125));
#5407=CARTESIAN_POINT('',(0.00484974226119285,-6.33707372707977E-19,0.000937500000000001));
#5408=CARTESIAN_POINT('',(0.00363730669589465,0.0021,0.0010625));
#5409=CARTESIAN_POINT('',(0.00242487113059643,0.0042,0.0011875));
#5410=CARTESIAN_POINT('',(0.,0.0042,0.0013125));
#5411=CARTESIAN_POINT('',(-0.00242487113059643,0.0042,0.0014375));
#5412=CARTESIAN_POINT('',(-0.00363730669589465,0.0021,0.0015625));
#5413=CARTESIAN_POINT('',(-0.00484974226119285,5.54136894663918E-19,0.0016875));
#5414=CARTESIAN_POINT('',(-0.00363730669589465,-0.0021,0.0018125));
#5415=CARTESIAN_POINT('',(-0.00242487113059643,-0.0042,0.0019375));
#5416=CARTESIAN_POINT('',(-5.14351655641888E-19,-0.0042,0.0020625));
#5417=CARTESIAN_POINT('',(0.00242487113059643,-0.0042,0.0021875));
#5418=CARTESIAN_POINT('',(0.00363730669589464,-0.0021,0.0023125));
#5419=CARTESIAN_POINT('',(0.00484974226119285,-6.33707372707977E-19,0.0024375));
#5420=CARTESIAN_POINT('',(0.00363730669589465,0.0021,0.0025625));
#5421=CARTESIAN_POINT('',(0.00242487113059643,0.0042,0.0026875));
#5422=CARTESIAN_POINT('',(0.,0.0042,0.0028125));
#5423=CARTESIAN_POINT('',(-0.00242487113059643,0.0042,0.0029375));
#5424=CARTESIAN_POINT('',(-0.00363730669589465,0.0021,0.0030625));
#5425=CARTESIAN_POINT('',(-0.00484974226119285,5.54136894663918E-19,0.0031875));
#5426=CARTESIAN_POINT('',(-0.00363730669589465,-0.0021,0.0033125));
#5427=CARTESIAN_POINT('',(-0.00242487113059643,-0.0042,0.0034375));
#5428=CARTESIAN_POINT('',(-5.14351655641888E-19,-0.0042,0.0035625));
#5429=CARTESIAN_POINT('',(0.00242487113059643,-0.0042,0.0036875));
#5430=CARTESIAN_POINT('',(0.00363730669589464,-0.0021,0.0038125));
#5431=CARTESIAN_POINT('',(0.00484974226119285,-6.33707372707977E-19,0.0039375));
#5432=CARTESIAN_POINT('',(0.00363730669589465,0.0021,0.0040625));
#5433=CARTESIAN_POINT('',(0.00242487113059643,0.0042,0.0041875));
#5434=CARTESIAN_POINT('',(0.,0.0042,0.0043125));
#5435=CARTESIAN_POINT('',(-0.00242487113059643,0.0042,0.0044375));
#5436=CARTESIAN_POINT('',(-0.00363730669589465,0.0021,0.0045625));
#5437=CARTESIAN_POINT('',(-0.00484974226119285,5.54136894663918E-19,0.0046875));
#5438=CARTESIAN_POINT('',(-0.00363730669589465,-0.0021,0.0048125));
#5439=CARTESIAN_POINT('',(-0.00242487113059643,-0.0042,0.0049375));
#5440=CARTESIAN_POINT('',(-5.14351655641888E-19,-0.0042,0.0050625));
#5441=CARTESIAN_POINT('',(0.00242487113059643,-0.0042,0.0051875));
#5442=CARTESIAN_POINT('',(0.00363730669589464,-0.0021,0.0053125));
#5443=CARTESIAN_POINT('',(0.00484974226119285,-6.33707372707977E-19,0.0054375));
#5444=CARTESIAN_POINT('',(0.00363730669589465,0.0021,0.0055625));
#5445=CARTESIAN_POINT('',(0.00242487113059643,0.0042,0.0056875));
#5446=CARTESIAN_POINT('',(0.,0.0042,0.0058125));
#5447=CARTESIAN_POINT('',(-0.00242487113059643,0.0042,0.0059375));
#5448=CARTESIAN_POINT('',(-0.00363730669589465,0.0021,0.0060625));
#5449=CARTESIAN_POINT('',(-0.00484974226119285,5.54136894663918E-19,0.0061875));
#5450=CARTESIAN_POINT('',(-0.00363730669589465,-0.0021,0.0063125));
#5451=CARTESIAN_POINT('',(-0.00242487113059643,-0.0042,0.0064375));
#5452=CARTESIAN_POINT('',(-5.14351655641888E-19,-0.0042,0.0065625));
#5453=CARTESIAN_POINT('',(0.00242487113059643,-0.0042,0.00668749999999999));
#5454=CARTESIAN_POINT('',(0.00363730669589464,-0.0021,0.0068125));
#5455=CARTESIAN_POINT('',(0.00484974226119285,-6.33707372707977E-19,0.00693749999999999));
#5456=CARTESIAN_POINT('',(0.00363730669589465,0.0021,0.0070625));
#5457=CARTESIAN_POINT('',(0.00242487113059643,0.0042,0.00718749999999999));
#5458=CARTESIAN_POINT('',(0.,0.0042,0.0073125));
#5459=CARTESIAN_POINT('',(-0.00242487113059643,0.0042,0.0074375));
#5460=CARTESIAN_POINT('',(-0.00363730669589465,0.0021,0.0075625));
#5461=CARTESIAN_POINT('',(-0.00484974226119285,5.54136894663918E-19,0.0076875));
#5462=CARTESIAN_POINT('',(-0.00363730669589465,-0.0021,0.0078125));
#5463=CARTESIAN_POINT('',(-0.00242487113059643,-0.0042,0.00793749999999999));
#5464=CARTESIAN_POINT('',(-5.14351655641888E-19,-0.0042,0.0080625));
#5465=CARTESIAN_POINT('',(0.00242487113059643,-0.0042,0.0081875));
#5466=CARTESIAN_POINT('',(0.00363730669589464,-0.0021,0.0083125));
#5467=CARTESIAN_POINT('',(0.00484974226119285,-6.33707372707977E-19,0.0084375));
#5468=CARTESIAN_POINT('',(0.00363730669589465,0.0021,0.0085625));
#5469=CARTESIAN_POINT('',(0.00242487113059643,0.0042,0.0086875));
#5470=CARTESIAN_POINT('',(0.,0.0042,0.0088125));
#5471=CARTESIAN_POINT('',(-0.00242487113059643,0.0042,0.0089375));
#5472=CARTESIAN_POINT('',(-0.00363730669589465,0.0021,0.0090625));
#5473=CARTESIAN_POINT('',(-0.00484974226119285,5.54136894663918E-19,0.0091875));
#5474=CARTESIAN_POINT('',(-0.00363730669589465,-0.0021,0.0093125));
#5475=CARTESIAN_POINT('',(-0.00242487113059643,-0.0042,0.0094375));
#5476=CARTESIAN_POINT('',(-5.14351655641888E-19,-0.0042,0.0095625));
#5477=CARTESIAN_POINT('',(0.00242487113059643,-0.0042,0.0096875));
#5478=CARTESIAN_POINT('',(0.00363730669589464,-0.0021,0.0098125));
#5479=CARTESIAN_POINT('',(0.00484974226119285,-6.33707372707977E-19,0.0099375));
#5480=CARTESIAN_POINT('',(0.00363730669589465,0.0021,0.0100625));
#5481=CARTESIAN_POINT('',(0.00242487113059643,0.0042,0.0101875));
#5482=CARTESIAN_POINT('',(0.,0.0042,0.0103125));
#5483=CARTESIAN_POINT('',(-0.00242487113059643,0.0042,0.0104375));
#5484=CARTESIAN_POINT('',(-0.00363730669589465,0.0021,0.0105625));
#5485=CARTESIAN_POINT('',(-0.00484974226119285,5.54136894663918E-19,0.0106875));
#5486=CARTESIAN_POINT('',(-0.00363730669589465,-0.0021,0.0108125));
#5487=CARTESIAN_POINT('',(-0.00242487113059643,-0.0042,0.0109375));
#5488=CARTESIAN_POINT('',(-5.14351655641888E-19,-0.0042,0.0110625));
#5489=CARTESIAN_POINT('',(0.00242487113059643,-0.0042,0.0111875));
#5490=CARTESIAN_POINT('',(0.00363730669589464,-0.0021,0.0113125));
#5491=CARTESIAN_POINT('',(0.00484974226119285,-6.33707372707977E-19,0.0114375));
#5492=CARTESIAN_POINT('',(0.00363730669589465,0.0021,0.0115625));
#5493=CARTESIAN_POINT('',(0.00242487113059643,0.0042,0.0116875));
#5494=CARTESIAN_POINT('',(0.,0.0042,0.0118125));
#5495=CARTESIAN_POINT('',(-0.00242487113059643,0.0042,0.0119375));
#5496=CARTESIAN_POINT('',(-0.00363730669589465,0.0021,0.0120625));
#5497=CARTESIAN_POINT('',(-0.00484974226119285,5.54136894663918E-19,0.0121875));
#5498=CARTESIAN_POINT('',(-0.00363730669589465,-0.0021,0.0123125));
#5499=CARTESIAN_POINT('',(-0.00242487113059643,-0.0042,0.0124375));
#5500=CARTESIAN_POINT('',(-5.14351655641888E-19,-0.0042,0.0125625));
#5501=CARTESIAN_POINT('',(0.00242487113059643,-0.0042,0.0126875));
#5502=CARTESIAN_POINT('',(0.00363730669589464,-0.0021,0.0128125));
#5503=CARTESIAN_POINT('',(0.00484974226119285,-6.33707372707977E-19,0.0129375));
#5504=CARTESIAN_POINT('',(0.00363730669589465,0.0021,0.0130625));
#5505=CARTESIAN_POINT('',(0.00242487113059643,0.0042,0.0131875));
#5506=CARTESIAN_POINT('',(0.,0.0042,0.0133125));
#5507=CARTESIAN_POINT('',(-0.00242487113059643,0.0042,0.0134375));
#5508=CARTESIAN_POINT('',(-0.00363730669589465,0.0021,0.0135625));
#5509=CARTESIAN_POINT('',(-0.00484974226119285,5.54136894663918E-19,0.0136875));
#5510=CARTESIAN_POINT('',(-0.00363730669589465,-0.0021,0.0138125));
#5511=CARTESIAN_POINT('',(-0.00242487113059643,-0.0042,0.0139375));
#5512=CARTESIAN_POINT('',(-5.14351655641888E-19,-0.0042,0.0140625));
#5513=CARTESIAN_POINT('',(0.00242487113059643,-0.0042,0.0141875));
#5514=CARTESIAN_POINT('',(0.00363730669589464,-0.0021,0.0143125));
#5515=CARTESIAN_POINT('',(0.00484974226119285,-6.33707372707977E-19,0.0144375));
#5516=CARTESIAN_POINT('',(0.00363730669589465,0.0021,0.0145625));
#5517=CARTESIAN_POINT('',(0.00242487113059643,0.0042,0.0146875));
#5518=CARTESIAN_POINT('',(0.,0.0042,0.0148125));
#5519=CARTESIAN_POINT('',(-0.00242487113059643,0.0042,0.0149375));
#5520=CARTESIAN_POINT('',(-0.00363730669589465,0.0021,0.0150625));
#5521=CARTESIAN_POINT('',(-0.00484974226119285,5.54136894663918E-19,0.0151875));
#5522=CARTESIAN_POINT('',(-0.00363730669589465,-0.0021,0.0153125));
#5523=CARTESIAN_POINT('',(-0.00242487113059643,-0.0042,0.0154375));
#5524=CARTESIAN_POINT('',(-5.14351655641888E-19,-0.0042,0.0155625));
#5525=CARTESIAN_POINT('',(0.00242487113059643,-0.0042,0.0156875));
#5526=CARTESIAN_POINT('',(0.00363730669589464,-0.0021,0.0158125));
#5527=CARTESIAN_POINT('',(0.00484974226119285,-6.33707372707977E-19,0.0159375));
#5528=CARTESIAN_POINT('',(0.00363730669589465,0.0021,0.0160625));
#5529=CARTESIAN_POINT('',(0.00242487113059643,0.0042,0.0161875));
#5530=CARTESIAN_POINT('',(0.,0.0042,0.0163125));
#5531=CARTESIAN_POINT('',(-0.00242487113059643,0.0042,0.0164375));
#5532=CARTESIAN_POINT('',(-0.00363730669589465,0.0021,0.0165625));
#5533=CARTESIAN_POINT('',(-0.00484974226119285,5.54136894663918E-19,0.0166875));
#5534=CARTESIAN_POINT('',(-0.00363730669589465,-0.0021,0.0168125));
#5535=CARTESIAN_POINT('',(-0.00242487113059643,-0.0042,0.0169375));
#5536=CARTESIAN_POINT('',(-5.14351655641888E-19,-0.0042,0.0170625));
#5537=CARTESIAN_POINT('',(0.00242487113059643,-0.0042,0.0171875));
#5538=CARTESIAN_POINT('',(0.00363730669589464,-0.0021,0.0173125));
#5539=CARTESIAN_POINT('',(0.00484974226119285,-6.33707372707977E-19,0.0174375));
#5540=CARTESIAN_POINT('',(0.00363730669589465,0.0021,0.0175625));
#5541=CARTESIAN_POINT('',(0.00242487113059643,0.0042,0.0176875));
#5542=CARTESIAN_POINT('',(0.,0.0042,0.0178125));
#5543=CARTESIAN_POINT('',(-0.00242487113059643,0.0042,0.0179375));
#5544=CARTESIAN_POINT('',(-0.00363730669589465,0.0021,0.0180625));
#5545=CARTESIAN_POINT('',(-0.00484974226119285,5.54136894663918E-19,0.0181875));
#5546=CARTESIAN_POINT('',(-0.00363730669589465,-0.0021,0.0183125));
#5547=CARTESIAN_POINT('',(-0.00242487113059643,-0.0042,0.0184375));
#5548=CARTESIAN_POINT('',(-5.14351655641888E-19,-0.0042,0.0185625));
#5549=CARTESIAN_POINT('',(0.00242487113059643,-0.0042,0.0186875));
#5550=CARTESIAN_POINT('',(0.00363730669589464,-0.0021,0.0188125));
#5551=CARTESIAN_POINT('',(0.00484974226119285,-6.33707372707977E-19,0.0189375));
#5552=CARTESIAN_POINT('',(0.00363730669589465,0.0021,0.0190625));
#5553=CARTESIAN_POINT('',(0.00242487113059643,0.0042,0.0191875));
#5554=CARTESIAN_POINT('',(0.,0.0042,0.0193125));
#5555=CARTESIAN_POINT('',(-0.00242487113059643,0.0042,0.0194375));
#5556=CARTESIAN_POINT('',(-0.00363730669589465,0.0021,0.0195625));
#5557=CARTESIAN_POINT('',(-0.00484974226119285,5.54136894663918E-19,0.0196875));
#5558=CARTESIAN_POINT('',(-0.00363730669589465,-0.0021,0.0198125));
#5559=CARTESIAN_POINT('',(-0.00242487113059643,-0.0042,0.0199375));
#5560=CARTESIAN_POINT('',(-5.14351655641888E-19,-0.0042,0.0200625));
#5561=CARTESIAN_POINT('',(0.00242487113059643,-0.0042,0.0201875));
#5562=CARTESIAN_POINT('',(0.00363730669589464,-0.0021,0.0203125));
#5563=CARTESIAN_POINT('',(0.00484974226119285,-6.33707372707977E-19,0.0204375));
#5564=CARTESIAN_POINT('',(0.00363730669589465,0.0021,0.0205625));
#5565=CARTESIAN_POINT('',(0.00242487113059643,0.0042,0.0206875));
#5566=CARTESIAN_POINT('',(0.,0.0042,0.0208125));
#5567=CARTESIAN_POINT('',(-0.00242487113059643,0.0042,0.0209375));
#5568=CARTESIAN_POINT('',(-0.00363730669589465,0.0021,0.0210625));
#5569=CARTESIAN_POINT('',(-0.00484974226119285,5.54136894663918E-19,0.0211875));
#5570=CARTESIAN_POINT('',(-0.00363730669589465,-0.0021,0.0213125));
#5571=CARTESIAN_POINT('',(-0.00242487113059643,-0.0042,0.0214375));
#5572=CARTESIAN_POINT('',(-5.14351655641888E-19,-0.0042,0.0215625));
#5573=CARTESIAN_POINT('',(0.00242487113059643,-0.0042,0.0216875));
#5574=CARTESIAN_POINT('',(0.00363730669589464,-0.0021,0.0218125));
#5575=CARTESIAN_POINT('',(0.00484974226119285,-6.33707372707977E-19,0.0219375));
#5576=CARTESIAN_POINT('',(0.00363730669589465,0.0021,0.0220625));
#5577=CARTESIAN_POINT('',(0.00242487113059643,0.0042,0.0221875));
#5578=CARTESIAN_POINT('',(0.,0.0042,0.0223125));
#5579=CARTESIAN_POINT('',(-0.00242487113059643,0.0042,0.0224375));
#5580=CARTESIAN_POINT('',(-0.00363730669589465,0.0021,0.0225625));
#5581=CARTESIAN_POINT('',(-0.00484974226119285,5.54136894663918E-19,0.0226875));
#5582=CARTESIAN_POINT('',(-0.00363730669589465,-0.0021,0.0228125));
#5583=CARTESIAN_POINT('',(-0.00242487113059643,-0.0042,0.0229375));
#5584=CARTESIAN_POINT('',(-5.14351655641888E-19,-0.0042,0.0230625));
#5585=CARTESIAN_POINT('',(0.00242487113059643,-0.0042,0.0231875));
#5586=CARTESIAN_POINT('',(0.00363730669589464,-0.0021,0.0233125));
#5587=CARTESIAN_POINT('',(0.00484974226119285,-6.33707372707977E-19,0.0234375));
#5588=CARTESIAN_POINT('',(0.00363730669589465,0.0021,0.0235625));
#5589=CARTESIAN_POINT('',(0.00242487113059643,0.0042,0.0236875));
#5590=CARTESIAN_POINT('',(0.,0.0042,0.0238125));
#5591=CARTESIAN_POINT('',(-0.00242487113059643,0.0042,0.0239375));
#5592=CARTESIAN_POINT('',(-0.00363730669589465,0.0021,0.0240625));
#5593=CARTESIAN_POINT('',(-0.00484974226119285,5.54136894663918E-19,0.0241875));
#5594=CARTESIAN_POINT('',(-0.00363730669589465,-0.0021,0.0243125));
#5595=CARTESIAN_POINT('',(-0.00242487113059643,-0.0042,0.0244375));
#5596=CARTESIAN_POINT('',(-5.14351655641888E-19,-0.0042,0.0245625));
#5597=CARTESIAN_POINT('',(0.00242487113059643,-0.0042,0.0246875));
#5598=CARTESIAN_POINT('',(0.00363730669589464,-0.0021,0.0248125));
#5599=CARTESIAN_POINT('',(0.00484974226119285,-6.33707372707977E-19,0.0249375));
#5600=CARTESIAN_POINT('',(0.00363730669589465,0.0021,0.0250625));
#5601=CARTESIAN_POINT('',(0.00242487113059643,0.0042,0.0251875));
#5602=CARTESIAN_POINT('',(0.,0.0042,0.0253125));
#5603=CARTESIAN_POINT('',(-0.00242487113059643,0.0042,0.0254375));
#5604=CARTESIAN_POINT('',(-0.00363730669589465,0.0021,0.0255625));
#5605=CARTESIAN_POINT('',(-0.0038846589847975,0.0016715732682518,0.0255880015911755));
#5606=CARTESIAN_POINT('',(-0.00402569682229858,0.00119739930471632,0.0256162262318621));
#5607=CARTESIAN_POINT('',(-0.00131399100491303,-0.00312292447807284,1.95325978336351E-19));
#5608=CARTESIAN_POINT('',(-0.00192257924764429,-0.00295308811314474,1.95325978336351E-19));
#5609=CARTESIAN_POINT('',(-0.00302125148839885,-0.00227694205819492,1.81786713700001E-17));
#5610=CARTESIAN_POINT('',(-0.0039305610007145,-0.000552298862352284,-1.12272421766194E-17));
#5611=CARTESIAN_POINT('',(-0.00394181096538832,0.00137180597543737,4.86970032418961E-18));
#5612=CARTESIAN_POINT('',(-0.00334342080933315,0.00251615140436049,-1.14716824536317E-18));
#5613=CARTESIAN_POINT('',(-0.00294264293073254,0.00299680706456219,-1.14716824536317E-18));
#5614=CARTESIAN_POINT('',(0.00219934305631735,-0.00357811264783945,-0.000618117224137617));
#5615=CARTESIAN_POINT('',(0.00310548849671514,-0.00302113614136868,-0.000554829532224325));
#5616=CARTESIAN_POINT('',(0.00363730669589464,-0.0021,-0.0005));
#5617=CARTESIAN_POINT('',(0.00484974226119285,-6.33707372707977E-19,-0.000374999999999999));
#5618=CARTESIAN_POINT('',(0.00363730669589465,0.0021,-0.00025));
#5619=CARTESIAN_POINT('',(0.00242487113059643,0.0042,-0.000124999999999999));
#5620=CARTESIAN_POINT('',(0.,0.0042,1.3010426069826E-18));
#5621=CARTESIAN_POINT('',(-0.00242487113059643,0.0042,0.000125000000000001));
#5622=CARTESIAN_POINT('',(-0.00363730669589465,0.0021,0.00025));
#5623=CARTESIAN_POINT('',(-0.00484974226119285,5.54136894663918E-19,0.000375000000000001));
#5624=CARTESIAN_POINT('',(-0.00363730669589465,-0.0021,0.0005));
#5625=CARTESIAN_POINT('',(-0.00242487113059643,-0.0042,0.000625000000000002));
#5626=CARTESIAN_POINT('',(-5.14351655641888E-19,-0.0042,0.00075));
#5627=CARTESIAN_POINT('',(0.00242487113059643,-0.0042,0.000875000000000001));
#5628=CARTESIAN_POINT('',(0.00363730669589464,-0.0021,0.001));
#5629=CARTESIAN_POINT('',(0.00484974226119285,-6.33707372707977E-19,0.001125));
#5630=CARTESIAN_POINT('',(0.00363730669589465,0.0021,0.00125));
#5631=CARTESIAN_POINT('',(0.00242487113059643,0.0042,0.001375));
#5632=CARTESIAN_POINT('',(0.,0.0042,0.0015));
#5633=CARTESIAN_POINT('',(-0.00242487113059643,0.0042,0.001625));
#5634=CARTESIAN_POINT('',(-0.00363730669589465,0.0021,0.00175));
#5635=CARTESIAN_POINT('',(-0.00484974226119285,5.54136894663918E-19,0.001875));
#5636=CARTESIAN_POINT('',(-0.00363730669589465,-0.0021,0.002));
#5637=CARTESIAN_POINT('',(-0.00242487113059643,-0.0042,0.002125));
#5638=CARTESIAN_POINT('',(-5.14351655641888E-19,-0.0042,0.00225));
#5639=CARTESIAN_POINT('',(0.00242487113059643,-0.0042,0.002375));
#5640=CARTESIAN_POINT('',(0.00363730669589464,-0.0021,0.0025));
#5641=CARTESIAN_POINT('',(0.00484974226119285,-6.33707372707977E-19,0.002625));
#5642=CARTESIAN_POINT('',(0.00363730669589465,0.0021,0.00275));
#5643=CARTESIAN_POINT('',(0.00242487113059643,0.0042,0.002875));
#5644=CARTESIAN_POINT('',(0.,0.0042,0.003));
#5645=CARTESIAN_POINT('',(-0.00242487113059643,0.0042,0.003125));
#5646=CARTESIAN_POINT('',(-0.00363730669589465,0.0021,0.00325));
#5647=CARTESIAN_POINT('',(-0.00484974226119285,5.54136894663918E-19,0.003375));
#5648=CARTESIAN_POINT('',(-0.00363730669589465,-0.0021,0.0035));
#5649=CARTESIAN_POINT('',(-0.00242487113059643,-0.0042,0.003625));
#5650=CARTESIAN_POINT('',(-5.14351655641888E-19,-0.0042,0.00375));
#5651=CARTESIAN_POINT('',(0.00242487113059643,-0.0042,0.003875));
#5652=CARTESIAN_POINT('',(0.00363730669589464,-0.0021,0.004));
#5653=CARTESIAN_POINT('',(0.00484974226119285,-6.33707372707977E-19,0.004125));
#5654=CARTESIAN_POINT('',(0.00363730669589465,0.0021,0.00425));
#5655=CARTESIAN_POINT('',(0.00242487113059643,0.0042,0.004375));
#5656=CARTESIAN_POINT('',(0.,0.0042,0.0045));
#5657=CARTESIAN_POINT('',(-0.00242487113059643,0.0042,0.004625));
#5658=CARTESIAN_POINT('',(-0.00363730669589465,0.0021,0.00475));
#5659=CARTESIAN_POINT('',(-0.00484974226119285,5.54136894663918E-19,0.004875));
#5660=CARTESIAN_POINT('',(-0.00363730669589465,-0.0021,0.005));
#5661=CARTESIAN_POINT('',(-0.00242487113059643,-0.0042,0.005125));
#5662=CARTESIAN_POINT('',(-5.14351655641888E-19,-0.0042,0.00525));
#5663=CARTESIAN_POINT('',(0.00242487113059643,-0.0042,0.005375));
#5664=CARTESIAN_POINT('',(0.00363730669589464,-0.0021,0.0055));
#5665=CARTESIAN_POINT('',(0.00484974226119285,-6.33707372707977E-19,0.005625));
#5666=CARTESIAN_POINT('',(0.00363730669589465,0.0021,0.00575));
#5667=CARTESIAN_POINT('',(0.00242487113059643,0.0042,0.005875));
#5668=CARTESIAN_POINT('',(0.,0.0042,0.006));
#5669=CARTESIAN_POINT('',(-0.00242487113059643,0.0042,0.006125));
#5670=CARTESIAN_POINT('',(-0.00363730669589465,0.0021,0.00625));
#5671=CARTESIAN_POINT('',(-0.00484974226119285,5.54136894663918E-19,0.006375));
#5672=CARTESIAN_POINT('',(-0.00363730669589465,-0.0021,0.0065));
#5673=CARTESIAN_POINT('',(-0.00242487113059643,-0.0042,0.006625));
#5674=CARTESIAN_POINT('',(-5.14351655641888E-19,-0.0042,0.00675));
#5675=CARTESIAN_POINT('',(0.00242487113059643,-0.0042,0.006875));
#5676=CARTESIAN_POINT('',(0.00363730669589464,-0.0021,0.007));
#5677=CARTESIAN_POINT('',(0.00484974226119285,-6.33707372707977E-19,0.007125));
#5678=CARTESIAN_POINT('',(0.00363730669589465,0.0021,0.00725));
#5679=CARTESIAN_POINT('',(0.00242487113059643,0.0042,0.007375));
#5680=CARTESIAN_POINT('',(0.,0.0042,0.0075));
#5681=CARTESIAN_POINT('',(-0.00242487113059643,0.0042,0.007625));
#5682=CARTESIAN_POINT('',(-0.00363730669589465,0.0021,0.00775));
#5683=CARTESIAN_POINT('',(-0.00484974226119285,5.54136894663918E-19,0.007875));
#5684=CARTESIAN_POINT('',(-0.00363730669589465,-0.0021,0.008));
#5685=CARTESIAN_POINT('',(-0.00242487113059643,-0.0042,0.008125));
#5686=CARTESIAN_POINT('',(-5.14351655641888E-19,-0.0042,0.00825));
#5687=CARTESIAN_POINT('',(0.00242487113059643,-0.0042,0.00837500000000001));
#5688=CARTESIAN_POINT('',(0.00363730669589464,-0.0021,0.0085));
#5689=CARTESIAN_POINT('',(0.00484974226119285,-6.33707372707977E-19,0.008625));
#5690=CARTESIAN_POINT('',(0.00363730669589465,0.0021,0.00875));
#5691=CARTESIAN_POINT('',(0.00242487113059643,0.0042,0.00887499999999999));
#5692=CARTESIAN_POINT('',(0.,0.0042,0.009));
#5693=CARTESIAN_POINT('',(-0.00242487113059643,0.0042,0.00912499999999999));
#5694=CARTESIAN_POINT('',(-0.00363730669589465,0.0021,0.00925));
#5695=CARTESIAN_POINT('',(-0.00484974226119285,5.54136894663918E-19,0.00937499999999999));
#5696=CARTESIAN_POINT('',(-0.00363730669589465,-0.0021,0.0095));
#5697=CARTESIAN_POINT('',(-0.00242487113059643,-0.0042,0.00962499999999999));
#5698=CARTESIAN_POINT('',(-5.14351655641888E-19,-0.0042,0.00975));
#5699=CARTESIAN_POINT('',(0.00242487113059643,-0.0042,0.00987500000000001));
#5700=CARTESIAN_POINT('',(0.00363730669589464,-0.0021,0.01));
#5701=CARTESIAN_POINT('',(0.00484974226119285,-6.33707372707977E-19,0.010125));
#5702=CARTESIAN_POINT('',(0.00363730669589465,0.0021,0.01025));
#5703=CARTESIAN_POINT('',(0.00242487113059643,0.0042,0.010375));
#5704=CARTESIAN_POINT('',(0.,0.0042,0.0105));
#5705=CARTESIAN_POINT('',(-0.00242487113059643,0.0042,0.010625));
#5706=CARTESIAN_POINT('',(-0.00363730669589465,0.0021,0.01075));
#5707=CARTESIAN_POINT('',(-0.00484974226119285,5.54136894663918E-19,0.010875));
#5708=CARTESIAN_POINT('',(-0.00363730669589465,-0.0021,0.011));
#5709=CARTESIAN_POINT('',(-0.00242487113059643,-0.0042,0.011125));
#5710=CARTESIAN_POINT('',(-5.14351655641888E-19,-0.0042,0.01125));
#5711=CARTESIAN_POINT('',(0.00242487113059643,-0.0042,0.011375));
#5712=CARTESIAN_POINT('',(0.00363730669589464,-0.0021,0.0115));
#5713=CARTESIAN_POINT('',(0.00484974226119285,-6.33707372707977E-19,0.011625));
#5714=CARTESIAN_POINT('',(0.00363730669589465,0.0021,0.01175));
#5715=CARTESIAN_POINT('',(0.00242487113059643,0.0042,0.011875));
#5716=CARTESIAN_POINT('',(0.,0.0042,0.012));
#5717=CARTESIAN_POINT('',(-0.00242487113059643,0.0042,0.012125));
#5718=CARTESIAN_POINT('',(-0.00363730669589465,0.0021,0.01225));
#5719=CARTESIAN_POINT('',(-0.00484974226119285,5.54136894663918E-19,0.012375));
#5720=CARTESIAN_POINT('',(-0.00363730669589465,-0.0021,0.0125));
#5721=CARTESIAN_POINT('',(-0.00242487113059643,-0.0042,0.012625));
#5722=CARTESIAN_POINT('',(-5.14351655641888E-19,-0.0042,0.01275));
#5723=CARTESIAN_POINT('',(0.00242487113059643,-0.0042,0.012875));
#5724=CARTESIAN_POINT('',(0.00363730669589464,-0.0021,0.013));
#5725=CARTESIAN_POINT('',(0.00484974226119285,-6.33707372707977E-19,0.013125));
#5726=CARTESIAN_POINT('',(0.00363730669589465,0.0021,0.01325));
#5727=CARTESIAN_POINT('',(0.00242487113059643,0.0042,0.013375));
#5728=CARTESIAN_POINT('',(0.,0.0042,0.0135));
#5729=CARTESIAN_POINT('',(-0.00242487113059643,0.0042,0.013625));
#5730=CARTESIAN_POINT('',(-0.00363730669589465,0.0021,0.01375));
#5731=CARTESIAN_POINT('',(-0.00484974226119285,5.54136894663918E-19,0.013875));
#5732=CARTESIAN_POINT('',(-0.00363730669589465,-0.0021,0.014));
#5733=CARTESIAN_POINT('',(-0.00242487113059643,-0.0042,0.014125));
#5734=CARTESIAN_POINT('',(-5.14351655641888E-19,-0.0042,0.01425));
#5735=CARTESIAN_POINT('',(0.00242487113059643,-0.0042,0.014375));
#5736=CARTESIAN_POINT('',(0.00363730669589464,-0.0021,0.0145));
#5737=CARTESIAN_POINT('',(0.00484974226119285,-6.33707372707977E-19,0.014625));
#5738=CARTESIAN_POINT('',(0.00363730669589465,0.0021,0.01475));
#5739=CARTESIAN_POINT('',(0.00242487113059643,0.0042,0.014875));
#5740=CARTESIAN_POINT('',(0.,0.0042,0.015));
#5741=CARTESIAN_POINT('',(-0.00242487113059643,0.0042,0.015125));
#5742=CARTESIAN_POINT('',(-0.00363730669589465,0.0021,0.01525));
#5743=CARTESIAN_POINT('',(-0.00484974226119285,5.54136894663918E-19,0.015375));
#5744=CARTESIAN_POINT('',(-0.00363730669589465,-0.0021,0.0155));
#5745=CARTESIAN_POINT('',(-0.00242487113059643,-0.0042,0.015625));
#5746=CARTESIAN_POINT('',(-5.14351655641888E-19,-0.0042,0.01575));
#5747=CARTESIAN_POINT('',(0.00242487113059643,-0.0042,0.015875));
#5748=CARTESIAN_POINT('',(0.00363730669589464,-0.0021,0.016));
#5749=CARTESIAN_POINT('',(0.00484974226119285,-6.33707372707977E-19,0.016125));
#5750=CARTESIAN_POINT('',(0.00363730669589465,0.0021,0.01625));
#5751=CARTESIAN_POINT('',(0.00242487113059643,0.0042,0.016375));
#5752=CARTESIAN_POINT('',(0.,0.0042,0.0165));
#5753=CARTESIAN_POINT('',(-0.00242487113059643,0.0042,0.016625));
#5754=CARTESIAN_POINT('',(-0.00363730669589465,0.0021,0.01675));
#5755=CARTESIAN_POINT('',(-0.00484974226119285,5.54136894663918E-19,0.016875));
#5756=CARTESIAN_POINT('',(-0.00363730669589465,-0.0021,0.017));
#5757=CARTESIAN_POINT('',(-0.00242487113059643,-0.0042,0.017125));
#5758=CARTESIAN_POINT('',(-5.14351655641888E-19,-0.0042,0.01725));
#5759=CARTESIAN_POINT('',(0.00242487113059643,-0.0042,0.017375));
#5760=CARTESIAN_POINT('',(0.00363730669589464,-0.0021,0.0175));
#5761=CARTESIAN_POINT('',(0.00484974226119285,-6.33707372707977E-19,0.017625));
#5762=CARTESIAN_POINT('',(0.00363730669589465,0.0021,0.01775));
#5763=CARTESIAN_POINT('',(0.00242487113059643,0.0042,0.017875));
#5764=CARTESIAN_POINT('',(0.,0.0042,0.018));
#5765=CARTESIAN_POINT('',(-0.00242487113059643,0.0042,0.018125));
#5766=CARTESIAN_POINT('',(-0.00363730669589465,0.0021,0.01825));
#5767=CARTESIAN_POINT('',(-0.00484974226119285,5.54136894663918E-19,0.018375));
#5768=CARTESIAN_POINT('',(-0.00363730669589465,-0.0021,0.0185));
#5769=CARTESIAN_POINT('',(-0.00242487113059643,-0.0042,0.018625));
#5770=CARTESIAN_POINT('',(-5.14351655641888E-19,-0.0042,0.01875));
#5771=CARTESIAN_POINT('',(0.00242487113059643,-0.0042,0.018875));
#5772=CARTESIAN_POINT('',(0.00363730669589464,-0.0021,0.019));
#5773=CARTESIAN_POINT('',(0.00484974226119285,-6.33707372707977E-19,0.019125));
#5774=CARTESIAN_POINT('',(0.00363730669589465,0.0021,0.01925));
#5775=CARTESIAN_POINT('',(0.00242487113059643,0.0042,0.019375));
#5776=CARTESIAN_POINT('',(0.,0.0042,0.0195));
#5777=CARTESIAN_POINT('',(-0.00242487113059643,0.0042,0.019625));
#5778=CARTESIAN_POINT('',(-0.00363730669589465,0.0021,0.01975));
#5779=CARTESIAN_POINT('',(-0.00484974226119285,5.54136894663918E-19,0.019875));
#5780=CARTESIAN_POINT('',(-0.00363730669589465,-0.0021,0.02));
#5781=CARTESIAN_POINT('',(-0.00242487113059643,-0.0042,0.020125));
#5782=CARTESIAN_POINT('',(-5.14351655641888E-19,-0.0042,0.02025));
#5783=CARTESIAN_POINT('',(0.00242487113059643,-0.0042,0.020375));
#5784=CARTESIAN_POINT('',(0.00363730669589464,-0.0021,0.0205));
#5785=CARTESIAN_POINT('',(0.00484974226119285,-6.33707372707977E-19,0.020625));
#5786=CARTESIAN_POINT('',(0.00363730669589465,0.0021,0.02075));
#5787=CARTESIAN_POINT('',(0.00242487113059643,0.0042,0.020875));
#5788=CARTESIAN_POINT('',(0.,0.0042,0.021));
#5789=CARTESIAN_POINT('',(-0.00242487113059643,0.0042,0.021125));
#5790=CARTESIAN_POINT('',(-0.00363730669589465,0.0021,0.02125));
#5791=CARTESIAN_POINT('',(-0.00484974226119285,5.54136894663918E-19,0.021375));
#5792=CARTESIAN_POINT('',(-0.00363730669589465,-0.0021,0.0215));
#5793=CARTESIAN_POINT('',(-0.00242487113059643,-0.0042,0.021625));
#5794=CARTESIAN_POINT('',(-5.14351655641888E-19,-0.0042,0.02175));
#5795=CARTESIAN_POINT('',(0.00242487113059643,-0.0042,0.021875));
#5796=CARTESIAN_POINT('',(0.00363730669589464,-0.0021,0.022));
#5797=CARTESIAN_POINT('',(0.00484974226119285,-6.33707372707977E-19,0.022125));
#5798=CARTESIAN_POINT('',(0.00363730669589465,0.0021,0.02225));
#5799=CARTESIAN_POINT('',(0.00242487113059643,0.0042,0.022375));
#5800=CARTESIAN_POINT('',(0.,0.0042,0.0225));
#5801=CARTESIAN_POINT('',(-0.00242487113059643,0.0042,0.022625));
#5802=CARTESIAN_POINT('',(-0.00363730669589465,0.0021,0.02275));
#5803=CARTESIAN_POINT('',(-0.00484974226119285,5.54136894663918E-19,0.022875));
#5804=CARTESIAN_POINT('',(-0.00363730669589465,-0.0021,0.023));
#5805=CARTESIAN_POINT('',(-0.00242487113059643,-0.0042,0.023125));
#5806=CARTESIAN_POINT('',(-5.14351655641888E-19,-0.0042,0.02325));
#5807=CARTESIAN_POINT('',(0.00242487113059643,-0.0042,0.023375));
#5808=CARTESIAN_POINT('',(0.00363730669589464,-0.0021,0.0235));
#5809=CARTESIAN_POINT('',(0.00484974226119285,-6.33707372707977E-19,0.023625));
#5810=CARTESIAN_POINT('',(0.00363730669589465,0.0021,0.02375));
#5811=CARTESIAN_POINT('',(0.00242487113059643,0.0042,0.023875));
#5812=CARTESIAN_POINT('',(0.,0.0042,0.024));
#5813=CARTESIAN_POINT('',(-0.00242487113059643,0.0042,0.024125));
#5814=CARTESIAN_POINT('',(-0.00363730669589465,0.0021,0.02425));
#5815=CARTESIAN_POINT('',(-0.00484974226119285,5.54136894663918E-19,0.024375));
#5816=CARTESIAN_POINT('',(-0.00363730669589465,-0.0021,0.0245));
#5817=CARTESIAN_POINT('',(-0.00242487113059643,-0.0042,0.024625));
#5818=CARTESIAN_POINT('',(-5.14351655641888E-19,-0.0042,0.02475));
#5819=CARTESIAN_POINT('',(0.00242487113059643,-0.0042,0.024875));
#5820=CARTESIAN_POINT('',(0.00363730669589464,-0.0021,0.025));
#5821=CARTESIAN_POINT('',(0.00433627786976014,-0.000889346413838889,0.025072062713462));
#5822=CARTESIAN_POINT('',(0.00417028682774787,0.000498706100135764,0.0251546848869129));
#5823=CARTESIAN_POINT('',(0.00177418971924493,-0.00288643040741753,-0.000149367224137617));
#5824=CARTESIAN_POINT('',(0.00250516887225909,-0.00243712260670723,-8.60795322243246E-5));
#5825=CARTESIAN_POINT('',(0.00293418169896722,-0.00169405059375,-3.12499999999988E-5));
#5826=CARTESIAN_POINT('',(0.00391224226528963,-4.61491417330447E-19,9.37500000000013E-5));
#5827=CARTESIAN_POINT('',(0.00293418169896722,0.00169405059375,0.00021875));
#5828=CARTESIAN_POINT('',(0.00195612113264482,0.0033881011875,0.000343750000000001));
#5829=CARTESIAN_POINT('',(0.,0.0033881011875,0.00046875));
#5830=CARTESIAN_POINT('',(-0.00195612113264482,0.0033881011875,0.000593750000000002));
#5831=CARTESIAN_POINT('',(-0.00293418169896722,0.00169405059375,0.00071875));
#5832=CARTESIAN_POINT('',(-0.00391224226528963,4.96731576204741E-19,0.000843750000000001));
#5833=CARTESIAN_POINT('',(-0.00293418169896722,-0.00169405059375,0.00096875));
#5834=CARTESIAN_POINT('',(-0.00195612113264482,-0.0033881011875,0.00109375));
#5835=CARTESIAN_POINT('',(-4.14922727445922E-19,-0.0033881011875,0.00121875));
#5836=CARTESIAN_POINT('',(0.00195612113264482,-0.0033881011875,0.00134375));
#5837=CARTESIAN_POINT('',(0.00293418169896722,-0.00169405059375,0.00146875));
#5838=CARTESIAN_POINT('',(0.00391224226528963,-4.61491417330447E-19,0.00159375));
#5839=CARTESIAN_POINT('',(0.00293418169896722,0.00169405059375,0.00171875));
#5840=CARTESIAN_POINT('',(0.00195612113264482,0.0033881011875,0.00184375));
#5841=CARTESIAN_POINT('',(0.,0.0033881011875,0.00196875));
#5842=CARTESIAN_POINT('',(-0.00195612113264482,0.0033881011875,0.00209375));
#5843=CARTESIAN_POINT('',(-0.00293418169896722,0.00169405059375,0.00221875));
#5844=CARTESIAN_POINT('',(-0.00391224226528963,4.96731576204741E-19,0.00234375));
#5845=CARTESIAN_POINT('',(-0.00293418169896722,-0.00169405059375,0.00246875));
#5846=CARTESIAN_POINT('',(-0.00195612113264482,-0.0033881011875,0.00259375));
#5847=CARTESIAN_POINT('',(-4.14922727445922E-19,-0.0033881011875,0.00271875));
#5848=CARTESIAN_POINT('',(0.00195612113264482,-0.0033881011875,0.00284375));
#5849=CARTESIAN_POINT('',(0.00293418169896722,-0.00169405059375,0.00296875));
#5850=CARTESIAN_POINT('',(0.00391224226528963,-4.61491417330447E-19,0.00309375));
#5851=CARTESIAN_POINT('',(0.00293418169896722,0.00169405059375,0.00321875));
#5852=CARTESIAN_POINT('',(0.00195612113264482,0.0033881011875,0.00334375));
#5853=CARTESIAN_POINT('',(0.,0.0033881011875,0.00346875));
#5854=CARTESIAN_POINT('',(-0.00195612113264482,0.0033881011875,0.00359375));
#5855=CARTESIAN_POINT('',(-0.00293418169896722,0.00169405059375,0.00371875));
#5856=CARTESIAN_POINT('',(-0.00391224226528963,4.96731576204741E-19,0.00384375));
#5857=CARTESIAN_POINT('',(-0.00293418169896722,-0.00169405059375,0.00396875));
#5858=CARTESIAN_POINT('',(-0.00195612113264482,-0.0033881011875,0.00409375));
#5859=CARTESIAN_POINT('',(-4.14922727445922E-19,-0.0033881011875,0.00421875));
#5860=CARTESIAN_POINT('',(0.00195612113264482,-0.0033881011875,0.00434375));
#5861=CARTESIAN_POINT('',(0.00293418169896722,-0.00169405059375,0.00446875));
#5862=CARTESIAN_POINT('',(0.00391224226528963,-4.61491417330447E-19,0.00459375));
#5863=CARTESIAN_POINT('',(0.00293418169896722,0.00169405059375,0.00471875));
#5864=CARTESIAN_POINT('',(0.00195612113264482,0.0033881011875,0.00484375));
#5865=CARTESIAN_POINT('',(0.,0.0033881011875,0.00496875));
#5866=CARTESIAN_POINT('',(-0.00195612113264482,0.0033881011875,0.00509375));
#5867=CARTESIAN_POINT('',(-0.00293418169896722,0.00169405059375,0.00521875));
#5868=CARTESIAN_POINT('',(-0.00391224226528963,4.96731576204741E-19,0.00534375000000001));
#5869=CARTESIAN_POINT('',(-0.00293418169896722,-0.00169405059375,0.00546875));
#5870=CARTESIAN_POINT('',(-0.00195612113264482,-0.0033881011875,0.00559375));
#5871=CARTESIAN_POINT('',(-4.14922727445922E-19,-0.0033881011875,0.00571875));
#5872=CARTESIAN_POINT('',(0.00195612113264482,-0.0033881011875,0.00584375000000001));
#5873=CARTESIAN_POINT('',(0.00293418169896722,-0.00169405059375,0.00596875));
#5874=CARTESIAN_POINT('',(0.00391224226528963,-4.61491417330447E-19,0.00609375000000001));
#5875=CARTESIAN_POINT('',(0.00293418169896722,0.00169405059375,0.00621875));
#5876=CARTESIAN_POINT('',(0.00195612113264482,0.0033881011875,0.00634375000000001));
#5877=CARTESIAN_POINT('',(0.,0.0033881011875,0.00646875));
#5878=CARTESIAN_POINT('',(-0.00195612113264482,0.0033881011875,0.00659375));
#5879=CARTESIAN_POINT('',(-0.00293418169896722,0.00169405059375,0.00671875));
#5880=CARTESIAN_POINT('',(-0.00391224226528963,4.96731576204741E-19,0.00684375));
#5881=CARTESIAN_POINT('',(-0.00293418169896722,-0.00169405059375,0.00696875));
#5882=CARTESIAN_POINT('',(-0.00195612113264482,-0.0033881011875,0.00709375));
#5883=CARTESIAN_POINT('',(-4.14922727445922E-19,-0.0033881011875,0.00721875));
#5884=CARTESIAN_POINT('',(0.00195612113264482,-0.0033881011875,0.00734375));
#5885=CARTESIAN_POINT('',(0.00293418169896722,-0.00169405059375,0.00746875));
#5886=CARTESIAN_POINT('',(0.00391224226528963,-4.61491417330447E-19,0.00759375));
#5887=CARTESIAN_POINT('',(0.00293418169896722,0.00169405059375,0.00771875));
#5888=CARTESIAN_POINT('',(0.00195612113264482,0.0033881011875,0.00784375));
#5889=CARTESIAN_POINT('',(0.,0.0033881011875,0.00796875));
#5890=CARTESIAN_POINT('',(-0.00195612113264482,0.0033881011875,0.00809375));
#5891=CARTESIAN_POINT('',(-0.00293418169896722,0.00169405059375,0.00821875));
#5892=CARTESIAN_POINT('',(-0.00391224226528963,4.96731576204741E-19,0.00834375));
#5893=CARTESIAN_POINT('',(-0.00293418169896722,-0.00169405059375,0.00846875));
#5894=CARTESIAN_POINT('',(-0.00195612113264482,-0.0033881011875,0.00859375));
#5895=CARTESIAN_POINT('',(-4.14922727445922E-19,-0.0033881011875,0.00871875));
#5896=CARTESIAN_POINT('',(0.00195612113264482,-0.0033881011875,0.00884375));
#5897=CARTESIAN_POINT('',(0.00293418169896722,-0.00169405059375,0.00896875));
#5898=CARTESIAN_POINT('',(0.00391224226528963,-4.61491417330447E-19,0.00909375));
#5899=CARTESIAN_POINT('',(0.00293418169896722,0.00169405059375,0.00921875));
#5900=CARTESIAN_POINT('',(0.00195612113264482,0.0033881011875,0.00934375));
#5901=CARTESIAN_POINT('',(0.,0.0033881011875,0.00946875));
#5902=CARTESIAN_POINT('',(-0.00195612113264482,0.0033881011875,0.00959375));
#5903=CARTESIAN_POINT('',(-0.00293418169896722,0.00169405059375,0.00971875));
#5904=CARTESIAN_POINT('',(-0.00391224226528963,4.96731576204741E-19,0.00984375));
#5905=CARTESIAN_POINT('',(-0.00293418169896722,-0.00169405059375,0.00996875));
#5906=CARTESIAN_POINT('',(-0.00195612113264482,-0.0033881011875,0.01009375));
#5907=CARTESIAN_POINT('',(-4.14922727445922E-19,-0.0033881011875,0.01021875));
#5908=CARTESIAN_POINT('',(0.00195612113264482,-0.0033881011875,0.01034375));
#5909=CARTESIAN_POINT('',(0.00293418169896722,-0.00169405059375,0.01046875));
#5910=CARTESIAN_POINT('',(0.00391224226528963,-4.61491417330447E-19,0.01059375));
#5911=CARTESIAN_POINT('',(0.00293418169896722,0.00169405059375,0.01071875));
#5912=CARTESIAN_POINT('',(0.00195612113264482,0.0033881011875,0.01084375));
#5913=CARTESIAN_POINT('',(0.,0.0033881011875,0.01096875));
#5914=CARTESIAN_POINT('',(-0.00195612113264482,0.0033881011875,0.01109375));
#5915=CARTESIAN_POINT('',(-0.00293418169896722,0.00169405059375,0.01121875));
#5916=CARTESIAN_POINT('',(-0.00391224226528963,4.96731576204741E-19,0.01134375));
#5917=CARTESIAN_POINT('',(-0.00293418169896722,-0.00169405059375,0.01146875));
#5918=CARTESIAN_POINT('',(-0.00195612113264482,-0.0033881011875,0.01159375));
#5919=CARTESIAN_POINT('',(-4.14922727445922E-19,-0.0033881011875,0.01171875));
#5920=CARTESIAN_POINT('',(0.00195612113264482,-0.0033881011875,0.01184375));
#5921=CARTESIAN_POINT('',(0.00293418169896722,-0.00169405059375,0.01196875));
#5922=CARTESIAN_POINT('',(0.00391224226528963,-4.61491417330447E-19,0.01209375));
#5923=CARTESIAN_POINT('',(0.00293418169896722,0.00169405059375,0.01221875));
#5924=CARTESIAN_POINT('',(0.00195612113264482,0.0033881011875,0.01234375));
#5925=CARTESIAN_POINT('',(0.,0.0033881011875,0.01246875));
#5926=CARTESIAN_POINT('',(-0.00195612113264482,0.0033881011875,0.01259375));
#5927=CARTESIAN_POINT('',(-0.00293418169896722,0.00169405059375,0.01271875));
#5928=CARTESIAN_POINT('',(-0.00391224226528963,4.96731576204741E-19,0.01284375));
#5929=CARTESIAN_POINT('',(-0.00293418169896722,-0.00169405059375,0.01296875));
#5930=CARTESIAN_POINT('',(-0.00195612113264482,-0.0033881011875,0.01309375));
#5931=CARTESIAN_POINT('',(-4.14922727445922E-19,-0.0033881011875,0.01321875));
#5932=CARTESIAN_POINT('',(0.00195612113264482,-0.0033881011875,0.01334375));
#5933=CARTESIAN_POINT('',(0.00293418169896722,-0.00169405059375,0.01346875));
#5934=CARTESIAN_POINT('',(0.00391224226528963,-4.61491417330447E-19,0.01359375));
#5935=CARTESIAN_POINT('',(0.00293418169896722,0.00169405059375,0.01371875));
#5936=CARTESIAN_POINT('',(0.00195612113264482,0.0033881011875,0.01384375));
#5937=CARTESIAN_POINT('',(0.,0.0033881011875,0.01396875));
#5938=CARTESIAN_POINT('',(-0.00195612113264482,0.0033881011875,0.01409375));
#5939=CARTESIAN_POINT('',(-0.00293418169896722,0.00169405059375,0.01421875));
#5940=CARTESIAN_POINT('',(-0.00391224226528963,4.96731576204741E-19,0.01434375));
#5941=CARTESIAN_POINT('',(-0.00293418169896722,-0.00169405059375,0.01446875));
#5942=CARTESIAN_POINT('',(-0.00195612113264482,-0.0033881011875,0.01459375));
#5943=CARTESIAN_POINT('',(-4.14922727445922E-19,-0.0033881011875,0.01471875));
#5944=CARTESIAN_POINT('',(0.00195612113264482,-0.0033881011875,0.01484375));
#5945=CARTESIAN_POINT('',(0.00293418169896722,-0.00169405059375,0.01496875));
#5946=CARTESIAN_POINT('',(0.00391224226528963,-4.61491417330447E-19,0.01509375));
#5947=CARTESIAN_POINT('',(0.00293418169896722,0.00169405059375,0.01521875));
#5948=CARTESIAN_POINT('',(0.00195612113264482,0.0033881011875,0.01534375));
#5949=CARTESIAN_POINT('',(0.,0.0033881011875,0.01546875));
#5950=CARTESIAN_POINT('',(-0.00195612113264482,0.0033881011875,0.01559375));
#5951=CARTESIAN_POINT('',(-0.00293418169896722,0.00169405059375,0.01571875));
#5952=CARTESIAN_POINT('',(-0.00391224226528963,4.96731576204741E-19,0.01584375));
#5953=CARTESIAN_POINT('',(-0.00293418169896722,-0.00169405059375,0.01596875));
#5954=CARTESIAN_POINT('',(-0.00195612113264482,-0.0033881011875,0.01609375));
#5955=CARTESIAN_POINT('',(-4.14922727445922E-19,-0.0033881011875,0.01621875));
#5956=CARTESIAN_POINT('',(0.00195612113264482,-0.0033881011875,0.01634375));
#5957=CARTESIAN_POINT('',(0.00293418169896722,-0.00169405059375,0.01646875));
#5958=CARTESIAN_POINT('',(0.00391224226528963,-4.61491417330447E-19,0.01659375));
#5959=CARTESIAN_POINT('',(0.00293418169896722,0.00169405059375,0.01671875));
#5960=CARTESIAN_POINT('',(0.00195612113264482,0.0033881011875,0.01684375));
#5961=CARTESIAN_POINT('',(0.,0.0033881011875,0.01696875));
#5962=CARTESIAN_POINT('',(-0.00195612113264482,0.0033881011875,0.01709375));
#5963=CARTESIAN_POINT('',(-0.00293418169896722,0.00169405059375,0.01721875));
#5964=CARTESIAN_POINT('',(-0.00391224226528963,4.96731576204741E-19,0.01734375));
#5965=CARTESIAN_POINT('',(-0.00293418169896722,-0.00169405059375,0.01746875));
#5966=CARTESIAN_POINT('',(-0.00195612113264482,-0.0033881011875,0.01759375));
#5967=CARTESIAN_POINT('',(-4.14922727445922E-19,-0.0033881011875,0.01771875));
#5968=CARTESIAN_POINT('',(0.00195612113264482,-0.0033881011875,0.01784375));
#5969=CARTESIAN_POINT('',(0.00293418169896722,-0.00169405059375,0.01796875));
#5970=CARTESIAN_POINT('',(0.00391224226528963,-4.61491417330447E-19,0.01809375));
#5971=CARTESIAN_POINT('',(0.00293418169896722,0.00169405059375,0.01821875));
#5972=CARTESIAN_POINT('',(0.00195612113264482,0.0033881011875,0.01834375));
#5973=CARTESIAN_POINT('',(0.,0.0033881011875,0.01846875));
#5974=CARTESIAN_POINT('',(-0.00195612113264482,0.0033881011875,0.01859375));
#5975=CARTESIAN_POINT('',(-0.00293418169896722,0.00169405059375,0.01871875));
#5976=CARTESIAN_POINT('',(-0.00391224226528963,4.96731576204741E-19,0.01884375));
#5977=CARTESIAN_POINT('',(-0.00293418169896722,-0.00169405059375,0.01896875));
#5978=CARTESIAN_POINT('',(-0.00195612113264482,-0.0033881011875,0.01909375));
#5979=CARTESIAN_POINT('',(-4.14922727445922E-19,-0.0033881011875,0.01921875));
#5980=CARTESIAN_POINT('',(0.00195612113264482,-0.0033881011875,0.01934375));
#5981=CARTESIAN_POINT('',(0.00293418169896722,-0.00169405059375,0.01946875));
#5982=CARTESIAN_POINT('',(0.00391224226528963,-4.61491417330447E-19,0.01959375));
#5983=CARTESIAN_POINT('',(0.00293418169896722,0.00169405059375,0.01971875));
#5984=CARTESIAN_POINT('',(0.00195612113264482,0.0033881011875,0.01984375));
#5985=CARTESIAN_POINT('',(0.,0.0033881011875,0.01996875));
#5986=CARTESIAN_POINT('',(-0.00195612113264482,0.0033881011875,0.02009375));
#5987=CARTESIAN_POINT('',(-0.00293418169896722,0.00169405059375,0.02021875));
#5988=CARTESIAN_POINT('',(-0.00391224226528963,4.96731576204741E-19,0.02034375));
#5989=CARTESIAN_POINT('',(-0.00293418169896722,-0.00169405059375,0.02046875));
#5990=CARTESIAN_POINT('',(-0.00195612113264482,-0.0033881011875,0.02059375));
#5991=CARTESIAN_POINT('',(-4.14922727445922E-19,-0.0033881011875,0.02071875));
#5992=CARTESIAN_POINT('',(0.00195612113264482,-0.0033881011875,0.02084375));
#5993=CARTESIAN_POINT('',(0.00293418169896722,-0.00169405059375,0.02096875));
#5994=CARTESIAN_POINT('',(0.00391224226528963,-4.61491417330447E-19,0.02109375));
#5995=CARTESIAN_POINT('',(0.00293418169896722,0.00169405059375,0.02121875));
#5996=CARTESIAN_POINT('',(0.00195612113264482,0.0033881011875,0.02134375));
#5997=CARTESIAN_POINT('',(0.,0.0033881011875,0.02146875));
#5998=CARTESIAN_POINT('',(-0.00195612113264482,0.0033881011875,0.02159375));
#5999=CARTESIAN_POINT('',(-0.00293418169896722,0.00169405059375,0.02171875));
#6000=CARTESIAN_POINT('',(-0.00391224226528963,4.96731576204741E-19,0.02184375));
#6001=CARTESIAN_POINT('',(-0.00293418169896722,-0.00169405059375,0.02196875));
#6002=CARTESIAN_POINT('',(-0.00195612113264482,-0.0033881011875,0.02209375));
#6003=CARTESIAN_POINT('',(-4.14922727445922E-19,-0.0033881011875,0.02221875));
#6004=CARTESIAN_POINT('',(0.00195612113264482,-0.0033881011875,0.02234375));
#6005=CARTESIAN_POINT('',(0.00293418169896722,-0.00169405059375,0.02246875));
#6006=CARTESIAN_POINT('',(0.00391224226528963,-4.61491417330447E-19,0.02259375));
#6007=CARTESIAN_POINT('',(0.00293418169896722,0.00169405059375,0.02271875));
#6008=CARTESIAN_POINT('',(0.00195612113264482,0.0033881011875,0.02284375));
#6009=CARTESIAN_POINT('',(0.,0.0033881011875,0.02296875));
#6010=CARTESIAN_POINT('',(-0.00195612113264482,0.0033881011875,0.02309375));
#6011=CARTESIAN_POINT('',(-0.00293418169896722,0.00169405059375,0.02321875));
#6012=CARTESIAN_POINT('',(-0.00391224226528963,4.96731576204741E-19,0.02334375));
#6013=CARTESIAN_POINT('',(-0.00293418169896722,-0.00169405059375,0.02346875));
#6014=CARTESIAN_POINT('',(-0.00195612113264482,-0.0033881011875,0.02359375));
#6015=CARTESIAN_POINT('',(-4.14922727445922E-19,-0.0033881011875,0.02371875));
#6016=CARTESIAN_POINT('',(0.00195612113264482,-0.0033881011875,0.02384375));
#6017=CARTESIAN_POINT('',(0.00293418169896722,-0.00169405059375,0.02396875));
#6018=CARTESIAN_POINT('',(0.00391224226528963,-4.61491417330447E-19,0.02409375));
#6019=CARTESIAN_POINT('',(0.00293418169896722,0.00169405059375,0.02421875));
#6020=CARTESIAN_POINT('',(0.00195612113264482,0.0033881011875,0.02434375));
#6021=CARTESIAN_POINT('',(0.,0.0033881011875,0.02446875));
#6022=CARTESIAN_POINT('',(-0.00195612113264482,0.0033881011875,0.02459375));
#6023=CARTESIAN_POINT('',(-0.00293418169896722,0.00169405059375,0.02471875));
#6024=CARTESIAN_POINT('',(-0.00391224226528963,4.96731576204741E-19,0.02484375));
#6025=CARTESIAN_POINT('',(-0.00293418169896722,-0.00169405059375,0.02496875));
#6026=CARTESIAN_POINT('',(-0.00195612113264482,-0.0033881011875,0.02509375));
#6027=CARTESIAN_POINT('',(-4.14922727445922E-19,-0.0033881011875,0.02521875));
#6028=CARTESIAN_POINT('',(0.00195612113264482,-0.0033881011875,0.02534375));
#6029=CARTESIAN_POINT('',(0.00293418169896722,-0.00169405059375,0.02546875));
#6030=CARTESIAN_POINT('',(0.00349803528568198,-0.000717427533530097,0.025540812713462));
#6031=CARTESIAN_POINT('',(0.00336413184602575,0.000402301602400828,0.0256234348869129));
#6032=CARTESIAN_POINT('',(0.,0.0042,1.3010426069826E-18));
#6033=CARTESIAN_POINT('',(0.000625400000609743,0.00414416071447528,1.3010426069826E-18));
#6034=CARTESIAN_POINT('',(0.00182961559454894,0.00373678691423961,-2.19144972294644E-17));
#6035=CARTESIAN_POINT('',(0.00317712306985294,0.0023738030864243,2.08922692057197E-17));
#6036=CARTESIAN_POINT('',(0.00374511178517331,0.000531386705290145,-5.80544591034358E-18));
#6037=CARTESIAN_POINT('',(0.00344345392910923,-0.000719679489193022,-7.87249815312625E-20));
#6038=CARTESIAN_POINT('',(0.00314085386260806,-0.00127053794531252,-7.87249815312625E-20));
#6039=CARTESIAN_POINT('',(0.,0.,0.));
#6040=CARTESIAN_POINT('',(0.,6.12323399573677E-19,0.));
#6041=CARTESIAN_POINT('',(0.,0.01,0.));
#6042=CARTESIAN_POINT('',(0.,6.12323399573677E-19,-0.01));
#6043=CARTESIAN_POINT('',(-0.00375,0.00075,-0.005));
#6044=CARTESIAN_POINT('',(-0.0015,0.0015,-0.005));
#6045=CARTESIAN_POINT('',(-0.0015,0.0015,-0.005));
#6046=CARTESIAN_POINT('',(-0.00375,0.00075,-0.005));
#6047=CARTESIAN_POINT('',(-0.006,1.0842021724855E-19,-0.005));
#6048=CARTESIAN_POINT('',(-0.006,1.0842021724855E-19,-0.005));
#6049=CARTESIAN_POINT('',(-0.00075,0.00375,-0.005));
#6050=CARTESIAN_POINT('',(1.0842021724855E-19,0.006,-0.005));
#6051=CARTESIAN_POINT('',(1.0842021724855E-19,0.006,-0.005));
#6052=CARTESIAN_POINT('',(-0.00075,0.00375,-0.005));
#6053=CARTESIAN_POINT('',(0.00075,0.00375,-0.005));
#6054=CARTESIAN_POINT('',(0.0015,0.0015,-0.005));
#6055=CARTESIAN_POINT('',(0.0015,0.0015,-0.005));
#6056=CARTESIAN_POINT('',(0.00075,0.00375,-0.005));
#6057=CARTESIAN_POINT('',(0.00375,0.00075,-0.005));
#6058=CARTESIAN_POINT('',(0.006,-2.16840434497101E-19,-0.005));
#6059=CARTESIAN_POINT('',(0.006,-2.16840434497101E-19,-0.005));
#6060=CARTESIAN_POINT('',(0.00375,0.00075,-0.005));
#6061=CARTESIAN_POINT('',(0.00375,-0.00075,-0.005));
#6062=CARTESIAN_POINT('',(0.0015,-0.0015,-0.005));
#6063=CARTESIAN_POINT('',(0.0015,-0.0015,-0.005));
#6064=CARTESIAN_POINT('',(0.00375,-0.00075,-0.005));
#6065=CARTESIAN_POINT('',(0.00075,-0.00375,-0.005));
#6066=CARTESIAN_POINT('',(-1.0842021724855E-19,-0.006,-0.005));
#6067=CARTESIAN_POINT('',(-1.0842021724855E-19,-0.006,-0.005));
#6068=CARTESIAN_POINT('',(0.00075,-0.00375,-0.005));
#6069=CARTESIAN_POINT('',(-0.00075,-0.00375,-0.005));
#6070=CARTESIAN_POINT('',(-0.0015,-0.0015,-0.005));
#6071=CARTESIAN_POINT('',(-0.0015,-0.0015,-0.005));
#6072=CARTESIAN_POINT('',(-0.00075,-0.00375,-0.005));
#6073=CARTESIAN_POINT('',(-0.00375,-0.00075,-0.005));
#6074=CARTESIAN_POINT('',(-0.00375,-0.00075,-0.005));
#6075=CARTESIAN_POINT('',(0.,0.,-0.005));
#6076=CARTESIAN_POINT('',(0.005,0.104843515023027,-0.005));
#6077=CARTESIAN_POINT('',(0.005,0.104871121543986,-0.205));
#6078=CARTESIAN_POINT('',(0.,0.006,-0.035));
#6079=CARTESIAN_POINT('',(-1.38777878078145E-17,0.006,-0.07));
#6080=CARTESIAN_POINT('',(-1.38777878078145E-17,0.006,-0.07));
#6081=CARTESIAN_POINT('',(-1.38777878078145E-17,-0.017,-0.07));
#6082=CARTESIAN_POINT('',(0.,-0.017,-0.035));
#6083=CARTESIAN_POINT('',(0.,-0.017,0.));
#6084=CARTESIAN_POINT('',(0.,0.006,0.));
#6085=CARTESIAN_POINT('',(0.,0.006,0.));
#6086=CARTESIAN_POINT('',(0.,0.006,-0.035));
#6087=CARTESIAN_POINT('',(0.06,0.006,0.));
#6088=CARTESIAN_POINT('',(0.06,-0.017,0.));
#6089=CARTESIAN_POINT('',(0.12,-0.017,0.));
#6090=CARTESIAN_POINT('',(0.12,0.006,0.));
#6091=CARTESIAN_POINT('',(0.12,0.006,0.));
#6092=CARTESIAN_POINT('',(0.06,0.006,0.));
#6093=CARTESIAN_POINT('',(0.12,0.006,-0.035));
#6094=CARTESIAN_POINT('',(0.12,-0.017,-0.035));
#6095=CARTESIAN_POINT('',(0.12,-0.017,-0.07));
#6096=CARTESIAN_POINT('',(0.12,0.006,-0.07));
#6097=CARTESIAN_POINT('',(0.12,0.006,-0.07));
#6098=CARTESIAN_POINT('',(0.12,0.006,-0.035));
#6099=CARTESIAN_POINT('',(0.06,0.006,-0.07));
#6100=CARTESIAN_POINT('',(0.06,-0.017,-0.07));
#6101=CARTESIAN_POINT('',(0.06,0.006,-0.07));
#6102=CARTESIAN_POINT('',(0.06,0.006,-0.035));
#6103=CARTESIAN_POINT('',(0.0205,-0.017,-0.0205));
#6104=CARTESIAN_POINT('',(0.0205,0.,-0.0205));
#6105=CARTESIAN_POINT('',(0.035,0.,-0.0205));
#6106=CARTESIAN_POINT('',(0.0205,0.,-0.035));
#6107=CARTESIAN_POINT('',(0.035,-0.017,-0.0205));
#6108=CARTESIAN_POINT('',(0.035,-0.017,-0.0205));
#6109=CARTESIAN_POINT('',(0.0205,-0.017,-0.0205));
#6110=CARTESIAN_POINT('',(0.0205,-0.017,-0.035));
#6111=CARTESIAN_POINT('',(0.0205,-0.017,-0.035));
#6112=CARTESIAN_POINT('',(0.04025,-0.017,-0.0205));
#6113=CARTESIAN_POINT('',(0.04025,0.,-0.0205));
#6114=CARTESIAN_POINT('',(0.0455,0.,-0.0205));
#6115=CARTESIAN_POINT('',(0.0455,-0.017,-0.0205));
#6116=CARTESIAN_POINT('',(0.0455,-0.017,-0.0205));
#6117=CARTESIAN_POINT('',(0.04025,-0.017,-0.0205));
#6118=CARTESIAN_POINT('',(0.06,-0.017,-0.0205));
#6119=CARTESIAN_POINT('',(0.06,0.,-0.0205));
#6120=CARTESIAN_POINT('',(0.0745,0.,-0.0205));
#6121=CARTESIAN_POINT('',(0.0745,-0.017,-0.0205));
#6122=CARTESIAN_POINT('',(0.0745,-0.017,-0.0205));
#6123=CARTESIAN_POINT('',(0.06,-0.017,-0.0205));
#6124=CARTESIAN_POINT('',(0.07975,-0.017,-0.0205));
#6125=CARTESIAN_POINT('',(0.07975,0.,-0.0205));
#6126=CARTESIAN_POINT('',(0.085,0.,-0.0205));
#6127=CARTESIAN_POINT('',(0.085,-0.017,-0.0205));
#6128=CARTESIAN_POINT('',(0.085,-0.017,-0.0205));
#6129=CARTESIAN_POINT('',(0.07975,-0.017,-0.0205));
#6130=CARTESIAN_POINT('',(0.0995,-0.017,-0.0205));
#6131=CARTESIAN_POINT('',(0.0995,0.,-0.0205));
#6132=CARTESIAN_POINT('',(0.0995,0.,-0.035));
#6133=CARTESIAN_POINT('',(0.0995,-0.017,-0.035));
#6134=CARTESIAN_POINT('',(0.0995,-0.017,-0.035));
#6135=CARTESIAN_POINT('',(0.0995,-0.017,-0.0205));
#6136=CARTESIAN_POINT('',(0.0995,-0.017,-0.0495));
#6137=CARTESIAN_POINT('',(0.0995,0.,-0.0495));
#6138=CARTESIAN_POINT('',(0.085,0.,-0.0495));
#6139=CARTESIAN_POINT('',(0.085,-0.017,-0.0495));
#6140=CARTESIAN_POINT('',(0.085,-0.017,-0.0495));
#6141=CARTESIAN_POINT('',(0.0995,-0.017,-0.0495));
#6142=CARTESIAN_POINT('',(0.07975,-0.017,-0.0495));
#6143=CARTESIAN_POINT('',(0.07975,0.,-0.0495));
#6144=CARTESIAN_POINT('',(0.0745,0.,-0.0495));
#6145=CARTESIAN_POINT('',(0.0745,-0.017,-0.0495));
#6146=CARTESIAN_POINT('',(0.0745,-0.017,-0.0495));
#6147=CARTESIAN_POINT('',(0.07975,-0.017,-0.0495));
#6148=CARTESIAN_POINT('',(0.06,-0.017,-0.0495));
#6149=CARTESIAN_POINT('',(0.06,0.,-0.0495));
#6150=CARTESIAN_POINT('',(0.0455,0.,-0.0495));
#6151=CARTESIAN_POINT('',(0.0455,-0.017,-0.0495));
#6152=CARTESIAN_POINT('',(0.0455,-0.017,-0.0495));
#6153=CARTESIAN_POINT('',(0.06,-0.017,-0.0495));
#6154=CARTESIAN_POINT('',(0.04025,-0.017,-0.0495));
#6155=CARTESIAN_POINT('',(0.04025,0.,-0.0495));
#6156=CARTESIAN_POINT('',(0.035,0.,-0.0495));
#6157=CARTESIAN_POINT('',(0.035,-0.017,-0.0495));
#6158=CARTESIAN_POINT('',(0.035,-0.017,-0.0495));
#6159=CARTESIAN_POINT('',(0.04025,-0.017,-0.0495));
#6160=CARTESIAN_POINT('',(0.0205,-0.017,-0.0495));
#6161=CARTESIAN_POINT('',(0.0205,0.,-0.0495));
#6162=CARTESIAN_POINT('',(0.0205,-0.017,-0.0495));
#6163=CARTESIAN_POINT('',(0.06,-0.017,-0.035));
#6164=CARTESIAN_POINT('',(0.06,0.,-0.035));
#6165=CARTESIAN_POINT('',(0.02,0.089,-0.045));
#6166=CARTESIAN_POINT('',(0.1195,0.013,-0.1455));
#6167=CARTESIAN_POINT('',(0.17,0.089,-0.125));
#6168=CARTESIAN_POINT('',(0.0405,0.013,-0.1745));
#6169=CARTESIAN_POINT('',(0.17,0.089,-0.045));
#6170=CARTESIAN_POINT('',(0.0405,0.013,-0.1455));
#6171=CARTESIAN_POINT('',(0.08,0.013,-0.1745));
#6172=CARTESIAN_POINT('',(0.08,0.013,-0.1455));
#6173=CARTESIAN_POINT('',(0.305,0.105023072970824,-0.205));
#6174=CARTESIAN_POINT('',(0.,0.01,-0.11));
#6175=CARTESIAN_POINT('',(0.,0.01,-0.005));
#6176=CARTESIAN_POINT('',(0.,0.,-0.005));
#6177=CARTESIAN_POINT('',(0.,0.008,-0.005));
#6178=CARTESIAN_POINT('',(0.,0.008,-0.11));
#6179=CARTESIAN_POINT('',(0.,0.008,-0.215));
#6180=CARTESIAN_POINT('',(0.,0.01,-0.215));
#6181=CARTESIAN_POINT('',(0.,0.,-0.215));
#6182=CARTESIAN_POINT('',(0.,0.,-0.11));
#6183=CARTESIAN_POINT('',(0.16,0.01,0.));
#6184=CARTESIAN_POINT('',(0.315,0.01,0.));
#6185=CARTESIAN_POINT('',(0.315,0.,0.));
#6186=CARTESIAN_POINT('',(0.315,0.008,0.));
#6187=CARTESIAN_POINT('',(0.005,0.008,0.));
#6188=CARTESIAN_POINT('',(0.005,0.008,0.));
#6189=CARTESIAN_POINT('',(0.005,0.,0.));
#6190=CARTESIAN_POINT('',(0.005,0.,0.));
#6191=CARTESIAN_POINT('',(0.16,0.,0.));
#6192=CARTESIAN_POINT('',(0.32,0.01,-0.11));
#6193=CARTESIAN_POINT('',(0.32,0.01,-0.215));
#6194=CARTESIAN_POINT('',(0.32,0.,-0.215));
#6195=CARTESIAN_POINT('',(0.32,0.008,-0.215));
#6196=CARTESIAN_POINT('',(0.32,0.008,-0.005));
#6197=CARTESIAN_POINT('',(0.32,0.008,-0.005));
#6198=CARTESIAN_POINT('',(0.32,0.01,-0.005));
#6199=CARTESIAN_POINT('',(0.32,0.,-0.005));
#6200=CARTESIAN_POINT('',(0.32,0.,-0.11));
#6201=CARTESIAN_POINT('',(0.16,0.01,-0.22));
#6202=CARTESIAN_POINT('',(0.005,0.01,-0.22));
#6203=CARTESIAN_POINT('',(0.005,0.,-0.22));
#6204=CARTESIAN_POINT('',(0.005,0.008,-0.22));
#6205=CARTESIAN_POINT('',(0.16,0.008,-0.22));
#6206=CARTESIAN_POINT('',(0.315,0.008,-0.22));
#6207=CARTESIAN_POINT('',(0.315,0.,-0.22));
#6208=CARTESIAN_POINT('',(0.315,0.,-0.22));
#6209=CARTESIAN_POINT('',(0.16,0.,-0.22));
#6210=CARTESIAN_POINT('',(0.16,0.01,-0.11));
#6211=CARTESIAN_POINT('',(0.31,0.01,-0.01));
#6212=CARTESIAN_POINT('',(0.3133,0.01,-0.01));
#6213=CARTESIAN_POINT('',(0.01,0.01,-0.21));
#6214=CARTESIAN_POINT('',(0.0133,0.01,-0.21));
#6215=CARTESIAN_POINT('',(0.31,0.01,-0.21));
#6216=CARTESIAN_POINT('',(0.3133,0.01,-0.21));
#6217=CARTESIAN_POINT('',(0.01,0.01,-0.01));
#6218=CARTESIAN_POINT('',(0.0133,0.01,-0.01));
#6219=CARTESIAN_POINT('',(0.315,0.01,-0.002));
#6220=CARTESIAN_POINT('',(0.005,0.01,-0.002));
#6221=CARTESIAN_POINT('',(0.315,0.01,-0.002));
#6222=CARTESIAN_POINT('',(0.315,0.01,-0.005));
#6223=CARTESIAN_POINT('',(0.318,0.01,-0.005));
#6224=CARTESIAN_POINT('',(0.318,0.01,-0.215));
#6225=CARTESIAN_POINT('',(0.318,0.01,-0.215));
#6226=CARTESIAN_POINT('',(0.315,0.01,-0.215));
#6227=CARTESIAN_POINT('',(0.315,0.01,-0.218));
#6228=CARTESIAN_POINT('',(0.16,0.01,-0.218));
#6229=CARTESIAN_POINT('',(0.005,0.01,-0.218));
#6230=CARTESIAN_POINT('',(0.005,0.01,-0.215));
#6231=CARTESIAN_POINT('',(0.002,0.01,-0.215));
#6232=CARTESIAN_POINT('',(0.002,0.01,-0.11));
#6233=CARTESIAN_POINT('',(0.002,0.01,-0.005));
#6234=CARTESIAN_POINT('',(0.005,0.01,-0.005));
#6235=CARTESIAN_POINT('',(0.16,0.,-0.11));
#6236=CARTESIAN_POINT('',(0.31,0.,-0.01));
#6237=CARTESIAN_POINT('',(0.3067,0.,-0.01));
#6238=CARTESIAN_POINT('',(0.01,0.,-0.21));
#6239=CARTESIAN_POINT('',(0.0067,0.,-0.21));
#6240=CARTESIAN_POINT('',(0.31,0.,-0.21));
#6241=CARTESIAN_POINT('',(0.3067,0.,-0.21));
#6242=CARTESIAN_POINT('',(0.01,0.,-0.01));
#6243=CARTESIAN_POINT('',(0.0067,0.,-0.01));
#6244=CARTESIAN_POINT('',(0.005,0.,-0.215));
#6245=CARTESIAN_POINT('',(0.315,0.,-0.215));
#6246=CARTESIAN_POINT('',(0.315,0.,-0.005));
#6247=CARTESIAN_POINT('',(0.005,0.,-0.005));
#6248=CARTESIAN_POINT('',(0.005,0.01,-0.215));
#6249=CARTESIAN_POINT('',(0.005,0.008,-0.215));
#6250=CARTESIAN_POINT('',(0.005,0.01,-0.005));
#6251=CARTESIAN_POINT('',(0.005,0.008,-0.005));
#6252=CARTESIAN_POINT('',(0.315,0.01,-0.005));
#6253=CARTESIAN_POINT('',(0.315,0.008,-0.005));
#6254=CARTESIAN_POINT('',(0.315,0.01,-0.215));
#6255=CARTESIAN_POINT('',(0.315,0.008,-0.215));
#6256=CARTESIAN_POINT('',(0.005,0.008,-0.215));
#6257=CARTESIAN_POINT('',(0.005,0.008,-0.218));
#6258=CARTESIAN_POINT('',(0.002,0.008,-0.215));
#6259=CARTESIAN_POINT('',(0.002,0.008,-0.11));
#6260=CARTESIAN_POINT('',(0.002,0.008,-0.005));
#6261=CARTESIAN_POINT('',(0.16,0.008,-0.218));
#6262=CARTESIAN_POINT('',(0.315,0.008,-0.218));
#6263=CARTESIAN_POINT('',(0.005,0.008,-0.005));
#6264=CARTESIAN_POINT('',(0.005,0.008,-0.002));
#6265=CARTESIAN_POINT('',(0.315,0.008,-0.215));
#6266=CARTESIAN_POINT('',(0.318,0.008,-0.215));
#6267=CARTESIAN_POINT('',(0.16,0.008,-0.002));
#6268=CARTESIAN_POINT('',(0.315,0.008,-0.002));
#6269=CARTESIAN_POINT('',(0.318,0.008,-0.11));
#6270=CARTESIAN_POINT('',(0.318,0.008,-0.005));
#6271=CARTESIAN_POINT('',(0.315,0.008,-0.005));
#6272=CARTESIAN_POINT('',(0.01,0.025,-0.01));
#6273=CARTESIAN_POINT('',(0.31,0.025,-0.21));
#6274=CARTESIAN_POINT('',(0.01,0.025,-0.21));
#6275=CARTESIAN_POINT('',(0.31,0.025,-0.01));
#6276=CARTESIAN_POINT('',(-0.00499999999999212,0.095032139317875,0.00499999999999963));
#6277=CARTESIAN_POINT('',(0.305,0.104966315807137,-0.005));
#6278=CARTESIAN_POINT('',(0.0205,0.089,-0.0495));
#6279=CARTESIAN_POINT('',(0.035,0.089,-0.0495));
#6280=CARTESIAN_POINT('',(0.035,0.064,-0.0495));
#6281=CARTESIAN_POINT('',(0.035,0.006,-0.0495));
#6282=CARTESIAN_POINT('',(0.0205,0.064,-0.0495));
#6283=CARTESIAN_POINT('',(0.0205,0.064,-0.035));
#6284=CARTESIAN_POINT('',(0.0205,0.089,-0.035));
#6285=CARTESIAN_POINT('',(0.0205,0.006,-0.035));
#6286=CARTESIAN_POINT('',(0.0205,0.006,-0.0495));
#6287=CARTESIAN_POINT('',(0.04025,0.089,-0.0495));
#6288=CARTESIAN_POINT('',(0.04025,0.064,-0.0495));
#6289=CARTESIAN_POINT('',(0.0455,0.064,-0.0495));
#6290=CARTESIAN_POINT('',(0.04025,0.006,-0.0495));
#6291=CARTESIAN_POINT('',(0.0455,0.006,-0.0495));
#6292=CARTESIAN_POINT('',(0.0455,0.089,-0.0495));
#6293=CARTESIAN_POINT('',(0.06,0.089,-0.0495));
#6294=CARTESIAN_POINT('',(0.0745,0.089,-0.0495));
#6295=CARTESIAN_POINT('',(0.0745,0.064,-0.0495));
#6296=CARTESIAN_POINT('',(0.0745,0.006,-0.0495));
#6297=CARTESIAN_POINT('',(0.06,0.064,-0.0495));
#6298=CARTESIAN_POINT('',(0.06,0.006,-0.0495));
#6299=CARTESIAN_POINT('',(0.0205,0.089,-0.0205));
#6300=CARTESIAN_POINT('',(0.0205,0.064,-0.0205));
#6301=CARTESIAN_POINT('',(0.035,0.064,-0.0205));
#6302=CARTESIAN_POINT('',(0.035,0.089,-0.0205));
#6303=CARTESIAN_POINT('',(0.035,0.006,-0.0205));
#6304=CARTESIAN_POINT('',(0.0205,0.006,-0.0205));
#6305=CARTESIAN_POINT('',(0.07975,0.089,-0.0495));
#6306=CARTESIAN_POINT('',(0.07975,0.064,-0.0495));
#6307=CARTESIAN_POINT('',(0.085,0.064,-0.0495));
#6308=CARTESIAN_POINT('',(0.07975,0.006,-0.0495));
#6309=CARTESIAN_POINT('',(0.085,0.006,-0.0495));
#6310=CARTESIAN_POINT('',(0.085,0.089,-0.0495));
#6311=CARTESIAN_POINT('',(0.0995,0.089,-0.0495));
#6312=CARTESIAN_POINT('',(0.0995,0.089,-0.035));
#6313=CARTESIAN_POINT('',(0.0995,0.064,-0.035));
#6314=CARTESIAN_POINT('',(0.0995,0.006,-0.035));
#6315=CARTESIAN_POINT('',(0.0995,0.064,-0.0495));
#6316=CARTESIAN_POINT('',(0.0995,0.006,-0.0495));
#6317=CARTESIAN_POINT('',(0.0995,0.089,-0.0205));
#6318=CARTESIAN_POINT('',(0.085,0.089,-0.0205));
#6319=CARTESIAN_POINT('',(0.085,0.064,-0.0205));
#6320=CARTESIAN_POINT('',(0.085,0.006,-0.0205));
#6321=CARTESIAN_POINT('',(0.0995,0.064,-0.0205));
#6322=CARTESIAN_POINT('',(0.0995,0.006,-0.0205));
#6323=CARTESIAN_POINT('',(0.06,0.089,-0.0205));
#6324=CARTESIAN_POINT('',(0.0455,0.089,-0.0205));
#6325=CARTESIAN_POINT('',(0.0455,0.064,-0.0205));
#6326=CARTESIAN_POINT('',(0.0455,0.006,-0.0205));
#6327=CARTESIAN_POINT('',(0.06,0.064,-0.0205));
#6328=CARTESIAN_POINT('',(0.0745,0.064,-0.0205));
#6329=CARTESIAN_POINT('',(0.0745,0.089,-0.0205));
#6330=CARTESIAN_POINT('',(0.0745,0.006,-0.0205));
#6331=CARTESIAN_POINT('',(0.06,0.006,-0.0205));
#6332=CARTESIAN_POINT('',(0.04025,0.089,-0.0205));
#6333=CARTESIAN_POINT('',(0.04025,0.064,-0.0205));
#6334=CARTESIAN_POINT('',(0.04025,0.006,-0.0205));
#6335=CARTESIAN_POINT('',(0.07975,0.089,-0.0205));
#6336=CARTESIAN_POINT('',(0.07975,0.064,-0.0205));
#6337=CARTESIAN_POINT('',(0.07975,0.006,-0.0205));
#6338=CARTESIAN_POINT('',(0.06,0.006,-0.035));
#6339=CARTESIAN_POINT('',(0.0205,0.006,-0.0205));
#6340=CARTESIAN_POINT('',(0.023,0.006,-0.0205));
#6341=CARTESIAN_POINT('',(0.06,0.006,-0.0205));
#6342=CARTESIAN_POINT('',(0.0625,0.006,-0.0205));
#6343=CARTESIAN_POINT('',(0.06,0.006,-0.0495));
#6344=CARTESIAN_POINT('',(0.0625,0.006,-0.0495));
#6345=CARTESIAN_POINT('',(0.0995,0.006,-0.0495));
#6346=CARTESIAN_POINT('',(0.102,0.006,-0.0495));
#6347=CARTESIAN_POINT('',(0.0995,0.006,-0.0205));
#6348=CARTESIAN_POINT('',(0.102,0.006,-0.0205));
#6349=CARTESIAN_POINT('',(0.0205,0.006,-0.0495));
#6350=CARTESIAN_POINT('',(0.023,0.006,-0.0495));
#6351=CARTESIAN_POINT('',(0.0205,0.007,-0.0495));
#6352=CARTESIAN_POINT('',(0.0205,0.007,-0.0495));
#6353=CARTESIAN_POINT('',(0.023,0.007,-0.0495));
#6354=CARTESIAN_POINT('',(0.06,0.007,-0.035));
#6355=CARTESIAN_POINT('',(0.0995,0.007,-0.0205));
#6356=CARTESIAN_POINT('',(0.0995,0.007,-0.0205));
#6357=CARTESIAN_POINT('',(0.102,0.007,-0.0205));
#6358=CARTESIAN_POINT('',(0.06,0.007,-0.035));
#6359=CARTESIAN_POINT('',(0.0995,0.007,-0.0495));
#6360=CARTESIAN_POINT('',(0.0995,0.007,-0.0495));
#6361=CARTESIAN_POINT('',(0.102,0.007,-0.0495));
#6362=CARTESIAN_POINT('',(0.06,0.007,-0.035));
#6363=CARTESIAN_POINT('',(0.06,0.007,-0.0495));
#6364=CARTESIAN_POINT('',(0.06,0.007,-0.0495));
#6365=CARTESIAN_POINT('',(0.0625,0.007,-0.0495));
#6366=CARTESIAN_POINT('',(0.06,0.007,-0.035));
#6367=CARTESIAN_POINT('',(0.06,0.007,-0.0205));
#6368=CARTESIAN_POINT('',(0.06,0.007,-0.0205));
#6369=CARTESIAN_POINT('',(0.0625,0.007,-0.0205));
#6370=CARTESIAN_POINT('',(0.06,0.007,-0.035));
#6371=CARTESIAN_POINT('',(0.0205,0.007,-0.0205));
#6372=CARTESIAN_POINT('',(0.0205,0.007,-0.0205));
#6373=CARTESIAN_POINT('',(0.023,0.007,-0.0205));
#6374=CARTESIAN_POINT('',(0.06,0.007,-0.035));
#6375=CARTESIAN_POINT('',(0.06,0.064,-0.035));
#6376=CARTESIAN_POINT('',(0.,0.064,-0.035));
#6377=CARTESIAN_POINT('',(0.,0.064,0.));
#6378=CARTESIAN_POINT('',(-1.38777878078145E-17,0.064,-0.07));
#6379=CARTESIAN_POINT('',(0.06,0.064,0.));
#6380=CARTESIAN_POINT('',(0.12,0.064,0.));
#6381=CARTESIAN_POINT('',(0.12,0.064,-0.035));
#6382=CARTESIAN_POINT('',(0.12,0.064,-0.07));
#6383=CARTESIAN_POINT('',(0.06,0.064,-0.07));
#6384=CARTESIAN_POINT('',(0.06,0.,-0.035));
#6385=CARTESIAN_POINT('',(0.,0.,-0.035));
#6386=CARTESIAN_POINT('',(0.,0.,0.));
#6387=CARTESIAN_POINT('',(-1.38777878078145E-17,0.,-0.07));
#6388=CARTESIAN_POINT('',(0.06,0.,-0.07));
#6389=CARTESIAN_POINT('',(0.12,0.,-0.07));
#6390=CARTESIAN_POINT('',(0.12,0.,-0.035));
#6391=CARTESIAN_POINT('',(0.12,0.,0.));
#6392=CARTESIAN_POINT('',(0.06,0.,0.));
#6393=CARTESIAN_POINT('',(0.06,0.089,-0.07));
#6394=CARTESIAN_POINT('',(-1.38777878078145E-17,0.089,-0.07));
#6395=CARTESIAN_POINT('',(0.12,0.089,-0.07));
#6396=CARTESIAN_POINT('',(0.12,0.089,-0.035));
#6397=CARTESIAN_POINT('',(0.12,0.089,0.));
#6398=CARTESIAN_POINT('',(0.06,0.089,0.));
#6399=CARTESIAN_POINT('',(0.,0.089,0.));
#6400=CARTESIAN_POINT('',(0.,0.089,-0.035));
#6401=CARTESIAN_POINT('',(0.17,0.008,-0.045));
#6402=CARTESIAN_POINT('',(0.02,0.008,-0.125));
#6403=CARTESIAN_POINT('',(0.02,0.008,-0.045));
#6404=CARTESIAN_POINT('',(0.17,0.008,-0.125));
#6405=CARTESIAN_POINT('',(0.16,0.095,-0.11));
#6406=CARTESIAN_POINT('',(0.31,0.095,-0.21));
#6407=CARTESIAN_POINT('',(0.31425,0.095,-0.21));
#6408=CARTESIAN_POINT('',(0.31,0.095,-0.01));
#6409=CARTESIAN_POINT('',(0.31425,0.095,-0.01));
#6410=CARTESIAN_POINT('',(0.01,0.095,-0.01));
#6411=CARTESIAN_POINT('',(0.01425,0.095,-0.01));
#6412=CARTESIAN_POINT('',(0.01,0.095,-0.21));
#6413=CARTESIAN_POINT('',(0.01425,0.095,-0.21));
#6414=CARTESIAN_POINT('',(0.16,0.095,-0.01));
#6415=CARTESIAN_POINT('',(0.016,0.095,-0.01));
#6416=CARTESIAN_POINT('',(0.304,0.095,-0.01));
#6417=CARTESIAN_POINT('',(0.01,0.095,-0.01));
#6418=CARTESIAN_POINT('',(0.01,0.095,-0.016));
#6419=CARTESIAN_POINT('',(0.01,0.095,-0.11));
#6420=CARTESIAN_POINT('',(0.01,0.095,-0.204));
#6421=CARTESIAN_POINT('',(0.01,0.095,-0.21));
#6422=CARTESIAN_POINT('',(0.016,0.095,-0.21));
#6423=CARTESIAN_POINT('',(0.16,0.095,-0.21));
#6424=CARTESIAN_POINT('',(0.304,0.095,-0.21));
#6425=CARTESIAN_POINT('',(0.31,0.095,-0.21));
#6426=CARTESIAN_POINT('',(0.31,0.095,-0.204));
#6427=CARTESIAN_POINT('',(0.31,0.095,-0.11));
#6428=CARTESIAN_POINT('',(0.31,0.095,-0.016));
#6429=CARTESIAN_POINT('',(0.31,0.095,-0.01));
#6430=CARTESIAN_POINT('',(0.16,0.095,-0.22));
#6431=CARTESIAN_POINT('',(0.005,0.095,-0.22));
#6432=CARTESIAN_POINT('',(0.315,0.095,-0.22));
#6433=CARTESIAN_POINT('',(0.005,0.095,-0.215));
#6434=CARTESIAN_POINT('',(0.,0.095,-0.215));
#6435=CARTESIAN_POINT('',(0.,0.095,-0.11));
#6436=CARTESIAN_POINT('',(0.,0.095,-0.005));
#6437=CARTESIAN_POINT('',(0.005,0.095,-0.005));
#6438=CARTESIAN_POINT('',(0.005,0.095,0.));
#6439=CARTESIAN_POINT('',(0.16,0.095,0.));
#6440=CARTESIAN_POINT('',(0.315,0.095,0.));
#6441=CARTESIAN_POINT('',(0.315,0.095,-0.005));
#6442=CARTESIAN_POINT('',(0.32,0.095,-0.005));
#6443=CARTESIAN_POINT('',(0.32,0.095,-0.11));
#6444=CARTESIAN_POINT('',(0.32,0.095,-0.215));
#6445=CARTESIAN_POINT('',(0.315,0.095,-0.215));
#6446=CARTESIAN_POINT('',(0.,0.095,-0.11));
#6447=CARTESIAN_POINT('',(0.,0.095,-0.215));
#6448=CARTESIAN_POINT('',(0.,0.,-0.215));
#6449=CARTESIAN_POINT('',(0.,0.,-0.11));
#6450=CARTESIAN_POINT('',(0.,0.,-0.005));
#6451=CARTESIAN_POINT('',(0.,0.095,-0.005));
#6452=CARTESIAN_POINT('',(0.16,0.095,0.));
#6453=CARTESIAN_POINT('',(0.16,0.,0.));
#6454=CARTESIAN_POINT('',(0.005,0.,0.));
#6455=CARTESIAN_POINT('',(0.315,0.,0.));
#6456=CARTESIAN_POINT('',(0.315,0.095,0.));
#6457=CARTESIAN_POINT('',(0.005,0.,0.));
#6458=CARTESIAN_POINT('',(0.32,0.095,-0.11));
#6459=CARTESIAN_POINT('',(0.32,0.,-0.11));
#6460=CARTESIAN_POINT('',(0.32,0.,-0.005));
#6461=CARTESIAN_POINT('',(0.32,0.,-0.215));
#6462=CARTESIAN_POINT('',(0.32,0.095,-0.215));
#6463=CARTESIAN_POINT('',(0.32,0.095,-0.005));
#6464=CARTESIAN_POINT('',(0.16,0.095,-0.22));
#6465=CARTESIAN_POINT('',(0.16,0.,-0.22));
#6466=CARTESIAN_POINT('',(0.005,0.,-0.22));
#6467=CARTESIAN_POINT('',(0.315,0.,-0.22));
#6468=CARTESIAN_POINT('',(0.005,0.095,-0.22));
#6469=CARTESIAN_POINT('',(0.315,0.,-0.22));
#6470=CARTESIAN_POINT('',(0.16,0.,-0.11));
#6471=CARTESIAN_POINT('',(0.005,0.,-0.215));
#6472=CARTESIAN_POINT('',(0.315,0.,-0.215));
#6473=CARTESIAN_POINT('',(0.315,0.,-0.005));
#6474=CARTESIAN_POINT('',(0.005,0.,-0.005));
#6475=CARTESIAN_POINT('',(0.01,0.006,-0.11));
#6476=CARTESIAN_POINT('',(0.01,0.006,-0.016));
#6477=CARTESIAN_POINT('',(0.01,0.006,-0.016));
#6478=CARTESIAN_POINT('',(0.01,0.006,-0.11));
#6479=CARTESIAN_POINT('',(0.01,0.006,-0.204));
#6480=CARTESIAN_POINT('',(0.01,0.006,-0.204));
#6481=CARTESIAN_POINT('',(0.16,0.006,-0.01));
#6482=CARTESIAN_POINT('',(0.304,0.006,-0.01));
#6483=CARTESIAN_POINT('',(0.304,0.006,-0.01));
#6484=CARTESIAN_POINT('',(0.16,0.006,-0.01));
#6485=CARTESIAN_POINT('',(0.016,0.006,-0.01));
#6486=CARTESIAN_POINT('',(0.016,0.006,-0.01));
#6487=CARTESIAN_POINT('',(0.31,0.006,-0.11));
#6488=CARTESIAN_POINT('',(0.31,0.006,-0.204));
#6489=CARTESIAN_POINT('',(0.31,0.006,-0.204));
#6490=CARTESIAN_POINT('',(0.31,0.006,-0.11));
#6491=CARTESIAN_POINT('',(0.31,0.006,-0.016));
#6492=CARTESIAN_POINT('',(0.31,0.006,-0.016));
#6493=CARTESIAN_POINT('',(0.16,0.006,-0.21));
#6494=CARTESIAN_POINT('',(0.304,0.006,-0.21));
#6495=CARTESIAN_POINT('',(0.304,0.006,-0.21));
#6496=CARTESIAN_POINT('',(0.016,0.006,-0.21));
#6497=CARTESIAN_POINT('',(0.016,0.006,-0.21));
#6498=CARTESIAN_POINT('',(0.16,0.006,-0.21));
#6499=CARTESIAN_POINT('',(0.16,0.006,-0.11));
#6500=CARTESIAN_POINT('',(0.235,0.006,-0.2));
#6501=CARTESIAN_POINT('',(0.175,0.006,-0.2));
#6502=CARTESIAN_POINT('',(0.295,0.006,-0.2));
#6503=CARTESIAN_POINT('',(0.295,0.006,-0.165));
#6504=CARTESIAN_POINT('',(0.295,0.006,-0.13));
#6505=CARTESIAN_POINT('',(0.235,0.006,-0.13));
#6506=CARTESIAN_POINT('',(0.175,0.006,-0.13));
#6507=CARTESIAN_POINT('',(0.175,0.006,-0.165));
#6508=CARTESIAN_POINT('',(0.085,0.006,-0.12));
#6509=CARTESIAN_POINT('',(0.025,0.006,-0.12));
#6510=CARTESIAN_POINT('',(0.145,0.006,-0.12));
#6511=CARTESIAN_POINT('',(0.145,0.006,-0.085));
#6512=CARTESIAN_POINT('',(0.145,0.006,-0.05));
#6513=CARTESIAN_POINT('',(0.085,0.006,-0.05));
#6514=CARTESIAN_POINT('',(0.025,0.006,-0.05));
#6515=CARTESIAN_POINT('',(0.025,0.006,-0.085));
#6516=CARTESIAN_POINT('',(0.235,0.006,-0.12));
#6517=CARTESIAN_POINT('',(0.175,0.006,-0.12));
#6518=CARTESIAN_POINT('',(0.295,0.006,-0.12));
#6519=CARTESIAN_POINT('',(0.295,0.006,-0.085));
#6520=CARTESIAN_POINT('',(0.295,0.006,-0.05));
#6521=CARTESIAN_POINT('',(0.235,0.006,-0.05));
#6522=CARTESIAN_POINT('',(0.175,0.006,-0.05));
#6523=CARTESIAN_POINT('',(0.175,0.006,-0.085));
#6524=CARTESIAN_POINT('',(0.085,0.006,-0.2));
#6525=CARTESIAN_POINT('',(0.025,0.006,-0.2));
#6526=CARTESIAN_POINT('',(0.145,0.006,-0.2));
#6527=CARTESIAN_POINT('',(0.145,0.006,-0.165));
#6528=CARTESIAN_POINT('',(0.145,0.006,-0.13));
#6529=CARTESIAN_POINT('',(0.085,0.006,-0.13));
#6530=CARTESIAN_POINT('',(0.025,0.006,-0.13));
#6531=CARTESIAN_POINT('',(0.025,0.006,-0.165));
#6532=CARTESIAN_POINT('',(0.31,0.006,-0.21));
#6533=CARTESIAN_POINT('',(0.01,0.006,-0.21));
#6534=CARTESIAN_POINT('',(0.01,0.006,-0.01));
#6535=CARTESIAN_POINT('',(0.31,0.006,-0.01));
#6536=CARTESIAN_POINT('',(0.01,0.006,-0.21));
#6537=CARTESIAN_POINT('',(0.31,0.006,-0.21));
#6538=CARTESIAN_POINT('',(0.31,0.006,-0.01));
#6539=CARTESIAN_POINT('',(0.01,0.006,-0.01));
#6540=CARTESIAN_POINT('',(0.005,0.095,-0.215));
#6541=CARTESIAN_POINT('',(0.315,0.095,-0.215));
#6542=CARTESIAN_POINT('',(0.315,0.095,-0.005));
#6543=CARTESIAN_POINT('',(0.005,0.095,-0.005));
#6544=CARTESIAN_POINT('',(0.01,0.065,-0.21));
#6545=CARTESIAN_POINT('',(0.01,0.065,-0.21));
#6546=CARTESIAN_POINT('',(0.01425,0.065,-0.21));
#6547=CARTESIAN_POINT('',(0.16,0.065,-0.11));
#6548=CARTESIAN_POINT('',(0.01,0.065,-0.01));
#6549=CARTESIAN_POINT('',(0.01,0.065,-0.01));
#6550=CARTESIAN_POINT('',(0.01425,0.065,-0.01));
#6551=CARTESIAN_POINT('',(0.16,0.065,-0.11));
#6552=CARTESIAN_POINT('',(0.31,0.065,-0.01));
#6553=CARTESIAN_POINT('',(0.31,0.065,-0.01));
#6554=CARTESIAN_POINT('',(0.31425,0.065,-0.01));
#6555=CARTESIAN_POINT('',(0.16,0.065,-0.11));
#6556=CARTESIAN_POINT('',(0.31,0.065,-0.21));
#6557=CARTESIAN_POINT('',(0.31,0.065,-0.21));
#6558=CARTESIAN_POINT('',(0.31425,0.065,-0.21));
#6559=CARTESIAN_POINT('',(0.16,0.065,-0.11));
#6560=CARTESIAN_POINT('',(0.085,0.008,-0.2));
#6561=CARTESIAN_POINT('',(0.025,0.008,-0.2));
#6562=CARTESIAN_POINT('',(0.025,0.008,-0.2));
#6563=CARTESIAN_POINT('',(0.085,0.008,-0.2));
#6564=CARTESIAN_POINT('',(0.145,0.008,-0.2));
#6565=CARTESIAN_POINT('',(0.145,0.008,-0.2));
#6566=CARTESIAN_POINT('',(0.025,0.008,-0.165));
#6567=CARTESIAN_POINT('',(0.025,0.008,-0.13));
#6568=CARTESIAN_POINT('',(0.025,0.008,-0.13));
#6569=CARTESIAN_POINT('',(0.025,0.008,-0.165));
#6570=CARTESIAN_POINT('',(0.085,0.008,-0.13));
#6571=CARTESIAN_POINT('',(0.145,0.008,-0.13));
#6572=CARTESIAN_POINT('',(0.145,0.008,-0.13));
#6573=CARTESIAN_POINT('',(0.085,0.008,-0.13));
#6574=CARTESIAN_POINT('',(0.145,0.008,-0.165));
#6575=CARTESIAN_POINT('',(0.145,0.008,-0.165));
#6576=CARTESIAN_POINT('',(0.16,0.008,-0.11));
#6577=CARTESIAN_POINT('',(0.235,0.008,-0.12));
#6578=CARTESIAN_POINT('',(0.175,0.008,-0.12));
#6579=CARTESIAN_POINT('',(0.175,0.008,-0.12));
#6580=CARTESIAN_POINT('',(0.235,0.008,-0.12));
#6581=CARTESIAN_POINT('',(0.295,0.008,-0.12));
#6582=CARTESIAN_POINT('',(0.295,0.008,-0.12));
#6583=CARTESIAN_POINT('',(0.175,0.008,-0.085));
#6584=CARTESIAN_POINT('',(0.175,0.008,-0.05));
#6585=CARTESIAN_POINT('',(0.175,0.008,-0.05));
#6586=CARTESIAN_POINT('',(0.175,0.008,-0.085));
#6587=CARTESIAN_POINT('',(0.235,0.008,-0.05));
#6588=CARTESIAN_POINT('',(0.295,0.008,-0.05));
#6589=CARTESIAN_POINT('',(0.295,0.008,-0.05));
#6590=CARTESIAN_POINT('',(0.235,0.008,-0.05));
#6591=CARTESIAN_POINT('',(0.295,0.008,-0.085));
#6592=CARTESIAN_POINT('',(0.295,0.008,-0.085));
#6593=CARTESIAN_POINT('',(0.16,0.008,-0.11));
#6594=CARTESIAN_POINT('',(0.085,0.008,-0.12));
#6595=CARTESIAN_POINT('',(0.025,0.008,-0.12));
#6596=CARTESIAN_POINT('',(0.025,0.008,-0.12));
#6597=CARTESIAN_POINT('',(0.085,0.008,-0.12));
#6598=CARTESIAN_POINT('',(0.145,0.008,-0.12));
#6599=CARTESIAN_POINT('',(0.145,0.008,-0.12));
#6600=CARTESIAN_POINT('',(0.025,0.008,-0.085));
#6601=CARTESIAN_POINT('',(0.025,0.008,-0.05));
#6602=CARTESIAN_POINT('',(0.025,0.008,-0.05));
#6603=CARTESIAN_POINT('',(0.025,0.008,-0.085));
#6604=CARTESIAN_POINT('',(0.085,0.008,-0.05));
#6605=CARTESIAN_POINT('',(0.145,0.008,-0.05));
#6606=CARTESIAN_POINT('',(0.145,0.008,-0.05));
#6607=CARTESIAN_POINT('',(0.085,0.008,-0.05));
#6608=CARTESIAN_POINT('',(0.145,0.008,-0.085));
#6609=CARTESIAN_POINT('',(0.145,0.008,-0.085));
#6610=CARTESIAN_POINT('',(0.16,0.008,-0.11));
#6611=CARTESIAN_POINT('',(0.235,0.008,-0.2));
#6612=CARTESIAN_POINT('',(0.175,0.008,-0.2));
#6613=CARTESIAN_POINT('',(0.175,0.008,-0.2));
#6614=CARTESIAN_POINT('',(0.235,0.008,-0.2));
#6615=CARTESIAN_POINT('',(0.295,0.008,-0.2));
#6616=CARTESIAN_POINT('',(0.295,0.008,-0.2));
#6617=CARTESIAN_POINT('',(0.175,0.008,-0.165));
#6618=CARTESIAN_POINT('',(0.175,0.008,-0.13));
#6619=CARTESIAN_POINT('',(0.175,0.008,-0.13));
#6620=CARTESIAN_POINT('',(0.175,0.008,-0.165));
#6621=CARTESIAN_POINT('',(0.235,0.008,-0.13));
#6622=CARTESIAN_POINT('',(0.295,0.008,-0.13));
#6623=CARTESIAN_POINT('',(0.295,0.008,-0.13));
#6624=CARTESIAN_POINT('',(0.235,0.008,-0.13));
#6625=CARTESIAN_POINT('',(0.295,0.008,-0.165));
#6626=CARTESIAN_POINT('',(0.295,0.008,-0.165));
#6627=CARTESIAN_POINT('',(0.16,0.008,-0.11));
#6628=CARTESIAN_POINT('',(-0.005,0.,0.005));
#6629=MECHANICAL_DESIGN_GEOMETRIC_PRESENTATION_REPRESENTATION('',(#2310,
#2311,#2312,#2313,#2314,#2315),#6630);
#6630=(
GEOMETRIC_REPRESENTATION_CONTEXT(3)
GLOBAL_UNCERTAINTY_ASSIGNED_CONTEXT((#6637))
GLOBAL_UNIT_ASSIGNED_CONTEXT((#6646,#6645,#6644))
REPRESENTATION_CONTEXT('Assembly 1','TOP_LEVEL_ASSEMBLY_PART')
);
#6631=(
GEOMETRIC_REPRESENTATION_CONTEXT(3)
GLOBAL_UNCERTAINTY_ASSIGNED_CONTEXT((#6638))
GLOBAL_UNIT_ASSIGNED_CONTEXT((#6646,#6645,#6644))
REPRESENTATION_CONTEXT('Part 1','COMPONENT_PART')
);
#6632=(
GEOMETRIC_REPRESENTATION_CONTEXT(3)
GLOBAL_UNCERTAINTY_ASSIGNED_CONTEXT((#6639))
GLOBAL_UNIT_ASSIGNED_CONTEXT((#6646,#6645,#6644))
REPRESENTATION_CONTEXT('Part 19','COMPONENT_PART')
);
#6633=(
GEOMETRIC_REPRESENTATION_CONTEXT(3)
GLOBAL_UNCERTAINTY_ASSIGNED_CONTEXT((#6640))
GLOBAL_UNIT_ASSIGNED_CONTEXT((#6646,#6645,#6644))
REPRESENTATION_CONTEXT('Part 1','COMPONENT_PART')
);
#6634=(
GEOMETRIC_REPRESENTATION_CONTEXT(3)
GLOBAL_UNCERTAINTY_ASSIGNED_CONTEXT((#6641))
GLOBAL_UNIT_ASSIGNED_CONTEXT((#6646,#6645,#6644))
REPRESENTATION_CONTEXT('Part 1','COMPONENT_PART')
);
#6635=(
GEOMETRIC_REPRESENTATION_CONTEXT(3)
GLOBAL_UNCERTAINTY_ASSIGNED_CONTEXT((#6642))
GLOBAL_UNIT_ASSIGNED_CONTEXT((#6646,#6645,#6644))
REPRESENTATION_CONTEXT('Part 1','COMPONENT_PART')
);
#6636=(
GEOMETRIC_REPRESENTATION_CONTEXT(3)
GLOBAL_UNCERTAINTY_ASSIGNED_CONTEXT((#6643))
GLOBAL_UNIT_ASSIGNED_CONTEXT((#6646,#6645,#6644))
REPRESENTATION_CONTEXT('Part 1','COMPONENT_PART')
);
#6637=UNCERTAINTY_MEASURE_WITH_UNIT(LENGTH_MEASURE(1.E-8),#6646,
'DISTANCE_ACCURACY_VALUE','Maximum Tolerance applied to model');
#6638=UNCERTAINTY_MEASURE_WITH_UNIT(LENGTH_MEASURE(1.E-8),#6646,
'DISTANCE_ACCURACY_VALUE','Maximum Tolerance applied to model');
#6639=UNCERTAINTY_MEASURE_WITH_UNIT(LENGTH_MEASURE(2.E-5),#6646,
'DISTANCE_ACCURACY_VALUE','Maximum Tolerance applied to model');
#6640=UNCERTAINTY_MEASURE_WITH_UNIT(LENGTH_MEASURE(1.E-8),#6646,
'DISTANCE_ACCURACY_VALUE','Maximum Tolerance applied to model');
#6641=UNCERTAINTY_MEASURE_WITH_UNIT(LENGTH_MEASURE(1.E-8),#6646,
'DISTANCE_ACCURACY_VALUE','Maximum Tolerance applied to model');
#6642=UNCERTAINTY_MEASURE_WITH_UNIT(LENGTH_MEASURE(1.E-8),#6646,
'DISTANCE_ACCURACY_VALUE','Maximum Tolerance applied to model');
#6643=UNCERTAINTY_MEASURE_WITH_UNIT(LENGTH_MEASURE(1.E-8),#6646,
'DISTANCE_ACCURACY_VALUE','Maximum Tolerance applied to model');
#6644=(
NAMED_UNIT(*)
SI_UNIT($,.STERADIAN.)
SOLID_ANGLE_UNIT()
);
#6645=(
NAMED_UNIT(*)
PLANE_ANGLE_UNIT()
SI_UNIT($,.RADIAN.)
);
#6646=(
LENGTH_UNIT()
NAMED_UNIT(*)
SI_UNIT($,.METRE.)
);
#6647=PRODUCT_DEFINITION_SHAPE('','',#6673);
#6648=PRODUCT_DEFINITION_SHAPE('','',#6674);
#6649=PRODUCT_DEFINITION_SHAPE(' ','NAUO PRDDFN',#414);
#6650=PRODUCT_DEFINITION_SHAPE('','',#6675);
#6651=PRODUCT_DEFINITION_SHAPE(' ','NAUO PRDDFN',#415);
#6652=PRODUCT_DEFINITION_SHAPE(' ','NAUO PRDDFN',#416);
#6653=PRODUCT_DEFINITION_SHAPE('','',#6676);
#6654=PRODUCT_DEFINITION_SHAPE(' ','NAUO PRDDFN',#417);
#6655=PRODUCT_DEFINITION_SHAPE(' ','NAUO PRDDFN',#418);
#6656=PRODUCT_DEFINITION_SHAPE(' ','NAUO PRDDFN',#419);
#6657=PRODUCT_DEFINITION_SHAPE(' ','NAUO PRDDFN',#420);
#6658=PRODUCT_DEFINITION_SHAPE(' ','NAUO PRDDFN',#421);
#6659=PRODUCT_DEFINITION_SHAPE(' ','NAUO PRDDFN',#422);
#6660=PRODUCT_DEFINITION_SHAPE(' ','NAUO PRDDFN',#423);
#6661=PRODUCT_DEFINITION_SHAPE(' ','NAUO PRDDFN',#424);
#6662=PRODUCT_DEFINITION_SHAPE(' ','NAUO PRDDFN',#425);
#6663=PRODUCT_DEFINITION_SHAPE('','',#6677);
#6664=PRODUCT_DEFINITION_SHAPE(' ','NAUO PRDDFN',#426);
#6665=PRODUCT_DEFINITION_SHAPE(' ','NAUO PRDDFN',#427);
#6666=PRODUCT_DEFINITION_SHAPE('','',#6678);
#6667=PRODUCT_DEFINITION_SHAPE(' ','NAUO PRDDFN',#428);
#6668=PRODUCT_DEFINITION_SHAPE(' ','NAUO PRDDFN',#429);
#6669=PRODUCT_DEFINITION_SHAPE(' ','NAUO PRDDFN',#430);
#6670=PRODUCT_DEFINITION_SHAPE(' ','NAUO PRDDFN',#431);
#6671=PRODUCT_DEFINITION_SHAPE('','',#6679);
#6672=PRODUCT_DEFINITION_SHAPE(' ','NAUO PRDDFN',#432);
#6673=PRODUCT_DEFINITION('','',#6687,#6680);
#6674=PRODUCT_DEFINITION('','',#6688,#6681);
#6675=PRODUCT_DEFINITION('','',#6689,#6682);
#6676=PRODUCT_DEFINITION('','',#6690,#6683);
#6677=PRODUCT_DEFINITION('','',#6691,#6684);
#6678=PRODUCT_DEFINITION('','',#6692,#6685);
#6679=PRODUCT_DEFINITION('','',#6693,#6686);
#6680=PRODUCT_DEFINITION_CONTEXT('',#6723,'design');
#6681=PRODUCT_DEFINITION_CONTEXT('',#6723,'design');
#6682=PRODUCT_DEFINITION_CONTEXT('',#6723,'design');
#6683=PRODUCT_DEFINITION_CONTEXT('',#6723,'design');
#6684=PRODUCT_DEFINITION_CONTEXT('',#6723,'design');
#6685=PRODUCT_DEFINITION_CONTEXT('',#6723,'design');
#6686=PRODUCT_DEFINITION_CONTEXT('',#6723,'design');
#6687=PRODUCT_DEFINITION_FORMATION_WITH_SPECIFIED_SOURCE('','',#6701,
 .NOT_KNOWN.);
#6688=PRODUCT_DEFINITION_FORMATION_WITH_SPECIFIED_SOURCE('','',#6702,
 .NOT_KNOWN.);
#6689=PRODUCT_DEFINITION_FORMATION_WITH_SPECIFIED_SOURCE('','',#6703,
 .NOT_KNOWN.);
#6690=PRODUCT_DEFINITION_FORMATION_WITH_SPECIFIED_SOURCE('','',#6704,
 .NOT_KNOWN.);
#6691=PRODUCT_DEFINITION_FORMATION_WITH_SPECIFIED_SOURCE('','',#6705,
 .NOT_KNOWN.);
#6692=PRODUCT_DEFINITION_FORMATION_WITH_SPECIFIED_SOURCE('','',#6706,
 .NOT_KNOWN.);
#6693=PRODUCT_DEFINITION_FORMATION_WITH_SPECIFIED_SOURCE('','',#6707,
 .NOT_KNOWN.);
#6694=PRODUCT_RELATED_PRODUCT_CATEGORY('','',(#6701));
#6695=PRODUCT_RELATED_PRODUCT_CATEGORY('','',(#6702));
#6696=PRODUCT_RELATED_PRODUCT_CATEGORY('','',(#6703));
#6697=PRODUCT_RELATED_PRODUCT_CATEGORY('','',(#6704));
#6698=PRODUCT_RELATED_PRODUCT_CATEGORY('','',(#6705));
#6699=PRODUCT_RELATED_PRODUCT_CATEGORY('','',(#6706));
#6700=PRODUCT_RELATED_PRODUCT_CATEGORY('','',(#6707));
#6701=PRODUCT('Assembly 1','Assembly 1','Assembly 1',(#6715));
#6702=PRODUCT('Part 1','Part 1','Part 1',(#6716));
#6703=PRODUCT('Part 19','Part 19','Part 19',(#6717));
#6704=PRODUCT('Part 1','Part 1','Part 1',(#6718));
#6705=PRODUCT('Part 1','Part 1','Part 1',(#6719));
#6706=PRODUCT('Part 1','Part 1','Part 1',(#6720));
#6707=PRODUCT('Part 1','Part 1','Part 1',(#6721));
#6708=PRODUCT_CATEGORY('','');
#6709=PRODUCT_CATEGORY('','');
#6710=PRODUCT_CATEGORY('','');
#6711=PRODUCT_CATEGORY('','');
#6712=PRODUCT_CATEGORY('','');
#6713=PRODUCT_CATEGORY('','');
#6714=PRODUCT_CATEGORY('','');
#6715=PRODUCT_CONTEXT('',#6723,'mechanical');
#6716=PRODUCT_CONTEXT('',#6723,'mechanical');
#6717=PRODUCT_CONTEXT('',#6723,'mechanical');
#6718=PRODUCT_CONTEXT('',#6723,'mechanical');
#6719=PRODUCT_CONTEXT('',#6723,'mechanical');
#6720=PRODUCT_CONTEXT('',#6723,'mechanical');
#6721=PRODUCT_CONTEXT('',#6723,'mechanical');
#6722=APPLICATION_PROTOCOL_DEFINITION('international standard',
'ap242_managed_model_based_3d_engineering',2020,#6723);
#6723=APPLICATION_CONTEXT('managed model based 3d engineering');
ENDSEC;
END-ISO-10303-21;
